#
# There is insufficient memory for the Java Runtime Environment to continue.
# Native memory allocation (mmap) failed to map 285212672 bytes. Error detail: G1 virtual space
# Possible reasons:
#   The system is out of physical RAM or swap space
#   This process is running with CompressedOops enabled, and the Java Heap may be blocking the growth of the native heap
# Possible solutions:
#   Reduce memory load on the system
#   Increase physical memory or swap space
#   Check if swap backing store is full
#   Decrease Java heap size (-Xmx/-Xms)
#   Decrease number of Java threads
#   Decrease Java thread stack sizes (-Xss)
#   Set larger code cache with -XX:ReservedCodeCacheSize=
#   JVM is running with Zero Based Compressed Oops mode in which the Java heap is
#     placed in the first 32GB address space. The Java Heap base address is the
#     maximum limit for the native heap growth. Please use -XX:HeapBaseMinAddress
#     to set the Java Heap base and to place the Java Heap above 32GB virtual address.
# This output file may be truncated or incomplete.
#
#  Out of Memory Error (os_windows.cpp:3714), pid=38188, tid=19012
#
# JRE version: OpenJDK Runtime Environment Temurin-21.0.11+10 (21.0.11+10) (build 21.0.11+10-LTS)
# Java VM: OpenJDK 64-Bit Server VM Temurin-21.0.11+10 (21.0.11+10-LTS, mixed mode, sharing, tiered, compressed oops, compressed class ptrs, g1 gc, windows-amd64)
# No core dump will be written. Minidumps are not enabled by default on client versions of Windows
#

---------------  S U M M A R Y ------------

Command Line: --module-path=C:\Users\LENOVO\.m2\repository\org\openjfx\javafx-base\17.0.2\javafx-base-17.0.2-win.jar;C:\Users\LENOVO\.m2\repository\org\openjfx\javafx-base\17.0.2\javafx-base-17.0.2.jar;C:\Users\LENOVO\.m2\repository\org\openjfx\javafx-controls\17.0.2\javafx-controls-17.0.2-win.jar;C:\Users\LENOVO\.m2\repository\org\openjfx\javafx-controls\17.0.2\javafx-controls-17.0.2.jar;C:\Users\LENOVO\.m2\repository\org\openjfx\javafx-fxml\17.0.2\javafx-fxml-17.0.2-win.jar;C:\Users\LENOVO\.m2\repository\org\openjfx\javafx-graphics\17.0.2\javafx-graphics-17.0.2-win.jar;C:\Users\LENOVO\.m2\repository\org\openjfx\javafx-graphics\17.0.2\javafx-graphics-17.0.2.jar;C:\Users\LENOVO\.m2\repository\org\openjfx\javafx-media\17.0.2\javafx-media-17.0.2-win.jar;C:\Users\LENOVO\.m2\repository\org\openjfx\javafx-media\17.0.2\javafx-media-17.0.2.jar;C:\Users\LENOVO\.m2\repository\org\openjfx\javafx-swing\17.0.2\javafx-swing-17.0.2-win.jar;C:\Users\LENOVO\.m2\repository\org\openjfx\javafx-swing\17.0.2\javafx-swing-17.0.2.jar;C:\Users\LENOVO\.m2\repository\org\openjfx\javafx-web\17.0.2\javafx-web-17.0.2-win.jar;C:\Users\LENOVO\.m2\repository\org\openjfx\javafx-web\17.0.2\javafx-web-17.0.2.jar --add-modules=javafx.base,javafx.controls,javafx.fxml,javafx.graphics,javafx.media,javafx.swing,javafx.web com.wellcare.Main

Host: AMD Ryzen 5 5600H with Radeon Graphics         , 12 cores, 13G,  Windows 11 , 64 bit Build 26100 (10.0.26100.8246)
Time: Thu May  7 00:17:21 2026 Afr. centrale Ouest elapsed time: 48.362636 seconds (0d 0h 0m 48s)

---------------  T H R E A D  ---------------

Current thread (0x0000025a402ad200):  VMThread "VM Thread"          [id=19012, stack(0x000000c1fac00000,0x000000c1fad00000) (1024K)]

Stack: [0x000000c1fac00000,0x000000c1fad00000]
Native frames: (J=compiled Java code, j=interpreted, Vv=VM code, C=native code)
V  [jvm.dll+0x6d7e19]
V  [jvm.dll+0x8b5096]
V  [jvm.dll+0x8b764e]
V  [jvm.dll+0x8b7d33]
V  [jvm.dll+0x284596]
V  [jvm.dll+0x6d4735]
V  [jvm.dll+0x6c845a]
V  [jvm.dll+0x35ef08]
V  [jvm.dll+0x366b46]
V  [jvm.dll+0x3b7c2e]
V  [jvm.dll+0x3b7ed8]
V  [jvm.dll+0x33310c]
V  [jvm.dll+0x333197]
V  [jvm.dll+0x376f6c]
V  [jvm.dll+0x37570e]
V  [jvm.dll+0x332851]
V  [jvm.dll+0x374d7a]
V  [jvm.dll+0x8bda20]
V  [jvm.dll+0x8bed94]
V  [jvm.dll+0x8bf2c0]
V  [jvm.dll+0x8bf563]
V  [jvm.dll+0x85fb0d]
V  [jvm.dll+0x6d664d]
C  [ucrtbase.dll+0x37b0]
C  [KERNEL32.DLL+0x2e8d7]
C  [ntdll.dll+0x8c3fc]

VM_Operation (0x000000c1fb6fc190): G1CollectForAllocation, mode: safepoint, requested by thread 0x0000025a40cc4c80


---------------  P R O C E S S  ---------------

Threads class SMR info:
_java_thread_list=0x0000025a8c447df0, length=89, elements={
0x0000025a1f375cf0, 0x0000025a402cb620, 0x0000025a402cdda0, 0x0000025a402d18e0,
0x0000025a402d2f60, 0x0000025a402d35d0, 0x0000025a402dd690, 0x0000025a402ea460,
0x0000025a402eeb20, 0x0000025a403f9100, 0x0000025a40686730, 0x0000025a40cc4c80,
0x0000025a40d52ff0, 0x0000025a40d81ee0, 0x0000025a8acecf30, 0x0000025a8acf21c0,
0x0000025a8ae8c880, 0x0000025a8b3a7050, 0x0000025a8b3a7ed0, 0x0000025a8c47aa10,
0x0000025a8c4782b0, 0x0000025a8c479cf0, 0x0000025a8c478940, 0x0000025a8c479660,
0x0000025a8c47b0a0, 0x0000025a8c47a380, 0x0000025a8c477c20, 0x0000025ad9a136f0,
0x0000025ad9a14aa0, 0x0000025ad9a13d80, 0x0000025ad9a129d0, 0x0000025ad9a12340,
0x0000025ad9a13060, 0x0000025ad9a14410, 0x0000025ad9a11620, 0x0000025ad9a15130,
0x0000025ad9a11cb0, 0x0000025ad9a18c40, 0x0000025ad9a16b70, 0x0000025ad9a185b0,
0x0000025ad9a17200, 0x0000025ad9a17f20, 0x0000025ad9a15e50, 0x0000025ad9a157c0,
0x0000025ad9a17890, 0x0000025ae63d4310, 0x0000025ae63d5030, 0x0000025ae63d56c0,
0x0000025ae39ff750, 0x0000025ae3a00470, 0x0000025ae3a00b00, 0x0000025ae3a01190,
0x0000025ae3a01820, 0x0000025ad969aa30, 0x0000025ae3a02540, 0x0000025ae3a01eb0,
0x0000025ae39ff0c0, 0x0000025ae3a02bd0, 0x0000025ae3a03260, 0x0000025ae39ffde0,
0x0000025ae3a04610, 0x0000025ae63ce730, 0x0000025ae63cfae0, 0x0000025ae63d1520,
0x0000025ae63d0170, 0x0000025ae63d1bb0, 0x0000025ae63d0800, 0x0000025ae63cf450,
0x0000025ae63d0e90, 0x0000025a8b1915e0, 0x0000025ae63ce0a0, 0x0000025ae63d2240,
0x0000025ae63cedc0, 0x0000025ae63d28d0, 0x0000025ae63d49a0, 0x0000025ae63d3c80,
0x0000025ae63d2f60, 0x0000025ae63d35f0, 0x0000025ae3a059c0, 0x0000025ae3a04ca0,
0x0000025ae3a038f0, 0x0000025ae3a05330, 0x0000025ae3a03f80, 0x0000025ae3a06050,
0x0000025ad9a164e0, 0x0000025ada5b3540, 0x0000025ada5b48f0, 0x0000025ada5b5610,
0x0000025ada5b4f80
}

Java Threads: ( => current thread )
  0x0000025a1f375cf0 JavaThread "main"                              [_thread_blocked, id=44468, stack(0x000000c1fa500000,0x000000c1fa600000) (1024K)]
  0x0000025a402cb620 JavaThread "Reference Handler"          daemon [_thread_blocked, id=34104, stack(0x000000c1fad00000,0x000000c1fae00000) (1024K)]
  0x0000025a402cdda0 JavaThread "Finalizer"                  daemon [_thread_blocked, id=24960, stack(0x000000c1fae00000,0x000000c1faf00000) (1024K)]
  0x0000025a402d18e0 JavaThread "Signal Dispatcher"          daemon [_thread_blocked, id=46028, stack(0x000000c1faf00000,0x000000c1fb000000) (1024K)]
  0x0000025a402d2f60 JavaThread "Attach Listener"            daemon [_thread_blocked, id=5272, stack(0x000000c1fb000000,0x000000c1fb100000) (1024K)]
  0x0000025a402d35d0 JavaThread "Service Thread"             daemon [_thread_blocked, id=45448, stack(0x000000c1fb100000,0x000000c1fb200000) (1024K)]
  0x0000025a402dd690 JavaThread "Monitor Deflation Thread"   daemon [_thread_blocked, id=18260, stack(0x000000c1fb200000,0x000000c1fb300000) (1024K)]
  0x0000025a402ea460 JavaThread "C2 CompilerThread0"         daemon [_thread_blocked, id=31200, stack(0x000000c1fb300000,0x000000c1fb400000) (1024K)]
  0x0000025a402eeb20 JavaThread "C1 CompilerThread0"         daemon [_thread_blocked, id=37984, stack(0x000000c1fb400000,0x000000c1fb500000) (1024K)]
  0x0000025a403f9100 JavaThread "Common-Cleaner"             daemon [_thread_blocked, id=42072, stack(0x000000c1fb500000,0x000000c1fb600000) (1024K)]
  0x0000025a40686730 JavaThread "Notification Thread"        daemon [_thread_blocked, id=32352, stack(0x000000c1fb800000,0x000000c1fb900000) (1024K)]
  0x0000025a40cc4c80 JavaThread "QuantumRenderer-0"          daemon [_thread_blocked, id=38360, stack(0x000000c1fb600000,0x000000c1fb700000) (1024K)]
  0x0000025a40d52ff0 JavaThread "InvokeLaterDispatcher"      daemon [_thread_blocked, id=42432, stack(0x000000c1fba00000,0x000000c1fbb00000) (1024K)]
  0x0000025a40d81ee0 JavaThread "JavaFX Application Thread"         [_thread_blocked, id=37484, stack(0x000000c1fbb00000,0x000000c1fbc00000) (1024K)]
  0x0000025a8acecf30 JavaThread "JavaFX-Launcher"                   [_thread_blocked, id=43468, stack(0x000000c1fc500000,0x000000c1fc600000) (1024K)]
  0x0000025a8acf21c0 JavaThread "Thread-2"                   daemon [_thread_blocked, id=43452, stack(0x000000c1fc400000,0x000000c1fc500000) (1024K)]
  0x0000025a8ae8c880 JavaThread "mysql-cj-abandoned-connection-cleanup" daemon [_thread_blocked, id=43812, stack(0x000000c1fcb00000,0x000000c1fcc00000) (1024K)]
  0x0000025a8b3a7050 JavaThread "HttpClient-1-SelectorManager" daemon [_thread_in_native, id=42128, stack(0x000000c1fcc00000,0x000000c1fcd00000) (1024K)]
  0x0000025a8b3a7ed0 JavaThread "HttpClient-2-SelectorManager" daemon [_thread_in_native, id=45180, stack(0x000000c1fcd00000,0x000000c1fce00000) (1024K)]
  0x0000025a8c47aa10 JavaThread "Prism Font Disposer"        daemon [_thread_blocked, id=25924, stack(0x000000c1fd500000,0x000000c1fd600000) (1024K)]
  0x0000025a8c4782b0 JavaThread "Cleaner-0"                  daemon [_thread_blocked, id=41252, stack(0x000000c1fd800000,0x000000c1fd900000) (1024K)]
  0x0000025a8c479cf0 JavaThread "HttpClient-3-SelectorManager" daemon [_thread_in_native, id=42248, stack(0x000000c1fd900000,0x000000c1fda00000) (1024K)]
  0x0000025a8c478940 JavaThread "HttpClient-4-SelectorManager" daemon [_thread_in_native, id=28584, stack(0x000000c1fdf00000,0x000000c1fe000000) (1024K)]
  0x0000025a8c479660 JavaThread "Disposer"                   daemon [_thread_blocked, id=3284, stack(0x000000c1fde00000,0x000000c1fdf00000) (1024K)]
  0x0000025a8c47b0a0 JavaThread "HttpClient-5-SelectorManager" daemon [_thread_in_native, id=45800, stack(0x000000c1fe200000,0x000000c1fe300000) (1024K)]
  0x0000025a8c47a380 JavaThread "URL-Loader-1"               daemon [_thread_blocked, id=42568, stack(0x000000c1fe300000,0x000000c1fe400000) (1024K)]
  0x0000025a8c477c20 JavaThread "URL-Loader-2"               daemon [_thread_blocked, id=41812, stack(0x000000c1fe400000,0x000000c1fe500000) (1024K)]
  0x0000025ad9a136f0 JavaThread "URL-Loader-3"               daemon [_thread_blocked, id=42508, stack(0x000000c1fe500000,0x000000c1fe600000) (1024K)]
  0x0000025ad9a14aa0 JavaThread "URL-Loader-4"               daemon [_thread_blocked, id=32224, stack(0x000000c1fe600000,0x000000c1fe700000) (1024K)]
  0x0000025ad9a13d80 JavaThread "URL-Loader-5"               daemon [_thread_blocked, id=32660, stack(0x000000c1fe700000,0x000000c1fe800000) (1024K)]
  0x0000025ad9a129d0 JavaThread "URL-Loader-6"               daemon [_thread_blocked, id=41828, stack(0x000000c1fe800000,0x000000c1fe900000) (1024K)]
  0x0000025ad9a12340 JavaThread "URL-Loader-7"               daemon [_thread_blocked, id=36452, stack(0x000000c1fe900000,0x000000c1fea00000) (1024K)]
  0x0000025ad9a13060 JavaThread "URL-Loader-8"               daemon [_thread_blocked, id=18860, stack(0x000000c1fea00000,0x000000c1feb00000) (1024K)]
  0x0000025ad9a14410 JavaThread "URL-Loader-9"               daemon [_thread_blocked, id=41556, stack(0x000000c1feb00000,0x000000c1fec00000) (1024K)]
  0x0000025ad9a11620 JavaThread "URL-Loader-10"              daemon [_thread_blocked, id=40160, stack(0x000000c1fec00000,0x000000c1fed00000) (1024K)]
  0x0000025ad9a15130 JavaThread "URL-Loader-11"              daemon [_thread_blocked, id=31704, stack(0x000000c1fed00000,0x000000c1fee00000) (1024K)]
  0x0000025ad9a11cb0 JavaThread "URL-Loader-12"              daemon [_thread_blocked, id=41136, stack(0x000000c1fee00000,0x000000c1fef00000) (1024K)]
  0x0000025ad9a18c40 JavaThread "URL-Loader-13"              daemon [_thread_blocked, id=28208, stack(0x000000c1fef00000,0x000000c1ff000000) (1024K)]
  0x0000025ad9a16b70 JavaThread "URL-Loader-14"              daemon [_thread_blocked, id=40332, stack(0x000000c1ff000000,0x000000c1ff100000) (1024K)]
  0x0000025ad9a185b0 JavaThread "URL-Loader-15"              daemon [_thread_blocked, id=27212, stack(0x000000c1ff100000,0x000000c1ff200000) (1024K)]
  0x0000025ad9a17200 JavaThread "URL-Loader-16"              daemon [_thread_blocked, id=43848, stack(0x000000c1ff200000,0x000000c1ff300000) (1024K)]
  0x0000025ad9a17f20 JavaThread "URL-Loader-17"              daemon [_thread_blocked, id=43804, stack(0x000000c1ff300000,0x000000c1ff400000) (1024K)]
  0x0000025ad9a15e50 JavaThread "URL-Loader-18"              daemon [_thread_blocked, id=40724, stack(0x000000c1ff400000,0x000000c1ff500000) (1024K)]
  0x0000025ad9a157c0 JavaThread "URL-Loader-19"              daemon [_thread_blocked, id=29620, stack(0x000000c1ff500000,0x000000c1ff600000) (1024K)]
  0x0000025ad9a17890 JavaThread "URL-Loader-20"              daemon [_thread_blocked, id=14284, stack(0x000000c1ff600000,0x000000c1ff700000) (1024K)]
  0x0000025ae63d4310 JavaThread "Thread-24"                  daemon [_thread_in_native, id=28976, stack(0x000000c181400000,0x000000c181500000) (1024K)]
  0x0000025ae63d5030 JavaThread "Thread-25"                  daemon [_thread_in_native, id=44084, stack(0x000000c181500000,0x000000c181600000) (1024K)]
  0x0000025ae63d56c0 JavaThread "Thread-26"                  daemon [_thread_in_native, id=39064, stack(0x000000c181600000,0x000000c181700000) (1024K)]
  0x0000025ae39ff750 JavaThread "Thread-27"                  daemon [_thread_in_native, id=36088, stack(0x000000c181700000,0x000000c181800000) (1024K)]
  0x0000025ae3a00470 JavaThread "Thread-28"                  daemon [_thread_in_native, id=39628, stack(0x000000c181800000,0x000000c181900000) (1024K)]
  0x0000025ae3a00b00 JavaThread "Thread-29"                  daemon [_thread_in_native, id=4876, stack(0x000000c181900000,0x000000c181a00000) (1024K)]
  0x0000025ae3a01190 JavaThread "Thread-30"                  daemon [_thread_in_native, id=45588, stack(0x000000c181a00000,0x000000c181b00000) (1024K)]
  0x0000025ae3a01820 JavaThread "Thread-31"                  daemon [_thread_in_native, id=45864, stack(0x000000c181b00000,0x000000c181c00000) (1024K)]
  0x0000025ad969aa30 JavaThread "C2 CompilerThread1"         daemon [_thread_blocked, id=22088, stack(0x000000c181c00000,0x000000c181d00000) (1024K)]
  0x0000025ae3a02540 JavaThread "Thread-32"                  daemon [_thread_in_native, id=35432, stack(0x000000c180000000,0x000000c180100000) (1024K)]
  0x0000025ae3a01eb0 JavaThread "Thread-33"                  daemon [_thread_in_native, id=43824, stack(0x000000c180100000,0x000000c180200000) (1024K)]
  0x0000025ae39ff0c0 JavaThread "Thread-34"                  daemon [_thread_in_native, id=40532, stack(0x000000c180200000,0x000000c180300000) (1024K)]
  0x0000025ae3a02bd0 JavaThread "Thread-35"                  daemon [_thread_in_native, id=31880, stack(0x000000c180300000,0x000000c180400000) (1024K)]
  0x0000025ae3a03260 JavaThread "Thread-36"                  daemon [_thread_in_native, id=37024, stack(0x000000c180400000,0x000000c180500000) (1024K)]
  0x0000025ae39ffde0 JavaThread "Thread-37"                  daemon [_thread_blocked, id=4896, stack(0x000000c180500000,0x000000c180600000) (1024K)]
  0x0000025ae3a04610 JavaThread "Thread-38"                  daemon [_thread_blocked, id=36836, stack(0x000000c180600000,0x000000c180700000) (1024K)]
  0x0000025ae63ce730 JavaThread "Thread-39"                  daemon [_thread_in_native, id=45508, stack(0x000000c180700000,0x000000c180800000) (1024K)]
  0x0000025ae63cfae0 JavaThread "Thread-40"                  daemon [_thread_in_native, id=40748, stack(0x000000c180800000,0x000000c180900000) (1024K)]
  0x0000025ae63d1520 JavaThread "Thread-41"                  daemon [_thread_blocked, id=38040, stack(0x000000c180900000,0x000000c180a00000) (1024K)]
  0x0000025ae63d0170 JavaThread "Thread-42"                  daemon [_thread_in_native, id=44512, stack(0x000000c180a00000,0x000000c180b00000) (1024K)]
  0x0000025ae63d1bb0 JavaThread "Thread-43"                  daemon [_thread_in_native, id=37704, stack(0x000000c180b00000,0x000000c180c00000) (1024K)]
  0x0000025ae63d0800 JavaThread "Thread-44"                  daemon [_thread_in_native, id=24100, stack(0x000000c180c00000,0x000000c180d00000) (1024K)]
  0x0000025ae63cf450 JavaThread "Thread-45"                  daemon [_thread_in_native, id=33072, stack(0x000000c180d00000,0x000000c180e00000) (1024K)]
  0x0000025ae63d0e90 JavaThread "Thread-46"                  daemon [_thread_blocked, id=44196, stack(0x000000c180e00000,0x000000c180f00000) (1024K)]
  0x0000025a8b1915e0 JavaThread "C2 CompilerThread2"         daemon [_thread_blocked, id=38112, stack(0x000000c180f00000,0x000000c181000000) (1024K)]
  0x0000025ae63ce0a0 JavaThread "Thread-47"                  daemon [_thread_blocked, id=23172, stack(0x000000c181000000,0x000000c181100000) (1024K)]
  0x0000025ae63d2240 JavaThread "Thread-48"                  daemon [_thread_blocked, id=37632, stack(0x000000c181100000,0x000000c181200000) (1024K)]
  0x0000025ae63cedc0 JavaThread "Thread-49"                  daemon [_thread_blocked, id=45184, stack(0x000000c181200000,0x000000c181300000) (1024K)]
  0x0000025ae63d28d0 JavaThread "Thread-50"                  daemon [_thread_in_native, id=30564, stack(0x000000c181d00000,0x000000c181e00000) (1024K)]
  0x0000025ae63d49a0 JavaThread "Thread-51"                  daemon [_thread_blocked, id=32024, stack(0x000000c181e00000,0x000000c181f00000) (1024K)]
  0x0000025ae63d3c80 JavaThread "Thread-52"                  daemon [_thread_blocked, id=18556, stack(0x000000c181f00000,0x000000c182000000) (1024K)]
  0x0000025ae63d2f60 JavaThread "Thread-53"                  daemon [_thread_blocked, id=24000, stack(0x000000c182000000,0x000000c182100000) (1024K)]
  0x0000025ae63d35f0 JavaThread "Thread-54"                  daemon [_thread_blocked, id=42732, stack(0x000000c182100000,0x000000c182200000) (1024K)]
  0x0000025ae3a059c0 JavaThread "Thread-55"                  daemon [_thread_blocked, id=42468, stack(0x000000c182200000,0x000000c182300000) (1024K)]
  0x0000025ae3a04ca0 JavaThread "Thread-56"                  daemon [_thread_blocked, id=14972, stack(0x000000c182300000,0x000000c182400000) (1024K)]
  0x0000025ae3a038f0 JavaThread "Thread-57"                  daemon [_thread_blocked, id=28856, stack(0x000000c182400000,0x000000c182500000) (1024K)]
  0x0000025ae3a05330 JavaThread "Thread-58"                  daemon [_thread_blocked, id=44868, stack(0x000000c182500000,0x000000c182600000) (1024K)]
  0x0000025ae3a03f80 JavaThread "Thread-59"                  daemon [_thread_blocked, id=36860, stack(0x000000c182600000,0x000000c182700000) (1024K)]
  0x0000025ae3a06050 JavaThread "Thread-60"                  daemon [_thread_blocked, id=42476, stack(0x000000c182700000,0x000000c182800000) (1024K)]
  0x0000025ad9a164e0 JavaThread "Thread-61"                  daemon [_thread_blocked, id=43876, stack(0x000000c182800000,0x000000c182900000) (1024K)]
  0x0000025ada5b3540 JavaThread "Thread-62"                  daemon [_thread_blocked, id=39312, stack(0x000000c182900000,0x000000c182a00000) (1024K)]
  0x0000025ada5b48f0 JavaThread "Thread-63"                  daemon [_thread_blocked, id=45624, stack(0x000000c182a00000,0x000000c182b00000) (1024K)]
  0x0000025ada5b5610 JavaThread "Thread-64"                  daemon [_thread_blocked, id=15376, stack(0x000000c182b00000,0x000000c182c00000) (1024K)]
  0x0000025ada5b4f80 JavaThread "Thread-65"                  daemon [_thread_in_native, id=42820, stack(0x000000c182c00000,0x000000c182d00000) (1024K)]
Total: 89

Other Threads:
=>0x0000025a402ad200 VMThread "VM Thread"                           [id=19012, stack(0x000000c1fac00000,0x000000c1fad00000) (1024K)]
  0x0000025a4029aa90 WatcherThread "VM Periodic Task Thread"        [id=15972, stack(0x000000c1fab00000,0x000000c1fac00000) (1024K)]
  0x0000025a1f3d4520 WorkerThread "GC Thread#0"                     [id=9420, stack(0x000000c1fa600000,0x000000c1fa700000) (1024K)]
  0x0000025a8acf36e0 WorkerThread "GC Thread#1"                     [id=39800, stack(0x000000c1fc600000,0x000000c1fc700000) (1024K)]
  0x0000025a8acf3ea0 WorkerThread "GC Thread#2"                     [id=35560, stack(0x000000c1fc700000,0x000000c1fc800000) (1024K)]
  0x0000025a8ace37a0 WorkerThread "GC Thread#3"                     [id=10764, stack(0x000000c1fc800000,0x000000c1fc900000) (1024K)]
  0x0000025a8ace3b50 WorkerThread "GC Thread#4"                     [id=27540, stack(0x000000c1fc900000,0x000000c1fca00000) (1024K)]
  0x0000025a8ace3f00 WorkerThread "GC Thread#5"                     [id=42692, stack(0x000000c1fca00000,0x000000c1fcb00000) (1024K)]
  0x0000025a8b348b70 WorkerThread "GC Thread#6"                     [id=30416, stack(0x000000c1fce00000,0x000000c1fcf00000) (1024K)]
  0x0000025a8b518f40 WorkerThread "GC Thread#7"                     [id=45084, stack(0x000000c1fcf00000,0x000000c1fd000000) (1024K)]
  0x0000025a8b5192f0 WorkerThread "GC Thread#8"                     [id=38520, stack(0x000000c1fd000000,0x000000c1fd100000) (1024K)]
  0x0000025a8b5196a0 WorkerThread "GC Thread#9"                     [id=44788, stack(0x000000c1fd100000,0x000000c1fd200000) (1024K)]
  0x0000025a1f3e3ae0 ConcurrentGCThread "G1 Main Marker"            [id=35764, stack(0x000000c1fa700000,0x000000c1fa800000) (1024K)]
  0x0000025a1f3e45f0 WorkerThread "G1 Conc#0"                       [id=34220, stack(0x000000c1fa800000,0x000000c1fa900000) (1024K)]
  0x0000025a8c6003c0 WorkerThread "G1 Conc#1"                       [id=31504, stack(0x000000c1fd600000,0x000000c1fd700000) (1024K)]
  0x0000025a8c5fe9f0 WorkerThread "G1 Conc#2"                       [id=43764, stack(0x000000c1fd700000,0x000000c1fd800000) (1024K)]
  0x0000025a4016dd50 ConcurrentGCThread "G1 Refine#0"               [id=19928, stack(0x000000c1fa900000,0x000000c1faa00000) (1024K)]
  0x0000025a4016e680 ConcurrentGCThread "G1 Service"                [id=30676, stack(0x000000c1faa00000,0x000000c1fab00000) (1024K)]
Total: 18

Threads with active compile tasks:
C2 CompilerThread0  48439 8942   !   4       javafx.scene.CssStyleHelper::transitionToState (1031 bytes)
C2 CompilerThread1  48439 8990   !   4       java.util.Collections$SynchronizedMap::get (25 bytes)
Total: 2

VM state: at safepoint (normal execution)

VM Mutex/Monitor currently owned by a thread:  ([mutex/lock_event])
[0x00007ff8e749f570] Threads_lock - owner thread: 0x0000025a402ad200
[0x00007ff8e749f670] Heap_lock - owner thread: 0x0000025a40cc4c80

Heap address: 0x0000000722400000, size: 3548 MB, Compressed Oops mode: Zero based, Oop shift amount: 3

CDS archive(s) mapped at: [0x0000025a41000000-0x0000025a41c80000-0x0000025a41c80000), size 13107200, SharedBaseAddress: 0x0000025a41000000, ArchiveRelocationMode: 1.
Compressed class space mapped at: 0x0000025a42000000-0x0000025a82000000, reserved size: 1073741824
Narrow klass base: 0x0000025a41000000, Narrow klass shift: 0, Narrow klass range: 0x100000000

GC Precious Log:
 CardTable entry size: 512
 Card Set container configuration: InlinePtr #cards 4 size 8 Array Of Cards #cards 16 size 48 Howl #buckets 8 coarsen threshold 3686 Howl Bitmap #cards 512 size 80 coarsen threshold 460 Card regions per heap region 1 cards per card region 4096
 CPUs: 12 total, 12 available
 Memory: 14188M
 Large Page Support: Disabled
 NUMA Support: Disabled
 Compressed Oops: Enabled (Zero based)
 Heap Region Size: 2M
 Heap Min Capacity: 8M
 Heap Initial Capacity: 222M
 Heap Max Capacity: 3548M
 Pre-touch: Disabled
 Parallel Workers: 10
 Concurrent Workers: 3
 Concurrent Refinement Workers: 10
 Periodic GC: Disabled

Heap:
 garbage-first heap   total 366592K, used 268269K [0x0000000722400000, 0x0000000800000000)
  region size 2048K, 4 young (8192K), 4 survivors (8192K)
 Metaspace       used 33958K, committed 34560K, reserved 1114112K
  class space    used 4324K, committed 4608K, reserved 1048576K

Heap Regions: E=young(eden), S=young(survivor), O=old, HS=humongous(starts), HC=humongous(continues), CS=collection set, F=free, TAMS=top-at-mark-start, PB=parsable bottom
|   0|0x0000000722400000, 0x0000000722600000, 0x0000000722600000|100%| O|  |TAMS 0x0000000722400000| PB 0x0000000722400000| Untracked 
|   1|0x0000000722600000, 0x0000000722800000, 0x0000000722800000|100%| O|  |TAMS 0x0000000722600000| PB 0x0000000722600000| Untracked 
|   2|0x0000000722800000, 0x0000000722a00000, 0x0000000722a00000|100%| O|  |TAMS 0x0000000722800000| PB 0x0000000722800000| Untracked 
|   3|0x0000000722a00000, 0x0000000722c00000, 0x0000000722c00000|100%|HS|  |TAMS 0x0000000722a00000| PB 0x0000000722a00000| Complete 
|   4|0x0000000722c00000, 0x0000000722e00000, 0x0000000722e00000|100%| O|  |TAMS 0x0000000722c00000| PB 0x0000000722c00000| Untracked 
|   5|0x0000000722e00000, 0x0000000723000000, 0x0000000723000000|100%| O|  |TAMS 0x0000000722e00000| PB 0x0000000722e00000| Untracked 
|   6|0x0000000723000000, 0x0000000723200000, 0x0000000723200000|100%| O|  |TAMS 0x0000000723000000| PB 0x0000000723000000| Untracked 
|   7|0x0000000723200000, 0x0000000723400000, 0x0000000723400000|100%| O|  |TAMS 0x0000000723200000| PB 0x0000000723200000| Untracked 
|   8|0x0000000723400000, 0x0000000723600000, 0x0000000723600000|100%| O|  |TAMS 0x0000000723400000| PB 0x0000000723400000| Untracked 
|   9|0x0000000723600000, 0x0000000723800000, 0x0000000723800000|100%| O|  |TAMS 0x0000000723600000| PB 0x0000000723600000| Untracked 
|  10|0x0000000723800000, 0x0000000723a00000, 0x0000000723a00000|100%| O|  |TAMS 0x0000000723800000| PB 0x0000000723800000| Untracked 
|  11|0x0000000723a00000, 0x0000000723c00000, 0x0000000723c00000|100%| O|  |TAMS 0x0000000723a00000| PB 0x0000000723a00000| Untracked 
|  12|0x0000000723c00000, 0x0000000723e00000, 0x0000000723e00000|100%| O|  |TAMS 0x0000000723c00000| PB 0x0000000723c00000| Untracked 
|  13|0x0000000723e00000, 0x0000000724000000, 0x0000000724000000|100%| O|  |TAMS 0x0000000723e00000| PB 0x0000000723e00000| Untracked 
|  14|0x0000000724000000, 0x0000000724200000, 0x0000000724200000|100%| O|  |TAMS 0x0000000724000000| PB 0x0000000724000000| Untracked 
|  15|0x0000000724200000, 0x0000000724400000, 0x0000000724400000|100%| O|  |TAMS 0x0000000724200000| PB 0x0000000724200000| Untracked 
|  16|0x0000000724400000, 0x0000000724600000, 0x0000000724600000|100%| O|  |TAMS 0x0000000724400000| PB 0x0000000724400000| Untracked 
|  17|0x0000000724600000, 0x0000000724600000, 0x0000000724800000|  0%| F|  |TAMS 0x0000000724600000| PB 0x0000000724600000| Untracked 
|  18|0x0000000724800000, 0x0000000724a00000, 0x0000000724a00000|100%| O|  |TAMS 0x0000000724800000| PB 0x0000000724800000| Untracked 
|  19|0x0000000724a00000, 0x0000000724c00000, 0x0000000724c00000|100%| O|  |TAMS 0x0000000724a00000| PB 0x0000000724a00000| Untracked 
|  20|0x0000000724c00000, 0x0000000724e00000, 0x0000000724e00000|100%| O|  |TAMS 0x0000000724c00000| PB 0x0000000724c00000| Untracked 
|  21|0x0000000724e00000, 0x0000000725000000, 0x0000000725000000|100%| O|  |TAMS 0x0000000724e00000| PB 0x0000000724e00000| Untracked 
|  22|0x0000000725000000, 0x0000000725200000, 0x0000000725200000|100%| O|  |TAMS 0x0000000725000000| PB 0x0000000725000000| Untracked 
|  23|0x0000000725200000, 0x0000000725400000, 0x0000000725400000|100%| O|  |TAMS 0x0000000725200000| PB 0x0000000725200000| Untracked 
|  24|0x0000000725400000, 0x0000000725600000, 0x0000000725600000|100%| O|  |TAMS 0x0000000725400000| PB 0x0000000725400000| Untracked 
|  25|0x0000000725600000, 0x0000000725800000, 0x0000000725800000|100%| O|  |TAMS 0x0000000725600000| PB 0x0000000725600000| Untracked 
|  26|0x0000000725800000, 0x0000000725a00000, 0x0000000725a00000|100%| O|  |TAMS 0x0000000725800000| PB 0x0000000725800000| Untracked 
|  27|0x0000000725a00000, 0x0000000725c00000, 0x0000000725c00000|100%| O|  |TAMS 0x0000000725a00000| PB 0x0000000725a00000| Untracked 
|  28|0x0000000725c00000, 0x0000000725e00000, 0x0000000725e00000|100%| O|  |TAMS 0x0000000725c00000| PB 0x0000000725c00000| Untracked 
|  29|0x0000000725e00000, 0x0000000726000000, 0x0000000726000000|100%| O|  |TAMS 0x0000000725e00000| PB 0x0000000725e00000| Untracked 
|  30|0x0000000726000000, 0x0000000726200000, 0x0000000726200000|100%| O|  |TAMS 0x0000000726000000| PB 0x0000000726000000| Untracked 
|  31|0x0000000726200000, 0x0000000726400000, 0x0000000726400000|100%| O|  |TAMS 0x0000000726200000| PB 0x0000000726200000| Untracked 
|  32|0x0000000726400000, 0x0000000726600000, 0x0000000726600000|100%| O|  |TAMS 0x0000000726400000| PB 0x0000000726400000| Untracked 
|  33|0x0000000726600000, 0x0000000726800000, 0x0000000726800000|100%| O|  |TAMS 0x0000000726600000| PB 0x0000000726600000| Untracked 
|  34|0x0000000726800000, 0x0000000726a00000, 0x0000000726a00000|100%| O|  |TAMS 0x0000000726800000| PB 0x0000000726800000| Untracked 
|  35|0x0000000726a00000, 0x0000000726c00000, 0x0000000726c00000|100%| O|  |TAMS 0x0000000726a00000| PB 0x0000000726a00000| Untracked 
|  36|0x0000000726c00000, 0x0000000726e00000, 0x0000000726e00000|100%| O|  |TAMS 0x0000000726c00000| PB 0x0000000726c00000| Untracked 
|  37|0x0000000726e00000, 0x0000000727000000, 0x0000000727000000|100%| O|  |TAMS 0x0000000726e00000| PB 0x0000000726e00000| Untracked 
|  38|0x0000000727000000, 0x0000000727200000, 0x0000000727200000|100%| O|  |TAMS 0x0000000727000000| PB 0x0000000727000000| Untracked 
|  39|0x0000000727200000, 0x0000000727400000, 0x0000000727400000|100%| O|  |TAMS 0x0000000727200000| PB 0x0000000727200000| Untracked 
|  40|0x0000000727400000, 0x0000000727600000, 0x0000000727600000|100%| O|  |TAMS 0x0000000727400000| PB 0x0000000727400000| Untracked 
|  41|0x0000000727600000, 0x0000000727800000, 0x0000000727800000|100%| O|  |TAMS 0x0000000727600000| PB 0x0000000727600000| Untracked 
|  42|0x0000000727800000, 0x0000000727a00000, 0x0000000727a00000|100%| O|  |TAMS 0x0000000727800000| PB 0x0000000727800000| Untracked 
|  43|0x0000000727a00000, 0x0000000727c00000, 0x0000000727c00000|100%| O|  |TAMS 0x0000000727a00000| PB 0x0000000727a00000| Untracked 
|  44|0x0000000727c00000, 0x0000000727e00000, 0x0000000727e00000|100%| O|  |TAMS 0x0000000727c00000| PB 0x0000000727c00000| Untracked 
|  45|0x0000000727e00000, 0x0000000728000000, 0x0000000728000000|100%| O|  |TAMS 0x0000000727e00000| PB 0x0000000727e00000| Untracked 
|  46|0x0000000728000000, 0x0000000728200000, 0x0000000728200000|100%| O|  |TAMS 0x0000000728000000| PB 0x0000000728000000| Untracked 
|  47|0x0000000728200000, 0x0000000728400000, 0x0000000728400000|100%| O|  |TAMS 0x0000000728200000| PB 0x0000000728200000| Untracked 
|  48|0x0000000728400000, 0x0000000728600000, 0x0000000728600000|100%| O|  |TAMS 0x0000000728400000| PB 0x0000000728400000| Untracked 
|  49|0x0000000728600000, 0x0000000728800000, 0x0000000728800000|100%| O|  |TAMS 0x0000000728600000| PB 0x0000000728600000| Untracked 
|  50|0x0000000728800000, 0x0000000728a00000, 0x0000000728a00000|100%| O|  |TAMS 0x0000000728800000| PB 0x0000000728800000| Untracked 
|  51|0x0000000728a00000, 0x0000000728c00000, 0x0000000728c00000|100%| O|  |TAMS 0x0000000728a00000| PB 0x0000000728a00000| Untracked 
|  52|0x0000000728c00000, 0x0000000728e00000, 0x0000000728e00000|100%| O|  |TAMS 0x0000000728c00000| PB 0x0000000728c00000| Untracked 
|  53|0x0000000728e00000, 0x0000000729000000, 0x0000000729000000|100%| O|  |TAMS 0x0000000728e00000| PB 0x0000000728e00000| Untracked 
|  54|0x0000000729000000, 0x0000000729200000, 0x0000000729200000|100%| O|  |TAMS 0x0000000729000000| PB 0x0000000729000000| Untracked 
|  55|0x0000000729200000, 0x0000000729400000, 0x0000000729400000|100%| O|  |TAMS 0x0000000729200000| PB 0x0000000729200000| Untracked 
|  56|0x0000000729400000, 0x0000000729600000, 0x0000000729600000|100%| O|  |TAMS 0x0000000729400000| PB 0x0000000729400000| Untracked 
|  57|0x0000000729600000, 0x0000000729800000, 0x0000000729800000|100%| O|  |TAMS 0x0000000729600000| PB 0x0000000729600000| Untracked 
|  58|0x0000000729800000, 0x0000000729a00000, 0x0000000729a00000|100%| O|  |TAMS 0x0000000729800000| PB 0x0000000729800000| Untracked 
|  59|0x0000000729a00000, 0x0000000729c00000, 0x0000000729c00000|100%| O|  |TAMS 0x0000000729a00000| PB 0x0000000729a00000| Untracked 
|  60|0x0000000729c00000, 0x0000000729e00000, 0x0000000729e00000|100%| O|  |TAMS 0x0000000729c00000| PB 0x0000000729c00000| Untracked 
|  61|0x0000000729e00000, 0x000000072a000000, 0x000000072a000000|100%| O|  |TAMS 0x0000000729e00000| PB 0x0000000729e00000| Untracked 
|  62|0x000000072a000000, 0x000000072a200000, 0x000000072a200000|100%| O|  |TAMS 0x000000072a000000| PB 0x000000072a000000| Untracked 
|  63|0x000000072a200000, 0x000000072a400000, 0x000000072a400000|100%| O|  |TAMS 0x000000072a200000| PB 0x000000072a200000| Untracked 
|  64|0x000000072a400000, 0x000000072a600000, 0x000000072a600000|100%| O|  |TAMS 0x000000072a400000| PB 0x000000072a400000| Untracked 
|  65|0x000000072a600000, 0x000000072a800000, 0x000000072a800000|100%| O|  |TAMS 0x000000072a600000| PB 0x000000072a600000| Untracked 
|  66|0x000000072a800000, 0x000000072aa00000, 0x000000072aa00000|100%| O|  |TAMS 0x000000072a800000| PB 0x000000072a800000| Untracked 
|  67|0x000000072aa00000, 0x000000072ac00000, 0x000000072ac00000|100%| O|  |TAMS 0x000000072aa00000| PB 0x000000072aa00000| Untracked 
|  68|0x000000072ac00000, 0x000000072ae00000, 0x000000072ae00000|100%| O|  |TAMS 0x000000072ac00000| PB 0x000000072ac00000| Untracked 
|  69|0x000000072ae00000, 0x000000072b000000, 0x000000072b000000|100%| O|  |TAMS 0x000000072ae00000| PB 0x000000072ae00000| Untracked 
|  70|0x000000072b000000, 0x000000072b200000, 0x000000072b200000|100%| O|  |TAMS 0x000000072b000000| PB 0x000000072b000000| Untracked 
|  71|0x000000072b200000, 0x000000072b400000, 0x000000072b400000|100%| O|  |TAMS 0x000000072b200000| PB 0x000000072b200000| Untracked 
|  72|0x000000072b400000, 0x000000072b600000, 0x000000072b600000|100%| O|  |TAMS 0x000000072b400000| PB 0x000000072b400000| Untracked 
|  73|0x000000072b600000, 0x000000072b800000, 0x000000072b800000|100%| O|  |TAMS 0x000000072b600000| PB 0x000000072b600000| Untracked 
|  74|0x000000072b800000, 0x000000072ba00000, 0x000000072ba00000|100%| O|  |TAMS 0x000000072b800000| PB 0x000000072b800000| Untracked 
|  75|0x000000072ba00000, 0x000000072bc00000, 0x000000072bc00000|100%| O|  |TAMS 0x000000072ba00000| PB 0x000000072ba00000| Untracked 
|  76|0x000000072bc00000, 0x000000072be00000, 0x000000072be00000|100%| O|  |TAMS 0x000000072bc00000| PB 0x000000072bc00000| Untracked 
|  77|0x000000072be00000, 0x000000072c000000, 0x000000072c000000|100%| O|  |TAMS 0x000000072be00000| PB 0x000000072be00000| Untracked 
|  78|0x000000072c000000, 0x000000072c200000, 0x000000072c200000|100%| O|  |TAMS 0x000000072c000000| PB 0x000000072c000000| Untracked 
|  79|0x000000072c200000, 0x000000072c400000, 0x000000072c400000|100%| O|  |TAMS 0x000000072c200000| PB 0x000000072c200000| Untracked 
|  80|0x000000072c400000, 0x000000072c600000, 0x000000072c600000|100%| O|  |TAMS 0x000000072c400000| PB 0x000000072c400000| Untracked 
|  81|0x000000072c600000, 0x000000072c800000, 0x000000072c800000|100%| O|  |TAMS 0x000000072c600000| PB 0x000000072c600000| Untracked 
|  82|0x000000072c800000, 0x000000072ca00000, 0x000000072ca00000|100%| O|  |TAMS 0x000000072c800000| PB 0x000000072c800000| Untracked 
|  83|0x000000072ca00000, 0x000000072cc00000, 0x000000072cc00000|100%| O|  |TAMS 0x000000072ca00000| PB 0x000000072ca00000| Untracked 
|  84|0x000000072cc00000, 0x000000072ce00000, 0x000000072ce00000|100%| O|  |TAMS 0x000000072cc00000| PB 0x000000072cc00000| Untracked 
|  85|0x000000072ce00000, 0x000000072d000000, 0x000000072d000000|100%| O|  |TAMS 0x000000072ce00000| PB 0x000000072ce00000| Untracked 
|  86|0x000000072d000000, 0x000000072d200000, 0x000000072d200000|100%| O|  |TAMS 0x000000072d000000| PB 0x000000072d000000| Untracked 
|  87|0x000000072d200000, 0x000000072d400000, 0x000000072d400000|100%| O|  |TAMS 0x000000072d200000| PB 0x000000072d200000| Untracked 
|  88|0x000000072d400000, 0x000000072d600000, 0x000000072d600000|100%| O|  |TAMS 0x000000072d400000| PB 0x000000072d400000| Untracked 
|  89|0x000000072d600000, 0x000000072d800000, 0x000000072d800000|100%| O|  |TAMS 0x000000072d600000| PB 0x000000072d600000| Untracked 
|  90|0x000000072d800000, 0x000000072da00000, 0x000000072da00000|100%| O|  |TAMS 0x000000072d800000| PB 0x000000072d800000| Untracked 
|  91|0x000000072da00000, 0x000000072dc00000, 0x000000072dc00000|100%| O|  |TAMS 0x000000072da00000| PB 0x000000072da00000| Untracked 
|  92|0x000000072dc00000, 0x000000072de00000, 0x000000072de00000|100%| O|  |TAMS 0x000000072dc00000| PB 0x000000072dc00000| Untracked 
|  93|0x000000072de00000, 0x000000072e000000, 0x000000072e000000|100%| O|  |TAMS 0x000000072de00000| PB 0x000000072de00000| Untracked 
|  94|0x000000072e000000, 0x000000072e200000, 0x000000072e200000|100%| O|  |TAMS 0x000000072e000000| PB 0x000000072e000000| Untracked 
|  95|0x000000072e200000, 0x000000072e400000, 0x000000072e400000|100%| O|  |TAMS 0x000000072e200000| PB 0x000000072e200000| Untracked 
|  96|0x000000072e400000, 0x000000072e600000, 0x000000072e600000|100%| O|  |TAMS 0x000000072e400000| PB 0x000000072e400000| Untracked 
|  97|0x000000072e600000, 0x000000072e800000, 0x000000072e800000|100%| O|  |TAMS 0x000000072e600000| PB 0x000000072e600000| Untracked 
|  98|0x000000072e800000, 0x000000072ea00000, 0x000000072ea00000|100%| O|  |TAMS 0x000000072e800000| PB 0x000000072e800000| Untracked 
|  99|0x000000072ea00000, 0x000000072ec00000, 0x000000072ec00000|100%| O|  |TAMS 0x000000072ea00000| PB 0x000000072ea00000| Untracked 
| 100|0x000000072ec00000, 0x000000072ee00000, 0x000000072ee00000|100%| O|  |TAMS 0x000000072ec00000| PB 0x000000072ec00000| Untracked 
| 101|0x000000072ee00000, 0x000000072f000000, 0x000000072f000000|100%| O|  |TAMS 0x000000072ee00000| PB 0x000000072ee00000| Untracked 
| 102|0x000000072f000000, 0x000000072f200000, 0x000000072f200000|100%| O|  |TAMS 0x000000072f000000| PB 0x000000072f000000| Untracked 
| 103|0x000000072f200000, 0x000000072f400000, 0x000000072f400000|100%| O|  |TAMS 0x000000072f200000| PB 0x000000072f200000| Untracked 
| 104|0x000000072f400000, 0x000000072f600000, 0x000000072f600000|100%| O|  |TAMS 0x000000072f400000| PB 0x000000072f400000| Untracked 
| 105|0x000000072f600000, 0x000000072f800000, 0x000000072f800000|100%| O|  |TAMS 0x000000072f600000| PB 0x000000072f600000| Untracked 
| 106|0x000000072f800000, 0x000000072fa00000, 0x000000072fa00000|100%| O|  |TAMS 0x000000072f800000| PB 0x000000072f800000| Untracked 
| 107|0x000000072fa00000, 0x000000072fc00000, 0x000000072fc00000|100%| O|  |TAMS 0x000000072fa00000| PB 0x000000072fa00000| Untracked 
| 108|0x000000072fc00000, 0x000000072fe00000, 0x000000072fe00000|100%| O|  |TAMS 0x000000072fc00000| PB 0x000000072fc00000| Untracked 
| 109|0x000000072fe00000, 0x0000000730000000, 0x0000000730000000|100%| O|  |TAMS 0x000000072fe00000| PB 0x000000072fe00000| Untracked 
| 110|0x0000000730000000, 0x0000000730200000, 0x0000000730200000|100%| O|  |TAMS 0x0000000730000000| PB 0x0000000730000000| Untracked 
| 111|0x0000000730200000, 0x0000000730400000, 0x0000000730400000|100%| O|  |TAMS 0x0000000730200000| PB 0x0000000730200000| Untracked 
| 112|0x0000000730400000, 0x0000000730600000, 0x0000000730600000|100%| O|  |TAMS 0x0000000730400000| PB 0x0000000730400000| Untracked 
| 113|0x0000000730600000, 0x0000000730800000, 0x0000000730800000|100%| O|  |TAMS 0x0000000730600000| PB 0x0000000730600000| Untracked 
| 114|0x0000000730800000, 0x0000000730a00000, 0x0000000730a00000|100%| O|  |TAMS 0x0000000730800000| PB 0x0000000730800000| Untracked 
| 115|0x0000000730a00000, 0x0000000730c00000, 0x0000000730c00000|100%| O|  |TAMS 0x0000000730a00000| PB 0x0000000730a00000| Untracked 
| 116|0x0000000730c00000, 0x0000000730e00000, 0x0000000730e00000|100%| O|  |TAMS 0x0000000730c00000| PB 0x0000000730c00000| Untracked 
| 117|0x0000000730e00000, 0x0000000731000000, 0x0000000731000000|100%| O|  |TAMS 0x0000000730e00000| PB 0x0000000730e00000| Untracked 
| 118|0x0000000731000000, 0x0000000731200000, 0x0000000731200000|100%| O|  |TAMS 0x0000000731000000| PB 0x0000000731000000| Untracked 
| 119|0x0000000731200000, 0x0000000731400000, 0x0000000731400000|100%| O|  |TAMS 0x0000000731200000| PB 0x0000000731200000| Untracked 
| 120|0x0000000731400000, 0x0000000731600000, 0x0000000731600000|100%| O|  |TAMS 0x0000000731400000| PB 0x0000000731400000| Untracked 
| 121|0x0000000731600000, 0x0000000731800000, 0x0000000731800000|100%| O|  |TAMS 0x0000000731600000| PB 0x0000000731600000| Untracked 
| 122|0x0000000731800000, 0x0000000731a00000, 0x0000000731a00000|100%| O|  |TAMS 0x0000000731800000| PB 0x0000000731800000| Untracked 
| 123|0x0000000731a00000, 0x0000000731c00000, 0x0000000731c00000|100%| O|  |TAMS 0x0000000731a00000| PB 0x0000000731a00000| Untracked 
| 124|0x0000000731c00000, 0x0000000731e00000, 0x0000000731e00000|100%| O|  |TAMS 0x0000000731c00000| PB 0x0000000731c00000| Untracked 
| 125|0x0000000731e00000, 0x0000000732000000, 0x0000000732000000|100%| O|  |TAMS 0x0000000731e00000| PB 0x0000000731e00000| Untracked 
| 126|0x0000000732000000, 0x0000000732200000, 0x0000000732200000|100%| O|  |TAMS 0x0000000732000000| PB 0x0000000732000000| Untracked 
| 127|0x0000000732200000, 0x00000007323fb460, 0x0000000732400000| 99%| O|  |TAMS 0x0000000732200000| PB 0x0000000732200000| Untracked 
| 128|0x0000000732400000, 0x0000000732400000, 0x0000000732600000|  0%| F|  |TAMS 0x0000000732400000| PB 0x0000000732400000| Untracked 
| 129|0x0000000732600000, 0x0000000732600000, 0x0000000732800000|  0%| F|  |TAMS 0x0000000732600000| PB 0x0000000732600000| Untracked 
| 130|0x0000000732800000, 0x0000000732800000, 0x0000000732a00000|  0%| F|  |TAMS 0x0000000732800000| PB 0x0000000732800000| Untracked 
| 131|0x0000000732a00000, 0x0000000732a00000, 0x0000000732c00000|  0%| F|  |TAMS 0x0000000732a00000| PB 0x0000000732a00000| Untracked 
| 132|0x0000000732c00000, 0x0000000732c00000, 0x0000000732e00000|  0%| F|  |TAMS 0x0000000732c00000| PB 0x0000000732c00000| Untracked 
| 133|0x0000000732e00000, 0x0000000732e00000, 0x0000000733000000|  0%| F|  |TAMS 0x0000000732e00000| PB 0x0000000732e00000| Untracked 
| 134|0x0000000733000000, 0x0000000733000000, 0x0000000733200000|  0%| F|  |TAMS 0x0000000733000000| PB 0x0000000733000000| Untracked 
| 135|0x0000000733200000, 0x0000000733200000, 0x0000000733400000|  0%| F|  |TAMS 0x0000000733200000| PB 0x0000000733200000| Untracked 
| 136|0x0000000733400000, 0x0000000733400000, 0x0000000733600000|  0%| F|  |TAMS 0x0000000733400000| PB 0x0000000733400000| Untracked 
| 137|0x0000000733600000, 0x0000000733600000, 0x0000000733800000|  0%| F|  |TAMS 0x0000000733600000| PB 0x0000000733600000| Untracked 
| 138|0x0000000733800000, 0x0000000733800000, 0x0000000733a00000|  0%| F|  |TAMS 0x0000000733800000| PB 0x0000000733800000| Untracked 
| 139|0x0000000733a00000, 0x0000000733a00000, 0x0000000733c00000|  0%| F|  |TAMS 0x0000000733a00000| PB 0x0000000733a00000| Untracked 
| 140|0x0000000733c00000, 0x0000000733c00000, 0x0000000733e00000|  0%| F|  |TAMS 0x0000000733c00000| PB 0x0000000733c00000| Untracked 
| 141|0x0000000733e00000, 0x0000000733e00000, 0x0000000734000000|  0%| F|  |TAMS 0x0000000733e00000| PB 0x0000000733e00000| Untracked 
| 142|0x0000000734000000, 0x0000000734000000, 0x0000000734200000|  0%| F|  |TAMS 0x0000000734000000| PB 0x0000000734000000| Untracked 
| 143|0x0000000734200000, 0x0000000734200000, 0x0000000734400000|  0%| F|  |TAMS 0x0000000734200000| PB 0x0000000734200000| Untracked 
| 144|0x0000000734400000, 0x0000000734400000, 0x0000000734600000|  0%| F|  |TAMS 0x0000000734400000| PB 0x0000000734400000| Untracked 
| 145|0x0000000734600000, 0x0000000734800000, 0x0000000734800000|100%| S|CS|TAMS 0x0000000734600000| PB 0x0000000734600000| Complete 
| 146|0x0000000734800000, 0x0000000734800000, 0x0000000734a00000|  0%| F|  |TAMS 0x0000000734800000| PB 0x0000000734800000| Untracked 
| 147|0x0000000734a00000, 0x0000000734a00000, 0x0000000734c00000|  0%| F|  |TAMS 0x0000000734a00000| PB 0x0000000734a00000| Untracked 
| 148|0x0000000734c00000, 0x0000000734c00000, 0x0000000734e00000|  0%| F|  |TAMS 0x0000000734c00000| PB 0x0000000734c00000| Untracked 
| 149|0x0000000734e00000, 0x0000000734e00000, 0x0000000735000000|  0%| F|  |TAMS 0x0000000734e00000| PB 0x0000000734e00000| Untracked 
| 150|0x0000000735000000, 0x0000000735200000, 0x0000000735200000|100%| S|CS|TAMS 0x0000000735000000| PB 0x0000000735000000| Complete 
| 151|0x0000000735200000, 0x0000000735400000, 0x0000000735400000|100%| S|CS|TAMS 0x0000000735200000| PB 0x0000000735200000| Complete 
| 152|0x0000000735400000, 0x0000000735600000, 0x0000000735600000|100%| S|CS|TAMS 0x0000000735400000| PB 0x0000000735400000| Complete 
| 153|0x0000000735600000, 0x0000000735600000, 0x0000000735800000|  0%| F|  |TAMS 0x0000000735600000| PB 0x0000000735600000| Untracked 
| 154|0x0000000735800000, 0x0000000735800000, 0x0000000735a00000|  0%| F|  |TAMS 0x0000000735800000| PB 0x0000000735800000| Untracked 
| 155|0x0000000735a00000, 0x0000000735a00000, 0x0000000735c00000|  0%| F|  |TAMS 0x0000000735a00000| PB 0x0000000735a00000| Untracked 
| 156|0x0000000735c00000, 0x0000000735c00000, 0x0000000735e00000|  0%| F|  |TAMS 0x0000000735c00000| PB 0x0000000735c00000| Untracked 
| 157|0x0000000735e00000, 0x0000000735e00000, 0x0000000736000000|  0%| F|  |TAMS 0x0000000735e00000| PB 0x0000000735e00000| Untracked 
| 158|0x0000000736000000, 0x0000000736000000, 0x0000000736200000|  0%| F|  |TAMS 0x0000000736000000| PB 0x0000000736000000| Untracked 
| 159|0x0000000736200000, 0x0000000736200000, 0x0000000736400000|  0%| F|  |TAMS 0x0000000736200000| PB 0x0000000736200000| Untracked 
| 160|0x0000000736400000, 0x0000000736400000, 0x0000000736600000|  0%| F|  |TAMS 0x0000000736400000| PB 0x0000000736400000| Untracked 
| 161|0x0000000736600000, 0x0000000736600000, 0x0000000736800000|  0%| F|  |TAMS 0x0000000736600000| PB 0x0000000736600000| Untracked 
| 162|0x0000000736800000, 0x0000000736800000, 0x0000000736a00000|  0%| F|  |TAMS 0x0000000736800000| PB 0x0000000736800000| Untracked 
| 163|0x0000000736a00000, 0x0000000736a00000, 0x0000000736c00000|  0%| F|  |TAMS 0x0000000736a00000| PB 0x0000000736a00000| Untracked 
| 164|0x0000000736c00000, 0x0000000736c00000, 0x0000000736e00000|  0%| F|  |TAMS 0x0000000736c00000| PB 0x0000000736c00000| Untracked 
| 165|0x0000000736e00000, 0x0000000736e00000, 0x0000000737000000|  0%| F|  |TAMS 0x0000000736e00000| PB 0x0000000736e00000| Untracked 
| 166|0x0000000737000000, 0x0000000737000000, 0x0000000737200000|  0%| F|  |TAMS 0x0000000737000000| PB 0x0000000737000000| Untracked 
| 167|0x0000000737200000, 0x0000000737200000, 0x0000000737400000|  0%| F|  |TAMS 0x0000000737200000| PB 0x0000000737200000| Untracked 
| 168|0x0000000737400000, 0x0000000737400000, 0x0000000737600000|  0%| F|  |TAMS 0x0000000737400000| PB 0x0000000737400000| Untracked 
| 169|0x0000000737600000, 0x0000000737600000, 0x0000000737800000|  0%| F|  |TAMS 0x0000000737600000| PB 0x0000000737600000| Untracked 
| 170|0x0000000737800000, 0x0000000737800000, 0x0000000737a00000|  0%| F|  |TAMS 0x0000000737800000| PB 0x0000000737800000| Untracked 
| 171|0x0000000737a00000, 0x0000000737a00000, 0x0000000737c00000|  0%| F|  |TAMS 0x0000000737a00000| PB 0x0000000737a00000| Untracked 
| 172|0x0000000737c00000, 0x0000000737c00000, 0x0000000737e00000|  0%| F|  |TAMS 0x0000000737c00000| PB 0x0000000737c00000| Untracked 
| 173|0x0000000737e00000, 0x0000000737e00000, 0x0000000738000000|  0%| F|  |TAMS 0x0000000737e00000| PB 0x0000000737e00000| Untracked 
| 174|0x0000000738000000, 0x0000000738000000, 0x0000000738200000|  0%| F|  |TAMS 0x0000000738000000| PB 0x0000000738000000| Untracked 
| 175|0x0000000738200000, 0x0000000738200000, 0x0000000738400000|  0%| F|  |TAMS 0x0000000738200000| PB 0x0000000738200000| Untracked 
| 176|0x0000000738400000, 0x0000000738400000, 0x0000000738600000|  0%| F|  |TAMS 0x0000000738400000| PB 0x0000000738400000| Untracked 
| 177|0x0000000738600000, 0x0000000738600000, 0x0000000738800000|  0%| F|  |TAMS 0x0000000738600000| PB 0x0000000738600000| Untracked 
| 178|0x0000000738800000, 0x0000000738800000, 0x0000000738a00000|  0%| F|  |TAMS 0x0000000738800000| PB 0x0000000738800000| Untracked 

Card table byte_map: [0x0000025a39780000,0x0000025a39e70000] _byte_map_base: 0x0000025a35e6e000

Marking Bits: (CMBitMap*) 0x0000025a1f3d4c30
 Bits: [0x0000025a39e70000, 0x0000025a3d5e0000)

Polling page: 0x0000025a1f430000

Metaspace:

Usage:
  Non-class:     28.94 MB used.
      Class:      4.22 MB used.
       Both:     33.16 MB used.

Virtual space:
  Non-class space:       64.00 MB reserved,      29.25 MB ( 46%) committed,  1 nodes.
      Class space:        1.00 GB reserved,       4.50 MB ( <1%) committed,  1 nodes.
             Both:        1.06 GB reserved,      33.75 MB (  3%) committed. 

Chunk freelists:
   Non-Class:  2.71 MB
       Class:  11.46 MB
        Both:  14.17 MB

MaxMetaspaceSize: unlimited
CompressedClassSpaceSize: 1.00 GB
Initial GC threshold: 21.00 MB
Current GC threshold: 56.25 MB
CDS: on
 - commit_granule_bytes: 65536.
 - commit_granule_words: 8192.
 - virtual_space_node_default_size: 8388608.
 - enlarge_chunks_in_place: 1.
 - use_allocation_guard: 0.


Internal statistics:

num_allocs_failed_limit: 3.
num_arena_births: 832.
num_arena_deaths: 30.
num_vsnodes_births: 2.
num_vsnodes_deaths: 0.
num_space_committed: 540.
num_space_uncommitted: 0.
num_chunks_returned_to_freelist: 48.
num_chunks_taken_from_freelist: 2025.
num_chunk_merges: 20.
num_chunk_splits: 1315.
num_chunks_enlarged: 829.
num_inconsistent_stats: 0.

CodeHeap 'non-profiled nmethods': size=120000Kb used=4131Kb max_used=4604Kb free=115868Kb
 bounds [0x0000025a30ee0000, 0x0000025a313c0000, 0x0000025a38410000]
CodeHeap 'profiled nmethods': size=120000Kb used=14187Kb max_used=17290Kb free=105812Kb
 bounds [0x0000025a29410000, 0x0000025a2a510000, 0x0000025a30940000]
CodeHeap 'non-nmethods': size=5760Kb used=1888Kb max_used=1983Kb free=3871Kb
 bounds [0x0000025a30940000, 0x0000025a30bb0000, 0x0000025a30ee0000]
CodeCache: size=245760Kb, used=20206Kb, max_used=23877Kb, free=225551Kb
 total_blobs=7897, nmethods=6880, adapters=919, full_count=0
Compilation: enabled, stopped_count=0, restarted_count=0

Compilation events (20 events):
Event: 48.299 Thread 0x0000025a8b1915e0 8981       4       javafx.scene.Parent::getOrderedChildren (36 bytes)
Event: 48.299 Thread 0x0000025a402eeb20 8982       3       com.sun.prism.impl.BaseTexture::contentsUseful (8 bytes)
Event: 48.300 Thread 0x0000025a402eeb20 nmethod 8982 0x0000025a2949cd90 code [0x0000025a2949cf60, 0x0000025a2949d258]
Event: 48.300 Thread 0x0000025a402eeb20 8983       3       com.sun.prism.impl.ManagedResource::contentsUseful (15 bytes)
Event: 48.300 Thread 0x0000025a402eeb20 nmethod 8983 0x0000025a295cff10 code [0x0000025a295d00e0, 0x0000025a295d0368]
Event: 48.301 Thread 0x0000025a402eeb20 8984       3       java.util.Calendar::getBaseStyle (6 bytes)
Event: 48.301 Thread 0x0000025a402eeb20 nmethod 8984 0x0000025a29462210 code [0x0000025a294623a0, 0x0000025a294624b8]
Event: 48.302 Thread 0x0000025a8b1915e0 nmethod 8981 0x0000025a30f8c510 code [0x0000025a30f8c6c0, 0x0000025a30f8c878]
Event: 48.317 Thread 0x0000025a402eeb20 8985       3       com.sun.javafx.webkit.prism.WCGraphicsPrismContext::fillRect (106 bytes)
Event: 48.318 Thread 0x0000025ad969aa30 nmethod 8965 0x0000025a31193a90 code [0x0000025a31193ee0, 0x0000025a311977b8]
Event: 48.319 Thread 0x0000025a402eeb20 nmethod 8985 0x0000025a2982d690 code [0x0000025a2982da60, 0x0000025a2982fb30]
Event: 48.319 Thread 0x0000025a402eeb20 8986       3       com.sun.javafx.webkit.prism.WCGraphicsPrismContext$1::<init> (39 bytes)
Event: 48.319 Thread 0x0000025a402eeb20 nmethod 8986 0x0000025a29524510 code [0x0000025a295246c0, 0x0000025a295249c8]
Event: 48.323 Thread 0x0000025ad969aa30 8987       4       com.sun.prism.d3d.D3DContext::updateClipRect (70 bytes)
Event: 48.324 Thread 0x0000025a8b1915e0 8988       4       com.sun.prism.impl.ManagedResource::_isgone (42 bytes)
Event: 48.325 Thread 0x0000025ad969aa30 nmethod 8987 0x0000025a30f3fb10 code [0x0000025a30f3fcc0, 0x0000025a30f3fe00]
Event: 48.325 Thread 0x0000025a8b1915e0 nmethod 8988 0x0000025a30f48710 code [0x0000025a30f488a0, 0x0000025a30f489a0]
Event: 48.325 Thread 0x0000025ad969aa30 8989       4       com.sun.prism.impl.ManagedResource::isLocked (13 bytes)
Event: 48.326 Thread 0x0000025ad969aa30 nmethod 8989 0x0000025a30f23210 code [0x0000025a30f233a0, 0x0000025a30f23438]
Event: 48.339 Thread 0x0000025ad969aa30 8990   !   4       java.util.Collections$SynchronizedMap::get (25 bytes)

GC Heap History (20 events):
Event: 46.346 GC heap after
{Heap after GC invocations=19 (full 0):
 garbage-first heap   total 112640K, used 66274K [0x0000000722400000, 0x0000000800000000)
  region size 2048K, 1 young (2048K), 1 survivors (2048K)
 Metaspace       used 33759K, committed 34368K, reserved 1114112K
  class space    used 4310K, committed 4608K, reserved 1048576K
}
Event: 46.490 GC heap before
{Heap before GC invocations=20 (full 0):
 garbage-first heap   total 112640K, used 90850K [0x0000000722400000, 0x0000000800000000)
  region size 2048K, 14 young (28672K), 1 survivors (2048K)
 Metaspace       used 33840K, committed 34496K, reserved 1114112K
  class space    used 4319K, committed 4608K, reserved 1048576K
}
Event: 46.496 GC heap after
{Heap after GC invocations=21 (full 0):
 garbage-first heap   total 172032K, used 80422K [0x0000000722400000, 0x0000000800000000)
  region size 2048K, 2 young (4096K), 2 survivors (4096K)
 Metaspace       used 33840K, committed 34496K, reserved 1114112K
  class space    used 4319K, committed 4608K, reserved 1048576K
}
Event: 46.746 GC heap before
{Heap before GC invocations=21 (full 0):
 garbage-first heap   total 172032K, used 131622K [0x0000000722400000, 0x0000000800000000)
  region size 2048K, 28 young (57344K), 2 survivors (4096K)
 Metaspace       used 33893K, committed 34560K, reserved 1114112K
  class space    used 4320K, committed 4608K, reserved 1048576K
}
Event: 46.763 GC heap after
{Heap after GC invocations=22 (full 0):
 garbage-first heap   total 172032K, used 106830K [0x0000000722400000, 0x0000000800000000)
  region size 2048K, 4 young (8192K), 4 survivors (8192K)
 Metaspace       used 33893K, committed 34560K, reserved 1114112K
  class space    used 4320K, committed 4608K, reserved 1048576K
}
Event: 46.842 GC heap before
{Heap before GC invocations=22 (full 0):
 garbage-first heap   total 172032K, used 133454K [0x0000000722400000, 0x0000000800000000)
  region size 2048K, 18 young (36864K), 4 survivors (8192K)
 Metaspace       used 33893K, committed 34560K, reserved 1114112K
  class space    used 4320K, committed 4608K, reserved 1048576K
}
Event: 46.853 GC heap after
{Heap after GC invocations=23 (full 0):
 garbage-first heap   total 172032K, used 125434K [0x0000000722400000, 0x0000000800000000)
  region size 2048K, 3 young (6144K), 3 survivors (6144K)
 Metaspace       used 33893K, committed 34560K, reserved 1114112K
  class space    used 4320K, committed 4608K, reserved 1048576K
}
Event: 46.903 GC heap before
{Heap before GC invocations=23 (full 0):
 garbage-first heap   total 172032K, used 139770K [0x0000000722400000, 0x0000000800000000)
  region size 2048K, 11 young (22528K), 3 survivors (6144K)
 Metaspace       used 33893K, committed 34560K, reserved 1114112K
  class space    used 4320K, committed 4608K, reserved 1048576K
}
Event: 46.910 GC heap after
{Heap after GC invocations=24 (full 0):
 garbage-first heap   total 172032K, used 133626K [0x0000000722400000, 0x0000000800000000)
  region size 2048K, 2 young (4096K), 2 survivors (4096K)
 Metaspace       used 33893K, committed 34560K, reserved 1114112K
  class space    used 4320K, committed 4608K, reserved 1048576K
}
Event: 47.077 GC heap before
{Heap before GC invocations=25 (full 0):
 garbage-first heap   total 225280K, used 143866K [0x0000000722400000, 0x0000000800000000)
  region size 2048K, 8 young (16384K), 2 survivors (4096K)
 Metaspace       used 33920K, committed 34560K, reserved 1114112K
  class space    used 4321K, committed 4608K, reserved 1048576K
}
Event: 47.085 GC heap after
{Heap after GC invocations=26 (full 0):
 garbage-first heap   total 366592K, used 138734K [0x0000000722400000, 0x0000000800000000)
  region size 2048K, 1 young (2048K), 1 survivors (2048K)
 Metaspace       used 33920K, committed 34560K, reserved 1114112K
  class space    used 4321K, committed 4608K, reserved 1048576K
}
Event: 47.521 GC heap before
{Heap before GC invocations=26 (full 0):
 garbage-first heap   total 366592K, used 265710K [0x0000000722400000, 0x0000000800000000)
  region size 2048K, 64 young (131072K), 1 survivors (2048K)
 Metaspace       used 33931K, committed 34560K, reserved 1114112K
  class space    used 4321K, committed 4608K, reserved 1048576K
}
Event: 47.546 GC heap after
{Heap after GC invocations=27 (full 0):
 garbage-first heap   total 366592K, used 204779K [0x0000000722400000, 0x0000000800000000)
  region size 2048K, 8 young (16384K), 8 survivors (16384K)
 Metaspace       used 33931K, committed 34560K, reserved 1114112K
  class space    used 4321K, committed 4608K, reserved 1048576K
}
Event: 47.768 GC heap before
{Heap before GC invocations=27 (full 0):
 garbage-first heap   total 366592K, used 274411K [0x0000000722400000, 0x0000000800000000)
  region size 2048K, 43 young (88064K), 8 survivors (16384K)
 Metaspace       used 33936K, committed 34560K, reserved 1114112K
  class space    used 4321K, committed 4608K, reserved 1048576K
}
Event: 47.778 GC heap after
{Heap after GC invocations=28 (full 0):
 garbage-first heap   total 366592K, used 218100K [0x0000000722400000, 0x0000000800000000)
  region size 2048K, 6 young (12288K), 6 survivors (12288K)
 Metaspace       used 33936K, committed 34560K, reserved 1114112K
  class space    used 4321K, committed 4608K, reserved 1048576K
}
Event: 48.011 GC heap before
{Heap before GC invocations=29 (full 0):
 garbage-first heap   total 366592K, used 238580K [0x0000000722400000, 0x0000000800000000)
  region size 2048K, 39 young (79872K), 6 survivors (12288K)
 Metaspace       used 33942K, committed 34560K, reserved 1114112K
  class space    used 4324K, committed 4608K, reserved 1048576K
}
Event: 48.029 GC heap after
{Heap after GC invocations=30 (full 0):
 garbage-first heap   total 366592K, used 219642K [0x0000000722400000, 0x0000000800000000)
  region size 2048K, 5 young (10240K), 5 survivors (10240K)
 Metaspace       used 33942K, committed 34560K, reserved 1114112K
  class space    used 4324K, committed 4608K, reserved 1048576K
}
Event: 48.215 GC heap before
{Heap before GC invocations=30 (full 0):
 garbage-first heap   total 366592K, used 276986K [0x0000000722400000, 0x0000000800000000)
  region size 2048K, 34 young (69632K), 5 survivors (10240K)
 Metaspace       used 33952K, committed 34560K, reserved 1114112K
  class space    used 4324K, committed 4608K, reserved 1048576K
}
Event: 48.229 GC heap after
{Heap after GC invocations=31 (full 0):
 garbage-first heap   total 366592K, used 238078K [0x0000000722400000, 0x0000000800000000)
  region size 2048K, 5 young (10240K), 5 survivors (10240K)
 Metaspace       used 33952K, committed 34560K, reserved 1114112K
  class space    used 4324K, committed 4608K, reserved 1048576K
}
Event: 48.343 GC heap before
{Heap before GC invocations=31 (full 0):
 garbage-first heap   total 366592K, used 289278K [0x0000000722400000, 0x0000000800000000)
  region size 2048K, 31 young (63488K), 5 survivors (10240K)
 Metaspace       used 33958K, committed 34560K, reserved 1114112K
  class space    used 4324K, committed 4608K, reserved 1048576K
}

Dll operation events (20 events):
Event: 0.699 Loaded shared library C:\Users\LENOVO\.openjfx\cache\17.0.2-ea\api-ms-win-crt-math-l1-1-0.dll
Event: 0.702 Loaded shared library C:\Users\LENOVO\.openjfx\cache\17.0.2-ea\api-ms-win-crt-multibyte-l1-1-0.dll
Event: 0.707 Loaded shared library C:\Users\LENOVO\.openjfx\cache\17.0.2-ea\api-ms-win-crt-private-l1-1-0.dll
Event: 0.710 Loaded shared library C:\Users\LENOVO\.openjfx\cache\17.0.2-ea\api-ms-win-crt-process-l1-1-0.dll
Event: 0.714 Loaded shared library C:\Users\LENOVO\.openjfx\cache\17.0.2-ea\api-ms-win-crt-runtime-l1-1-0.dll
Event: 0.718 Loaded shared library C:\Users\LENOVO\.openjfx\cache\17.0.2-ea\api-ms-win-crt-stdio-l1-1-0.dll
Event: 0.723 Loaded shared library C:\Users\LENOVO\.openjfx\cache\17.0.2-ea\api-ms-win-crt-string-l1-1-0.dll
Event: 0.732 Loaded shared library C:\Users\LENOVO\.openjfx\cache\17.0.2-ea\api-ms-win-crt-time-l1-1-0.dll
Event: 0.737 Loaded shared library C:\Users\LENOVO\.openjfx\cache\17.0.2-ea\api-ms-win-crt-utility-l1-1-0.dll
Event: 0.754 Loaded shared library C:\Users\LENOVO\.openjfx\cache\17.0.2-ea\ucrtbase.dll
Event: 0.759 Loaded shared library C:\Users\LENOVO\.openjfx\cache\17.0.2-ea\vcruntime140.dll
Event: 0.767 Loaded shared library C:\Users\LENOVO\.openjfx\cache\17.0.2-ea\vcruntime140_1.dll
Event: 0.776 Loaded shared library C:\Users\LENOVO\.openjfx\cache\17.0.2-ea\msvcp140.dll
Event: 0.848 Loaded shared library C:\Users\LENOVO\.openjfx\cache\17.0.2-ea\prism_d3d.dll
Event: 0.943 Loaded shared library C:\Users\LENOVO\.openjfx\cache\17.0.2-ea\glass.dll
Event: 1.191 Loaded shared library C:\Program Files\Eclipse Adoptium\jdk-21.0.11.10-hotspot\bin\jimage.dll
Event: 1.480 Loaded shared library C:\Program Files\Eclipse Adoptium\jdk-21.0.11.10-hotspot\bin\extnet.dll
Event: 2.196 Loaded shared library C:\Program Files\Eclipse Adoptium\jdk-21.0.11.10-hotspot\bin\sunmscapi.dll
Event: 2.573 Loaded shared library C:\Users\LENOVO\.openjfx\cache\17.0.2-ea\javafx_font.dll
Event: 41.988 Loaded shared library C:\Users\LENOVO\.openjfx\cache\17.0.2-ea\jfxwebkit.dll

Deoptimization events (20 events):
Event: 48.048 Thread 0x0000025ae63d0800 DEOPT PACKING pc=0x0000025a296e730b sp=0x000000c180cfe750
Event: 48.048 Thread 0x0000025ae63d0800 DEOPT UNPACKING pc=0x0000025a30994bc2 sp=0x000000c180cfdb98 mode 0
Event: 48.081 Thread 0x0000025a40d81ee0 DEOPT PACKING pc=0x0000025a296e730b sp=0x000000c1fbbfba30
Event: 48.081 Thread 0x0000025a40d81ee0 DEOPT UNPACKING pc=0x0000025a30994bc2 sp=0x000000c1fbbfae78 mode 0
Event: 48.081 Thread 0x0000025ae63cf450 DEOPT PACKING pc=0x0000025a296e730b sp=0x000000c180dfebe0
Event: 48.081 Thread 0x0000025ae63cf450 DEOPT UNPACKING pc=0x0000025a30994bc2 sp=0x000000c180dfe028 mode 0
Event: 48.085 Thread 0x0000025a40d81ee0 Uncommon trap: trap_request=0xffffffbe fr.pc=0x0000025a312a4458 relative=0x0000000000002cf8
Event: 48.085 Thread 0x0000025a40d81ee0 Uncommon trap: reason=profile_predicate action=maybe_recompile pc=0x0000025a312a4458 method=javafx.scene.CssStyleHelper.transitionToState(Ljavafx/scene/Node;)V @ 287 c2
Event: 48.085 Thread 0x0000025a40d81ee0 DEOPT PACKING pc=0x0000025a312a4458 sp=0x000000c1fbbfdd80
Event: 48.085 Thread 0x0000025a40d81ee0 DEOPT UNPACKING pc=0x0000025a30994422 sp=0x000000c1fbbfdcf8 mode 2
Event: 48.201 Thread 0x0000025ae63d4310 DEOPT PACKING pc=0x0000025a296e730b sp=0x000000c1814fed80
Event: 48.201 Thread 0x0000025ae63d4310 DEOPT UNPACKING pc=0x0000025a30994bc2 sp=0x000000c1814fe1c8 mode 0
Event: 48.202 Thread 0x0000025ae3a02540 DEOPT PACKING pc=0x0000025a296e730b sp=0x000000c1800fe9f0
Event: 48.202 Thread 0x0000025ae3a01eb0 DEOPT PACKING pc=0x0000025a296e730b sp=0x000000c1801fed70
Event: 48.202 Thread 0x0000025ae3a02540 DEOPT UNPACKING pc=0x0000025a30994bc2 sp=0x000000c1800fde38 mode 0
Event: 48.202 Thread 0x0000025ae3a01eb0 DEOPT UNPACKING pc=0x0000025a30994bc2 sp=0x000000c1801fe1b8 mode 0
Event: 48.203 Thread 0x0000025ae63d5030 DEOPT PACKING pc=0x0000025a296e730b sp=0x000000c1815fe7c0
Event: 48.203 Thread 0x0000025ae39ff0c0 DEOPT PACKING pc=0x0000025a296e730b sp=0x000000c1802fe950
Event: 48.203 Thread 0x0000025ae39ff0c0 DEOPT UNPACKING pc=0x0000025a30994bc2 sp=0x000000c1802fdd98 mode 0
Event: 48.203 Thread 0x0000025ae63d5030 DEOPT UNPACKING pc=0x0000025a30994bc2 sp=0x000000c1815fdc08 mode 0

Classes loaded (20 events):
Event: 45.501 Loading class sun/net/www/MimeTable$DefaultInstanceHolder$1
Event: 45.501 Loading class sun/net/www/MimeTable$DefaultInstanceHolder$1 done
Event: 45.504 Loading class sun/net/www/MimeEntry
Event: 45.505 Loading class sun/net/www/MimeEntry done
Event: 45.509 Loading class sun/text/resources/cldr/FormatData_en
Event: 45.510 Loading class sun/text/resources/cldr/FormatData_en done
Event: 45.510 Loading class sun/text/resources/cldr/FormatData_en_US
Event: 45.510 Loading class sun/text/resources/cldr/FormatData_en_US done
Event: 45.510 Loading class sun/text/resources/cldr/FormatData_en_US
Event: 45.510 Loading class sun/text/resources/cldr/FormatData_en_US done
Event: 45.510 Loading class sun/text/resources/cldr/FormatData_en_US
Event: 45.510 Loading class sun/text/resources/cldr/FormatData_en_US done
Event: 45.510 Loading class sun/text/resources/cldr/FormatData_en_US
Event: 45.510 Loading class sun/text/resources/cldr/FormatData_en_US done
Event: 45.528 Loading class java/util/concurrent/Semaphore
Event: 45.529 Loading class java/util/concurrent/Semaphore done
Event: 45.529 Loading class java/util/concurrent/Semaphore$NonfairSync
Event: 45.529 Loading class java/util/concurrent/Semaphore$Sync
Event: 45.529 Loading class java/util/concurrent/Semaphore$Sync done
Event: 45.529 Loading class java/util/concurrent/Semaphore$NonfairSync done

Classes unloaded (15 events):
Event: 46.930 Thread 0x0000025a402ad200 Unloading class 0x0000025a42481400 'java/lang/invoke/LambdaForm$MH+0x0000025a42481400'
Event: 46.930 Thread 0x0000025a402ad200 Unloading class 0x0000025a42481000 'java/lang/invoke/LambdaForm$MH+0x0000025a42481000'
Event: 46.930 Thread 0x0000025a402ad200 Unloading class 0x0000025a42480c00 'java/lang/invoke/LambdaForm$MH+0x0000025a42480c00'
Event: 46.930 Thread 0x0000025a402ad200 Unloading class 0x0000025a42480400 'java/lang/invoke/LambdaForm$DMH+0x0000025a42480400'
Event: 46.930 Thread 0x0000025a402ad200 Unloading class 0x0000025a42480000 'java/lang/invoke/LambdaForm$DMH+0x0000025a42480000'
Event: 46.930 Thread 0x0000025a402ad200 Unloading class 0x0000025a4245bc00 'java/lang/invoke/LambdaForm$DMH+0x0000025a4245bc00'
Event: 46.930 Thread 0x0000025a402ad200 Unloading class 0x0000025a4245b400 'java/lang/invoke/LambdaForm$DMH+0x0000025a4245b400'
Event: 46.930 Thread 0x0000025a402ad200 Unloading class 0x0000025a4245b000 'java/lang/invoke/LambdaForm$DMH+0x0000025a4245b000'
Event: 46.930 Thread 0x0000025a402ad200 Unloading class 0x0000025a4245ac00 'java/lang/invoke/LambdaForm$DMH+0x0000025a4245ac00'
Event: 46.930 Thread 0x0000025a402ad200 Unloading class 0x0000025a4245a400 'java/lang/invoke/LambdaForm$DMH+0x0000025a4245a400'
Event: 46.930 Thread 0x0000025a402ad200 Unloading class 0x0000025a4245a000 'java/lang/invoke/LambdaForm$DMH+0x0000025a4245a000'
Event: 46.930 Thread 0x0000025a402ad200 Unloading class 0x0000025a42459c00 'java/lang/invoke/LambdaForm$DMH+0x0000025a42459c00'
Event: 46.930 Thread 0x0000025a402ad200 Unloading class 0x0000025a42459800 'java/lang/invoke/LambdaForm$DMH+0x0000025a42459800'
Event: 46.930 Thread 0x0000025a402ad200 Unloading class 0x0000025a42459400 'java/lang/invoke/LambdaForm$DMH+0x0000025a42459400'
Event: 46.930 Thread 0x0000025a402ad200 Unloading class 0x0000025a42459000 'java/lang/invoke/LambdaForm$DMH+0x0000025a42459000'

Classes redefined (0 events):
No events

Internal exceptions (20 events):
Event: 45.513 Thread 0x0000025a40cc4c80 Implicit null exception at 0x0000025a3118345e to 0x0000025a311834d0
Event: 45.518 Thread 0x0000025ad9a136f0 Exception <a 'java/lang/NoSuchMethodError'{0x000000072c446db8}: 'void java.lang.invoke.DirectMethodHandle$Holder.invokeSpecial(java.lang.Object, java.lang.Object, int, java.lang.Object, java.lang.Object, long, java.lang.Object, java.lang.Object)'> (0x000000072c446db8) 
thrown [s\src\hotspot\share\interpreter\linkResolver.cpp, line 773]
Event: 45.519 Thread 0x0000025ad9a13d80 Exception <a 'java/lang/NoSuchMethodError'{0x000000072c49de00}: 'void java.lang.invoke.DirectMethodHandle$Holder.invokeSpecial(java.lang.Object, java.lang.Object, int, java.lang.Object, java.lang.Object, long, java.lang.Object, java.lang.Object)'> (0x000000072c49de00) 
thrown [s\src\hotspot\share\interpreter\linkResolver.cpp, line 773]
Event: 45.520 Thread 0x0000025ad9a14aa0 Exception <a 'java/lang/NoSuchMethodError'{0x000000072c4619d0}: 'void java.lang.invoke.DirectMethodHandle$Holder.invokeSpecial(java.lang.Object, java.lang.Object, int, java.lang.Object, java.lang.Object, long, java.lang.Object, java.lang.Object)'> (0x000000072c4619d0) 
thrown [s\src\hotspot\share\interpreter\linkResolver.cpp, line 773]
Event: 45.523 Thread 0x0000025ad9a12340 Exception <a 'java/lang/NoSuchMethodError'{0x000000072c4d6448}: 'java.lang.Object java.lang.invoke.DirectMethodHandle$Holder.newInvokeSpecial(java.lang.Object, java.lang.Object, int, java.lang.Object, java.lang.Object, long, java.lang.Object, java.lang.Object)'> (0x000000072c4d6448) 
thrown [s\src\hotspot\share\interpreter\linkResolver.cpp, line 773]
Event: 45.525 Thread 0x0000025ad9a12340 Exception <a 'java/lang/NoSuchMethodError'{0x000000072c4da1b8}: 'java.lang.Object java.lang.invoke.DirectMethodHandle$Holder.invokeSpecial(java.lang.Object, java.lang.Object, java.lang.Object, int, java.lang.Object, java.lang.Object, long, java.lang.Object, java.lang.Object)'> (0x000000072c4da1b8) 
thrown [s\src\hotspot\share\interpreter\linkResolver.cpp, line 773]
Event: 45.525 Thread 0x0000025a8c47a380 Exception <a 'java/lang/NoSuchMethodError'{0x000000072c5168d0}: 'java.lang.Object java.lang.invoke.Invokers$Holder.linkToTargetMethod(java.lang.Object, int, java.lang.Object, java.lang.Object, long, java.lang.Object, java.lang.Object, java.lang.Object)'> (0x000000072c5168d0) 
thrown [s\src\hotspot\share\interpreter\linkResolver.cpp, line 773]
Event: 45.525 Thread 0x0000025ad9a129d0 Exception <a 'java/lang/NoSuchMethodError'{0x000000072c530218}: 'java.lang.Object java.lang.invoke.Invokers$Holder.linkToTargetMethod(java.lang.Object, int, java.lang.Object, java.lang.Object, long, java.lang.Object, java.lang.Object, java.lang.Object)'> (0x000000072c530218) 
thrown [s\src\hotspot\share\interpreter\linkResolver.cpp, line 773]
Event: 45.526 Thread 0x0000025ad9a12340 Exception <a 'java/lang/NoSuchMethodError'{0x000000072c53fd30}: 'java.lang.Object java.lang.invoke.Invokers$Holder.linkToTargetMethod(java.lang.Object, int, java.lang.Object, java.lang.Object, long, java.lang.Object, java.lang.Object, java.lang.Object)'> (0x000000072c53fd30) 
thrown [s\src\hotspot\share\interpreter\linkResolver.cpp, line 773]
Event: 45.593 Thread 0x0000025a40d81ee0 Exception <a 'java/io/FileNotFoundException'{0x000000072c793b90}> (0x000000072c793b90) 
thrown [s\src\hotspot\share\prims\jni.cpp, line 520]
Event: 45.594 Thread 0x0000025a40d81ee0 Exception <a 'java/io/FileNotFoundException'{0x000000072c7949b0}> (0x000000072c7949b0) 
thrown [s\src\hotspot\share\prims\jni.cpp, line 520]
Event: 45.594 Thread 0x0000025a40d81ee0 Exception <a 'java/io/FileNotFoundException'{0x000000072c2a02e8}> (0x000000072c2a02e8) 
thrown [s\src\hotspot\share\prims\jni.cpp, line 520]
Event: 45.595 Thread 0x0000025a40d81ee0 Exception <a 'java/io/FileNotFoundException'{0x000000072c2a1100}> (0x000000072c2a1100) 
thrown [s\src\hotspot\share\prims\jni.cpp, line 520]
Event: 45.595 Thread 0x0000025a40d81ee0 Exception <a 'java/io/FileNotFoundException'{0x000000072c2a1fc0}> (0x000000072c2a1fc0) 
thrown [s\src\hotspot\share\prims\jni.cpp, line 520]
Event: 45.596 Thread 0x0000025a40d81ee0 Exception <a 'java/io/FileNotFoundException'{0x000000072c2a2fa0}> (0x000000072c2a2fa0) 
thrown [s\src\hotspot\share\prims\jni.cpp, line 520]
Event: 45.596 Thread 0x0000025a40d81ee0 Exception <a 'java/io/FileNotFoundException'{0x000000072c2a3f40}> (0x000000072c2a3f40) 
thrown [s\src\hotspot\share\prims\jni.cpp, line 520]
Event: 45.676 Thread 0x0000025a40cc4c80 Implicit null exception at 0x0000025a31187eea to 0x0000025a31187f78
Event: 45.676 Thread 0x0000025a40cc4c80 Implicit null exception at 0x0000025a31192b3a to 0x0000025a31192bcc
Event: 45.882 Thread 0x0000025a40cc4c80 Implicit null exception at 0x0000025a311c0fce to 0x0000025a311c116c
Event: 46.418 Thread 0x0000025a40d81ee0 Exception <a 'java/lang/NoSuchMethodError'{0x000000072c585570}: 'void java.lang.invoke.DirectMethodHandle$Holder.invokeStaticInit(java.lang.Object, java.lang.Object, java.lang.Object)'> (0x000000072c585570) 
thrown [s\src\hotspot\share\interpreter\linkResolver.cpp, line 773]

ZGC Phase Switch (0 events):
No events

VM Operations (20 events):
Event: 46.944 Executing safepoint VM operation: G1PauseRemark done
Event: 46.960 Executing safepoint VM operation: G1PauseCleanup
Event: 46.961 Executing safepoint VM operation: G1PauseCleanup done
Event: 47.077 Executing safepoint VM operation: G1CollectForAllocation (G1 Evacuation Pause)
Event: 47.085 Executing safepoint VM operation: G1CollectForAllocation (G1 Evacuation Pause) done
Event: 47.520 Executing safepoint VM operation: G1CollectForAllocation (G1 Evacuation Pause)
Event: 47.546 Executing safepoint VM operation: G1CollectForAllocation (G1 Evacuation Pause) done
Event: 47.767 Executing safepoint VM operation: G1CollectForAllocation (G1 Evacuation Pause)
Event: 47.778 Executing safepoint VM operation: G1CollectForAllocation (G1 Evacuation Pause) done
Event: 47.845 Executing safepoint VM operation: G1PauseRemark
Event: 47.852 Executing safepoint VM operation: G1PauseRemark done
Event: 47.871 Executing safepoint VM operation: G1PauseCleanup
Event: 47.871 Executing safepoint VM operation: G1PauseCleanup done
Event: 48.011 Executing safepoint VM operation: G1CollectForAllocation (G1 Evacuation Pause)
Event: 48.029 Executing safepoint VM operation: G1CollectForAllocation (G1 Evacuation Pause) done
Event: 48.215 Executing safepoint VM operation: G1CollectForAllocation (G1 Evacuation Pause)
Event: 48.229 Executing safepoint VM operation: G1CollectForAllocation (G1 Evacuation Pause) done
Event: 48.342 Executing safepoint VM operation: G1CollectForAllocation (G1 Evacuation Pause)
Event: 48.342 Executing safepoint VM operation: G1CollectForAllocation (G1 Evacuation Pause) done
Event: 48.342 Executing safepoint VM operation: G1CollectForAllocation (GCLocker Initiated GC)

Memory protections (0 events):
No events

Nmethod flushes (20 events):
Event: 47.850 Thread 0x0000025a402ad200 flushing  nmethod 0x0000025a29be1e10
Event: 47.850 Thread 0x0000025a402ad200 flushing  nmethod 0x0000025a29c3ea10
Event: 47.850 Thread 0x0000025a402ad200 flushing  nmethod 0x0000025a2a10fd90
Event: 47.850 Thread 0x0000025a402ad200 flushing  nmethod 0x0000025a2a49e210
Event: 47.850 Thread 0x0000025a402ad200 flushing  nmethod 0x0000025a3124e790
Event: 47.850 Thread 0x0000025a402ad200 flushing  nmethod 0x0000025a29605690
Event: 47.850 Thread 0x0000025a402ad200 flushing  nmethod 0x0000025a2991b390
Event: 47.850 Thread 0x0000025a402ad200 flushing  nmethod 0x0000025a29fb8710
Event: 47.850 Thread 0x0000025a402ad200 flushing  nmethod 0x0000025a298bb090
Event: 47.850 Thread 0x0000025a402ad200 flushing  nmethod 0x0000025a295cff10
Event: 47.850 Thread 0x0000025a402ad200 flushing  nmethod 0x0000025a29d95090
Event: 47.850 Thread 0x0000025a402ad200 flushing  nmethod 0x0000025a29d97a10
Event: 47.850 Thread 0x0000025a402ad200 flushing  nmethod 0x0000025a2a4c5790
Event: 47.850 Thread 0x0000025a402ad200 flushing  nmethod 0x0000025a2a4c5c90
Event: 47.850 Thread 0x0000025a402ad200 flushing  nmethod 0x0000025a2943f590
Event: 47.850 Thread 0x0000025a402ad200 flushing  nmethod 0x0000025a29440710
Event: 47.850 Thread 0x0000025a402ad200 flushing  nmethod 0x0000025a29c1e890
Event: 47.850 Thread 0x0000025a402ad200 flushing  nmethod 0x0000025a29c1ed90
Event: 47.850 Thread 0x0000025a402ad200 flushing  nmethod 0x0000025a2a030e90
Event: 47.850 Thread 0x0000025a402ad200 flushing osr nmethod 0x0000025a2a445990

Events (20 events):
Event: 48.170 Thread 0x0000025a402eeb20 Thread added: 0x0000025a8b1915e0
Event: 48.202 Thread 0x0000025a40d81ee0 Thread added: 0x0000025ae63ce0a0
Event: 48.203 Thread 0x0000025a40d81ee0 Thread added: 0x0000025ae63d2240
Event: 48.204 Thread 0x0000025a40d81ee0 Thread added: 0x0000025ae63cedc0
Event: 48.209 Thread 0x0000025ae63d28d0 Thread added: 0x0000025ae63d28d0
Event: 48.210 Thread 0x0000025a40d81ee0 Thread added: 0x0000025ae63d49a0
Event: 48.210 Thread 0x0000025a40d81ee0 Thread added: 0x0000025ae63d3c80
Event: 48.211 Thread 0x0000025a40d81ee0 Thread added: 0x0000025ae63d2f60
Event: 48.211 Thread 0x0000025a40d81ee0 Thread added: 0x0000025ae63d35f0
Event: 48.212 Thread 0x0000025a40d81ee0 Thread added: 0x0000025ae3a059c0
Event: 48.213 Thread 0x0000025a40d81ee0 Thread added: 0x0000025ae3a04ca0
Event: 48.213 Thread 0x0000025a40d81ee0 Thread added: 0x0000025ae3a038f0
Event: 48.214 Thread 0x0000025a40d81ee0 Thread added: 0x0000025ae3a05330
Event: 48.229 Thread 0x0000025a40d81ee0 Thread added: 0x0000025ae3a03f80
Event: 48.231 Thread 0x0000025a40d81ee0 Thread added: 0x0000025ae3a06050
Event: 48.233 Thread 0x0000025a40d81ee0 Thread added: 0x0000025ad9a164e0
Event: 48.234 Thread 0x0000025a40d81ee0 Thread added: 0x0000025ada5b3540
Event: 48.235 Thread 0x0000025a40d81ee0 Thread added: 0x0000025ada5b48f0
Event: 48.237 Thread 0x0000025a40d81ee0 Thread added: 0x0000025ada5b5610
Event: 48.248 Thread 0x0000025ada5b4f80 Thread added: 0x0000025ada5b4f80


Dynamic libraries:
0x00007ff764b30000 - 0x00007ff764b3e000 	C:\Program Files\Eclipse Adoptium\jdk-21.0.11.10-hotspot\bin\java.exe
0x00007ffa10a40000 - 0x00007ffa10ca7000 	C:\WINDOWS\SYSTEM32\ntdll.dll
0x00007ffa0f2b0000 - 0x00007ffa0f379000 	C:\WINDOWS\System32\KERNEL32.DLL
0x00007ffa0e260000 - 0x00007ffa0e654000 	C:\WINDOWS\System32\KERNELBASE.dll
0x00007ffa0d640000 - 0x00007ffa0d78b000 	C:\WINDOWS\System32\ucrtbase.dll
0x00007ff9f25a0000 - 0x00007ff9f25be000 	C:\Program Files\Eclipse Adoptium\jdk-21.0.11.10-hotspot\bin\VCRUNTIME140.dll
0x00007ff9f25c0000 - 0x00007ff9f25d8000 	C:\Program Files\Eclipse Adoptium\jdk-21.0.11.10-hotspot\bin\jli.dll
0x00007ffa0ed90000 - 0x00007ffa0ef55000 	C:\WINDOWS\System32\USER32.dll
0x00007ff9fca00000 - 0x00007ff9fcc93000 	C:\WINDOWS\WinSxS\amd64_microsoft.windows.common-controls_6595b64144ccf1df_6.0.26100.8115_none_3e075c82e3354f9c\COMCTL32.dll
0x00007ffa0e0b0000 - 0x00007ffa0e0d7000 	C:\WINDOWS\System32\win32u.dll
0x00007ffa0fa60000 - 0x00007ffa0fb09000 	C:\WINDOWS\System32\msvcrt.dll
0x00007ffa109d0000 - 0x00007ffa109fb000 	C:\WINDOWS\System32\GDI32.dll
0x00007ffa0d310000 - 0x00007ffa0d43b000 	C:\WINDOWS\System32\gdi32full.dll
0x00007ffa0e660000 - 0x00007ffa0e703000 	C:\WINDOWS\System32\msvcp_win.dll
0x00007ffa0e8f0000 - 0x00007ffa0e922000 	C:\WINDOWS\System32\IMM32.DLL
0x00007ff9f7bc0000 - 0x00007ff9f7bcc000 	C:\Program Files\Eclipse Adoptium\jdk-21.0.11.10-hotspot\bin\vcruntime140_1.dll
0x00007ff94f7d0000 - 0x00007ff94f85d000 	C:\Program Files\Eclipse Adoptium\jdk-21.0.11.10-hotspot\bin\msvcp140.dll
0x00007ff8e67e0000 - 0x00007ff8e7582000 	C:\Program Files\Eclipse Adoptium\jdk-21.0.11.10-hotspot\bin\server\jvm.dll
0x00007ffa0fba0000 - 0x00007ffa0fc56000 	C:\WINDOWS\System32\ADVAPI32.dll
0x00007ffa0f0b0000 - 0x00007ffa0f157000 	C:\WINDOWS\System32\sechost.dll
0x00007ffa0ec60000 - 0x00007ffa0ed78000 	C:\WINDOWS\System32\RPCRT4.dll
0x00007ffa0e7d0000 - 0x00007ffa0e850000 	C:\WINDOWS\System32\WS2_32.dll
0x00007ffa0d190000 - 0x00007ffa0d1ee000 	C:\WINDOWS\SYSTEM32\POWRPROF.dll
0x00007ffa07210000 - 0x00007ffa0721b000 	C:\WINDOWS\SYSTEM32\VERSION.dll
0x00007ffa06640000 - 0x00007ffa06676000 	C:\WINDOWS\SYSTEM32\WINMM.dll
0x00007ffa0d170000 - 0x00007ffa0d184000 	C:\WINDOWS\SYSTEM32\UMPDC.dll
0x00007ffa0c070000 - 0x00007ffa0c08b000 	C:\WINDOWS\SYSTEM32\kernel.appcore.dll
0x00007ff9f2590000 - 0x00007ff9f259a000 	C:\Program Files\Eclipse Adoptium\jdk-21.0.11.10-hotspot\bin\jimage.dll
0x00007ffa0b2f0000 - 0x00007ffa0b532000 	C:\WINDOWS\SYSTEM32\DBGHELP.DLL
0x00007ffa0f3b0000 - 0x00007ffa0f732000 	C:\WINDOWS\System32\combase.dll
0x00007ffa0eb80000 - 0x00007ffa0ec58000 	C:\WINDOWS\System32\OLEAUT32.dll
0x00007ff9f3c20000 - 0x00007ff9f3c5b000 	C:\WINDOWS\SYSTEM32\dbgcore.DLL
0x00007ffa0e000000 - 0x00007ffa0e0a5000 	C:\WINDOWS\System32\bcryptPrimitives.dll
0x00007ff98ef70000 - 0x00007ff98ef90000 	C:\Program Files\Eclipse Adoptium\jdk-21.0.11.10-hotspot\bin\java.dll
0x00007ffa10100000 - 0x00007ffa10867000 	C:\WINDOWS\System32\SHELL32.dll
0x00007ffa0d4d0000 - 0x00007ffa0d63a000 	C:\WINDOWS\System32\wintypes.dll
0x00007ffa0d790000 - 0x00007ffa0dff8000 	C:\WINDOWS\System32\windows.storage.dll
0x00007ffa0f160000 - 0x00007ffa0f258000 	C:\WINDOWS\System32\SHCORE.dll
0x00007ffa0e860000 - 0x00007ffa0e8c6000 	C:\WINDOWS\System32\shlwapi.dll
0x00007ffa0d230000 - 0x00007ffa0d259000 	C:\WINDOWS\SYSTEM32\profapi.dll
0x00007ff91b7a0000 - 0x00007ff91b877000 	C:\Program Files\Eclipse Adoptium\jdk-21.0.11.10-hotspot\bin\jsvml.dll
0x00007ff9f2580000 - 0x00007ff9f2590000 	C:\Program Files\Eclipse Adoptium\jdk-21.0.11.10-hotspot\bin\net.dll
0x00007ffa062d0000 - 0x00007ffa063fd000 	C:\WINDOWS\SYSTEM32\WINHTTP.dll
0x00007ffa0c680000 - 0x00007ffa0c6ec000 	C:\WINDOWS\system32\mswsock.dll
0x00007ff98ef50000 - 0x00007ff98ef66000 	C:\Program Files\Eclipse Adoptium\jdk-21.0.11.10-hotspot\bin\nio.dll
0x00007ff98d3e0000 - 0x00007ff98d3f8000 	C:\Program Files\Eclipse Adoptium\jdk-21.0.11.10-hotspot\bin\zip.dll
0x0000025a1f810000 - 0x0000025a1f813000 	C:\Users\LENOVO\.openjfx\cache\17.0.2-ea\api-ms-win-core-console-l1-1-0.dll
0x0000025a1f820000 - 0x0000025a1f823000 	C:\Users\LENOVO\.openjfx\cache\17.0.2-ea\api-ms-win-core-console-l1-2-0.dll
0x0000025a1f830000 - 0x0000025a1f833000 	C:\Users\LENOVO\.openjfx\cache\17.0.2-ea\api-ms-win-core-datetime-l1-1-0.dll
0x0000025a1f840000 - 0x0000025a1f843000 	C:\Users\LENOVO\.openjfx\cache\17.0.2-ea\api-ms-win-core-debug-l1-1-0.dll
0x0000025a40f10000 - 0x0000025a40f13000 	C:\Users\LENOVO\.openjfx\cache\17.0.2-ea\api-ms-win-core-errorhandling-l1-1-0.dll
0x0000025a40f20000 - 0x0000025a40f24000 	C:\Users\LENOVO\.openjfx\cache\17.0.2-ea\api-ms-win-core-file-l1-1-0.dll
0x0000025a40f30000 - 0x0000025a40f33000 	C:\Users\LENOVO\.openjfx\cache\17.0.2-ea\api-ms-win-core-file-l1-2-0.dll
0x0000025a40f40000 - 0x0000025a40f43000 	C:\Users\LENOVO\.openjfx\cache\17.0.2-ea\api-ms-win-core-file-l2-1-0.dll
0x0000025a40f50000 - 0x0000025a40f53000 	C:\Users\LENOVO\.openjfx\cache\17.0.2-ea\api-ms-win-core-handle-l1-1-0.dll
0x0000025a40f60000 - 0x0000025a40f63000 	C:\Users\LENOVO\.openjfx\cache\17.0.2-ea\api-ms-win-core-heap-l1-1-0.dll
0x0000025a40f70000 - 0x0000025a40f73000 	C:\Users\LENOVO\.openjfx\cache\17.0.2-ea\api-ms-win-core-interlocked-l1-1-0.dll
0x0000025a40f80000 - 0x0000025a40f83000 	C:\Users\LENOVO\.openjfx\cache\17.0.2-ea\api-ms-win-core-libraryloader-l1-1-0.dll
0x0000025a40f90000 - 0x0000025a40f93000 	C:\Users\LENOVO\.openjfx\cache\17.0.2-ea\api-ms-win-core-localization-l1-2-0.dll
0x0000025a40fa0000 - 0x0000025a40fa3000 	C:\Users\LENOVO\.openjfx\cache\17.0.2-ea\api-ms-win-core-memory-l1-1-0.dll
0x0000025a40fb0000 - 0x0000025a40fb3000 	C:\Users\LENOVO\.openjfx\cache\17.0.2-ea\api-ms-win-core-namedpipe-l1-1-0.dll
0x0000025a40fc0000 - 0x0000025a40fc3000 	C:\Users\LENOVO\.openjfx\cache\17.0.2-ea\api-ms-win-core-processenvironment-l1-1-0.dll
0x0000025a40fd0000 - 0x0000025a40fd3000 	C:\Users\LENOVO\.openjfx\cache\17.0.2-ea\api-ms-win-core-processthreads-l1-1-0.dll
0x0000025a40fe0000 - 0x0000025a40fe3000 	C:\Users\LENOVO\.openjfx\cache\17.0.2-ea\api-ms-win-core-processthreads-l1-1-1.dll
0x0000025a40ff0000 - 0x0000025a40ff3000 	C:\Users\LENOVO\.openjfx\cache\17.0.2-ea\api-ms-win-core-profile-l1-1-0.dll
0x0000025a86000000 - 0x0000025a86003000 	C:\Users\LENOVO\.openjfx\cache\17.0.2-ea\api-ms-win-core-rtlsupport-l1-1-0.dll
0x0000025a86010000 - 0x0000025a86013000 	C:\Users\LENOVO\.openjfx\cache\17.0.2-ea\api-ms-win-core-string-l1-1-0.dll
0x0000025a86020000 - 0x0000025a86023000 	C:\Users\LENOVO\.openjfx\cache\17.0.2-ea\api-ms-win-core-synch-l1-1-0.dll
0x0000025a86030000 - 0x0000025a86033000 	C:\Users\LENOVO\.openjfx\cache\17.0.2-ea\api-ms-win-core-synch-l1-2-0.dll
0x0000025a86040000 - 0x0000025a86043000 	C:\Users\LENOVO\.openjfx\cache\17.0.2-ea\api-ms-win-core-sysinfo-l1-1-0.dll
0x0000025a86050000 - 0x0000025a86053000 	C:\Users\LENOVO\.openjfx\cache\17.0.2-ea\api-ms-win-core-timezone-l1-1-0.dll
0x0000025a86060000 - 0x0000025a86063000 	C:\Users\LENOVO\.openjfx\cache\17.0.2-ea\api-ms-win-core-util-l1-1-0.dll
0x0000025a86070000 - 0x0000025a86073000 	C:\Users\LENOVO\.openjfx\cache\17.0.2-ea\api-ms-win-crt-conio-l1-1-0.dll
0x0000025a86080000 - 0x0000025a86084000 	C:\Users\LENOVO\.openjfx\cache\17.0.2-ea\api-ms-win-crt-convert-l1-1-0.dll
0x0000025a86090000 - 0x0000025a86093000 	C:\Users\LENOVO\.openjfx\cache\17.0.2-ea\api-ms-win-crt-environment-l1-1-0.dll
0x0000025a860a0000 - 0x0000025a860a3000 	C:\Users\LENOVO\.openjfx\cache\17.0.2-ea\api-ms-win-crt-filesystem-l1-1-0.dll
0x0000025a860b0000 - 0x0000025a860b3000 	C:\Users\LENOVO\.openjfx\cache\17.0.2-ea\api-ms-win-crt-heap-l1-1-0.dll
0x0000025a860c0000 - 0x0000025a860c3000 	C:\Users\LENOVO\.openjfx\cache\17.0.2-ea\api-ms-win-crt-locale-l1-1-0.dll
0x0000025a860d0000 - 0x0000025a860d5000 	C:\Users\LENOVO\.openjfx\cache\17.0.2-ea\api-ms-win-crt-math-l1-1-0.dll
0x0000025a860e0000 - 0x0000025a860e5000 	C:\Users\LENOVO\.openjfx\cache\17.0.2-ea\api-ms-win-crt-multibyte-l1-1-0.dll
0x0000025a860f0000 - 0x0000025a86100000 	C:\Users\LENOVO\.openjfx\cache\17.0.2-ea\api-ms-win-crt-private-l1-1-0.dll
0x0000025a86100000 - 0x0000025a86103000 	C:\Users\LENOVO\.openjfx\cache\17.0.2-ea\api-ms-win-crt-process-l1-1-0.dll
0x0000025a86110000 - 0x0000025a86114000 	C:\Users\LENOVO\.openjfx\cache\17.0.2-ea\api-ms-win-crt-runtime-l1-1-0.dll
0x0000025a86120000 - 0x0000025a86124000 	C:\Users\LENOVO\.openjfx\cache\17.0.2-ea\api-ms-win-crt-stdio-l1-1-0.dll
0x0000025a86130000 - 0x0000025a86134000 	C:\Users\LENOVO\.openjfx\cache\17.0.2-ea\api-ms-win-crt-string-l1-1-0.dll
0x0000025a86140000 - 0x0000025a86143000 	C:\Users\LENOVO\.openjfx\cache\17.0.2-ea\api-ms-win-crt-time-l1-1-0.dll
0x0000025a86150000 - 0x0000025a86153000 	C:\Users\LENOVO\.openjfx\cache\17.0.2-ea\api-ms-win-crt-utility-l1-1-0.dll
0x00007ff9054e0000 - 0x00007ff9055dc000 	C:\Users\LENOVO\.openjfx\cache\17.0.2-ea\ucrtbase.dll
0x00007ff9e3ec0000 - 0x00007ff9e3eda000 	C:\Users\LENOVO\.openjfx\cache\17.0.2-ea\vcruntime140.dll
0x00007ff9e3eb0000 - 0x00007ff9e3ebc000 	C:\Users\LENOVO\.openjfx\cache\17.0.2-ea\vcruntime140_1.dll
0x00007ff91b6d0000 - 0x00007ff91b75d000 	C:\Users\LENOVO\.openjfx\cache\17.0.2-ea\msvcp140.dll
0x00007ff9e3e80000 - 0x00007ff9e3eaa000 	C:\Users\LENOVO\.openjfx\cache\17.0.2-ea\prism_d3d.dll
0x00007ff9b7f70000 - 0x00007ff9b8122000 	C:\WINDOWS\system32\d3d9.dll
0x00007ffa0acc0000 - 0x00007ffa0acef000 	C:\WINDOWS\SYSTEM32\dwmapi.dll
0x00007ffa0ab00000 - 0x00007ffa0ab43000 	C:\WINDOWS\SYSTEM32\dxcore.dll
0x00007ffa0aa00000 - 0x00007ffa0aaa9000 	C:\WINDOWS\system32\uxtheme.dll
0x00007ffa06110000 - 0x00007ffa062cb000 	C:\WINDOWS\System32\DriverStore\FileRepository\u0417253.inf_amd64_a9b363c4f94f001d\B417132\aticfx64.dll
0x00007ff9459c0000 - 0x00007ff9459f4000 	C:\WINDOWS\System32\DriverStore\FileRepository\u0417253.inf_amd64_a9b363c4f94f001d\B417132\atiu9p64.dll
0x00007ff8e4170000 - 0x00007ff8e4eb7000 	C:\WINDOWS\System32\DriverStore\FileRepository\u0417253.inf_amd64_a9b363c4f94f001d\B417132\atiumd64.dll
0x00007ffa0f8c0000 - 0x00007ffa0fa57000 	C:\WINDOWS\System32\ole32.dll
0x0000000055b00000 - 0x0000000056a13000 	C:\WINDOWS\System32\DriverStore\FileRepository\u0417253.inf_amd64_a9b363c4f94f001d\B417132\atiumd6a.dll
0x00007ffa0fc60000 - 0x00007ffa100e7000 	C:\WINDOWS\System32\SETUPAPI.dll
0x00007ffa03cf0000 - 0x00007ffa03d25000 	C:\WINDOWS\SYSTEM32\amdihk64.dll
0x00007ffa079d0000 - 0x00007ffa07a31000 	C:\WINDOWS\SYSTEM32\directxdatabasehelper.dll
0x00007ffa0cec0000 - 0x00007ffa0cf11000 	C:\WINDOWS\SYSTEM32\cfgmgr32.dll
0x00007ff91b650000 - 0x00007ff91b692000 	C:\Users\LENOVO\.openjfx\cache\17.0.2-ea\glass.dll
0x00007ffa0f740000 - 0x00007ffa0f82f000 	C:\WINDOWS\System32\COMDLG32.dll
0x00007ff9e71a0000 - 0x00007ff9e72d3000 	C:\ProgramData\A-Volute\A-Volute.Nahimic\Modules\Scheduled\x64\AudioDevProps2.dll
0x00007ffa10870000 - 0x00007ffa109cc000 	C:\WINDOWS\System32\MSCTF.dll
0x00007ffa0bad0000 - 0x00007ffa0bc02000 	C:\WINDOWS\SYSTEM32\DNSAPI.dll
0x00007ffa0ba40000 - 0x00007ffa0ba72000 	C:\WINDOWS\SYSTEM32\IPHLPAPI.DLL
0x00007ffa0ed80000 - 0x00007ffa0ed8a000 	C:\WINDOWS\System32\NSI.dll
0x00007ffa06450000 - 0x00007ffa0645b000 	C:\Windows\System32\rasadhlp.dll
0x00007ffa03b00000 - 0x00007ffa03b86000 	C:\WINDOWS\System32\fwpuclnt.dll
0x00007ff996f70000 - 0x00007ff996f79000 	C:\Program Files\Eclipse Adoptium\jdk-21.0.11.10-hotspot\bin\extnet.dll
0x00007ffa0c960000 - 0x00007ffa0c97b000 	C:\WINDOWS\SYSTEM32\CRYPTSP.dll
0x00007ffa0bfd0000 - 0x00007ffa0c009000 	C:\WINDOWS\system32\rsaenh.dll
0x00007ffa0c730000 - 0x00007ffa0c763000 	C:\WINDOWS\SYSTEM32\USERENV.dll
0x00007ffa0d200000 - 0x00007ffa0d22a000 	C:\WINDOWS\SYSTEM32\bcrypt.dll
0x00007ffa0c980000 - 0x00007ffa0c98c000 	C:\WINDOWS\SYSTEM32\CRYPTBASE.dll
0x00007ff996f60000 - 0x00007ff996f6e000 	C:\Program Files\Eclipse Adoptium\jdk-21.0.11.10-hotspot\bin\sunmscapi.dll
0x00007ffa0e0e0000 - 0x00007ffa0e257000 	C:\WINDOWS\System32\CRYPT32.dll
0x00007ffa0cb80000 - 0x00007ffa0cbb0000 	C:\WINDOWS\SYSTEM32\ncrypt.dll
0x00007ffa0cb30000 - 0x00007ffa0cb6f000 	C:\WINDOWS\SYSTEM32\NTASN1.dll
0x00007ff9ef5e0000 - 0x00007ff9ef5e8000 	C:\WINDOWS\system32\wshunix.dll
0x00007ff98bc20000 - 0x00007ff98bc34000 	C:\Users\LENOVO\.openjfx\cache\17.0.2-ea\javafx_font.dll
0x00007ffa09190000 - 0x00007ffa093f7000 	C:\WINDOWS\SYSTEM32\dwrite.dll
0x00007ffa0eff0000 - 0x00007ffa0f09e000 	C:\WINDOWS\System32\clbcatq.dll

JVMTI agents: none

dbghelp: loaded successfully - version: 4.0.5 - missing functions: none
symbol engine: initialized successfully - sym options: 0x614 - pdb path: .;C:\Program Files\Eclipse Adoptium\jdk-21.0.11.10-hotspot\bin;C:\WINDOWS\SYSTEM32;C:\WINDOWS\WinSxS\amd64_microsoft.windows.common-controls_6595b64144ccf1df_6.0.26100.8115_none_3e075c82e3354f9c;C:\Program Files\Eclipse Adoptium\jdk-21.0.11.10-hotspot\bin\server;C:\Users\LENOVO\.openjfx\cache\17.0.2-ea;C:\WINDOWS\System32\DriverStore\FileRepository\u0417253.inf_amd64_a9b363c4f94f001d\B417132;C:\ProgramData\A-Volute\A-Volute.Nahimic\Modules\Scheduled\x64;C:\Program Files\Common Files\Microsoft Shared\Ink

VM Arguments:
jvm_args: --module-path=C:\Users\LENOVO\.m2\repository\org\openjfx\javafx-base\17.0.2\javafx-base-17.0.2-win.jar;C:\Users\LENOVO\.m2\repository\org\openjfx\javafx-base\17.0.2\javafx-base-17.0.2.jar;C:\Users\LENOVO\.m2\repository\org\openjfx\javafx-controls\17.0.2\javafx-controls-17.0.2-win.jar;C:\Users\LENOVO\.m2\repository\org\openjfx\javafx-controls\17.0.2\javafx-controls-17.0.2.jar;C:\Users\LENOVO\.m2\repository\org\openjfx\javafx-fxml\17.0.2\javafx-fxml-17.0.2-win.jar;C:\Users\LENOVO\.m2\repository\org\openjfx\javafx-graphics\17.0.2\javafx-graphics-17.0.2-win.jar;C:\Users\LENOVO\.m2\repository\org\openjfx\javafx-graphics\17.0.2\javafx-graphics-17.0.2.jar;C:\Users\LENOVO\.m2\repository\org\openjfx\javafx-media\17.0.2\javafx-media-17.0.2-win.jar;C:\Users\LENOVO\.m2\repository\org\openjfx\javafx-media\17.0.2\javafx-media-17.0.2.jar;C:\Users\LENOVO\.m2\repository\org\openjfx\javafx-swing\17.0.2\javafx-swing-17.0.2-win.jar;C:\Users\LENOVO\.m2\repository\org\openjfx\javafx-swing\17.0.2\javafx-swing-17.0.2.jar;C:\Users\LENOVO\.m2\repository\org\openjfx\javafx-web\17.0.2\javafx-web-17.0.2-win.jar;C:\Users\LENOVO\.m2\repository\org\openjfx\javafx-web\17.0.2\javafx-web-17.0.2.jar --add-modules=javafx.base,javafx.controls,javafx.fxml,javafx.graphics,javafx.media,javafx.swing,javafx.web 
java_command: com.wellcare.Main
java_class_path (initial): C:\Users\LENOVO\Desktop\projetjavafinal\finalprojetjava\target\classes;C:\Users\LENOVO\.m2\repository\antlr\antlr\2.7.7\antlr-2.7.7.jar;C:\Users\LENOVO\.m2\repository\at\favre\lib\bcrypt\0.10.2\bcrypt-0.10.2.jar;C:\Users\LENOVO\.m2\repository\at\favre\lib\bytes\1.5.0\bytes-1.5.0.jar;C:\Users\LENOVO\.m2\repository\com\fasterxml\classmate\1.5.1\classmate-1.5.1.jar;C:\Users\LENOVO\.m2\repository\com\fasterxml\jackson\core\jackson-annotations\2.14.2\jackson-annotations-2.14.2.jar;C:\Users\LENOVO\.m2\repository\com\fasterxml\jackson\core\jackson-core\2.14.2\jackson-core-2.14.2.jar;C:\Users\LENOVO\.m2\repository\com\fasterxml\jackson\core\jackson-databind\2.14.2\jackson-databind-2.14.2.jar;C:\Users\LENOVO\.m2\repository\com\github\ben-manes\caffeine\caffeine\2.9.3\caffeine-2.9.3.jar;C:\Users\LENOVO\.m2\repository\com\github\librepdf\openpdf\1.3.30\openpdf-1.3.30.jar;C:\Users\LENOVO\.m2\repository\com\github\waffle\waffle-jna\3.3.0\waffle-jna-3.3.0.jar;C:\Users\LENOVO\.m2\repository\com\google\code\findbugs\jsr305\3.0.2\jsr305-3.0.2.jar;C:\Users\LENOVO\.m2\repository\com\google\errorprone\error_prone_annotations\2.10.0\error_prone_annotations-2.10.0.jar;C:\Users\LENOVO\.m2\repository\com\google\protobuf\protobuf-java\3.21.9\protobuf-java-3.21.9.jar;C:\Users\LENOVO\.m2\repository\com\googlecode\json-simple\json-simple\1.1.1\json-simple-1.1.1.jar;C:\Users\LENOVO\.m2\repository\com\itextpdf\barcodes\7.2.5\barcodes-7.2.5.jar;C:\Users\LENOVO\.m2\repository\com\itextpdf\commons\7.2.5\commons-7.2.5.jar;C:\Users\LENOVO\.m2\repository\com\itextpdf\font-asian\7.2.5\font-asian-7.2.5.jar;C:\Users\LENOVO\.m2\repository\com\itextpdf\forms\7.2.5\forms-7.2.5.jar;C:\Users\LENOVO\.m2\repository\com\itextpdf\hyph\7.2.5\hyph-7.2.5.jar;C:\Users\LENOVO\.m2\repository\com\itextpdf\io\7.2.5\io-7.2.5.jar;C:\Users\LENOVO\.m2\repository\com\itextpdf\itextpdf\5.5.13.3\itextpdf-5.5.13.3.jar;C:\Users\LENOVO\.m2\repository\com\itextpdf\kernel\7.2.5\kernel-7.2.5.jar;C:\Users\LENOVO\.m2\repository\com\itextpdf\layout\7.2.5\layout-7.2.5.jar;C:\Users\LENOVO\.m2\repository\com\itextpdf\pdfa\7.2.5\pdfa-7.2.5.jar;C:\Users\LENOVO\.m2\repository\com\itextpdf\sign\7.2.5\sign-7.2.5.jar;C:\Users\LENOVO\.m2\repository\com\itextpdf\styled-xml-parser\7.2.5\styled-xml-parser-7.2.5.jar;C:\Users\LENOVO\.m2\repository\com\itextpdf\svg\7.2.5\svg-7.2.5.jar;C:\Users\LENOVO\.m2\repository\com\mysql\mysql-connector-j\8.0.33\mysql-connector-j-8.0.33.jar;C:\Users\LENOVO\.m2\repository\com\sothawo\mapjfx\3.1.0\mapjfx-3.1.0.jar;C:\Users\LENOVO\.m2\repository\com\squareup\okhttp3\okhttp\4.12.0\okhttp-4.12.0.jar;C:\Users\LENOVO\.m2\repository\com\squareup\okio\okio\3.6.0\okio-3.6.0.jar;C:\Users\LENOVO\.m2\repository\com\squareup\okio\okio-jvm\3.6.0\okio-jvm-3.6.0.jar;C:\Users\LENOVO\.m2\repository\com\sun\activation\jakarta.activation\2.0.1\jakarta.activation-2.0.1.jar;C:\Users\LENOVO\.m2\repository\com\sun\istack\istack-commons-runtime\3.0.7\istack-commons-runtime-3.0.7.jar;C:\Users\LENOVO\.m2\repository\com\sun\mail\jakarta.mail\2.0.1\jakarta.mail-2.0.1.jar;C:\Users\LENOVO\.m2\repository\com\sun\xml\fastinfoset\FastInfoset\1.2.15\FastInfoset-1.2.15.jar;C:\Users\LENOVO\.m2\repository\jakarta\servlet\jakarta.servlet-api\6.0.0\jakarta.servlet-api-6.0.0.jar;C:\Users\LENOVO\.m2\repository\javax\activation\javax.activation-api\1.2.0\javax.activation-api-1.2.0.jar;C:\Users\LENOVO\.m2\repository\javax\persistence\javax.persistence-api\2.2\javax.persistence-api-2.2.jar;C:\Users\LENOVO\.m2\repository\javax\xml\bind\jaxb-api\2.3.1\jaxb-api-2.3.1.jar;C:\Users\LENOVO\.m2\repository\junit\junit\4.10\junit-4.10.jar;C:\Users\LENOVO\.m2\repository\net\bytebuddy\byte-buddy\1.12.18\byte-buddy-1.12.18.jar;C:\Users\LENOVO\.m2\repository\net\java\dev\jna\jna\5.13.0\jna-5.13.0.jar;C:\Users\LENOVO\.m2\repository\net\java\dev\jna\jna-platform\5.13.0\jna-platform-5.13.0.jar;C:\Users\LENOVO\.m2\repository\org\bouncycastle\bcpkix-jdk15on\1.70\bcpkix-jdk15on-1.70.jar;C:\Users\LENOVO\.m2\repository\org\bouncycastle\bcprov-jdk15on\1.70\bcprov-jdk15on-1.70.jar;C:\Users\LENOVO\.m2\repository\org\bouncycastle\bcutil-jdk15on\1.70\bcutil-jdk15on-1.70.jar;C:\Users\LENOVO\.m2\repository\org\checkerframework\checker-qual\3.32.0\checker-qual-3.32.0.jar;C:\Users\LENOVO\.m2\repository\org\controlsfx\controlsfx\11.2.1\controlsfx-11.2.1.jar;C:\Users\LENOVO\.m2\repository\org\glassfish\jaxb\jaxb-runtime\2.3.1\jaxb-runtime-2.3.1.jar;C:\Users\LENOVO\.m2\repository\org\glassfish\jaxb\txw2\2.3.1\txw2-2.3.1.jar;C:\Users\LENOVO\.m2\repository\org\hamcrest\hamcrest-core\1.1\hamcrest-core-1.1.jar;C:\Users\LENOVO\.m2\repository\org\hibernate\hibernate-core\5.6.15.Final\hibernate-core-5.6.15.Final.jar;C:\Users\LENOVO\.m2\repository\org\hibernate\common\hibernate-commons-annotations\5.1.2.Final\hibernate-commons-annotations-5.1.2.Final.jar;C:\Users\LENOVO\.m2\repository\org\java-websocket\Java-WebSocket\1.5.3\Java-WebSocket-1.5.3.jar;C:\Users\LENOVO\.m2\repository\org\jboss\jandex\2.4.2.Final\jandex-2.4.2.Final.jar;C:\Users\LENOVO\.m2\repository\org\jboss\logging\jboss-logging\3.4.3.Final\jboss-logging-3.4.3.Final.jar;C:\Users\LENOVO\.m2\repository\org\jboss\spec\javax\transaction\jboss-transaction-api_1.2_spec\1.1.1.Final\jboss-transaction-api_1.2_spec-1.1.1.Final.jar;C:\Users\LENOVO\.m2\repository\org\jetbrains\annotations\13.0\annotations-13.0.jar;C:\Users\LENOVO\.m2\repository\org\jetbrains\kotlin\kotlin-stdlib\1.8.21\kotlin-stdlib-1.8.21.jar;C:\Users\LENOVO\.m2\repository\org\jetbrains\kotlin\kotlin-stdlib-common\1.9.10\kotlin-stdlib-common-1.9.10.jar;C:\Users\LENOVO\.m2\repository\org\jetbrains\kotlin\kotlin-stdlib-jdk7\1.8.21\kotlin-stdlib-jdk7-1.8.21.jar;C:\Users\LENOVO\.m2\repository\org\jetbrains\kotlin\kotlin-stdlib-jdk8\1.8.21\kotlin-stdlib-jdk8-1.8.21.jar;C:\Users\LENOVO\.m2\repository\org\json\json\20231013\json-20231013.jar;C:\Users\LENOVO\.m2\repository\org\jvnet\staxex\stax-ex\1.8\stax-ex-1.8.jar;C:\Users\LENOVO\.m2\repository\org\mariadb\jdbc\mariadb-java-client\3.3.3\mariadb-java-client-3.3.3.jar;C:\Users\LENOVO\.m2\repository\org\slf4j\jcl-over-slf4j\2.0.7\jcl-over-slf4j-2.0.7.jar;C:\Users\LENOVO\.m2\repository\org\slf4j\slf4j-api\1.7.31\slf4j-api-1.7.31.jar;C:\Users\LENOVO\.m2\repository\org\slf4j\slf4j-simple\1.7.36\slf4j-simple-1.7.36.jar
Launcher Type: SUN_STANDARD

[Global flags]
     intx CICompilerCount                          = 4                                         {product} {ergonomic}
     uint ConcGCThreads                            = 3                                         {product} {ergonomic}
     uint G1ConcRefinementThreads                  = 10                                        {product} {ergonomic}
   size_t G1HeapRegionSize                         = 2097152                                   {product} {ergonomic}
    uintx GCDrainStackTargetSize                   = 64                                        {product} {ergonomic}
   size_t InitialHeapSize                          = 232783872                                 {product} {ergonomic}
   size_t MarkStackSize                            = 4194304                                   {product} {ergonomic}
   size_t MaxHeapSize                              = 3720347648                                {product} {ergonomic}
   size_t MaxNewSize                               = 2231369728                                {product} {ergonomic}
   size_t MinHeapDeltaBytes                        = 2097152                                   {product} {ergonomic}
   size_t MinHeapSize                              = 8388608                                   {product} {ergonomic}
    uintx NonNMethodCodeHeapSize                   = 5839372                                {pd product} {ergonomic}
    uintx NonProfiledCodeHeapSize                  = 122909434                              {pd product} {ergonomic}
    uintx ProfiledCodeHeapSize                     = 122909434                              {pd product} {ergonomic}
    uintx ReservedCodeCacheSize                    = 251658240                              {pd product} {ergonomic}
     bool SegmentedCodeCache                       = true                                      {product} {ergonomic}
   size_t SoftMaxHeapSize                          = 3720347648                             {manageable} {ergonomic}
     bool UseCompressedOops                        = true                           {product lp64_product} {ergonomic}
     bool UseG1GC                                  = true                                      {product} {ergonomic}
     bool UseLargePagesIndividualAllocation        = false                                  {pd product} {ergonomic}

Logging:
Log output configuration:
 #0: stdout all=warning uptime,level,tags foldmultilines=false
 #1: stderr all=off uptime,level,tags foldmultilines=false

Release file:
IMPLEMENTOR="Eclipse Adoptium" 
IMPLEMENTOR_VERSION="Temurin-21.0.11+10" 
JAVA_RUNTIME_VERSION="21.0.11+10-LTS" 
JAVA_VERSION="21.0.11" 
JAVA_VERSION_DATE="2026-04-21" 
LIBC="default" 
MODULES="java.base java.compiler java.datatransfer java.xml java.prefs java.desktop java.instrument java.logging java.management java.security.sasl java.naming java.rmi java.management.rmi java.net.http java.scripting java.security.jgss java.transaction.xa java.sql java.sql.rowset java.xml.crypto java.se java.smartcardio jdk.accessibility jdk.internal.jvmstat jdk.attach jdk.charsets jdk.internal.opt jdk.zipfs jdk.compiler jdk.crypto.ec jdk.crypto.cryptoki jdk.crypto.mscapi jdk.dynalink jdk.internal.ed jdk.editpad jdk.hotspot.agent jdk.httpserver jdk.incubator.vector jdk.internal.le jdk.internal.vm.ci jdk.internal.vm.compiler jdk.internal.vm.compiler.management jdk.jartool jdk.javadoc jdk.jcmd jdk.management jdk.management.agent jdk.jconsole jdk.jdeps jdk.jdwp.agent jdk.jdi jdk.jfr jdk.jlink jdk.jpackage jdk.jshell jdk.jsobject jdk.jstatd jdk.localedata jdk.management.jfr jdk.naming.dns jdk.naming.rmi jdk.net jdk.nio.mapmode jdk.random jdk.sctp jdk.security.auth jdk.security.jgss jdk.unsupported jdk.unsupported.desktop jdk.xml.dom" 
OS_ARCH="x86_64" 
OS_NAME="Windows" 
SOURCE=".:git:254494ad7d75" 
BUILD_SOURCE="git:a612825ee82a20ac872d60958c349854c1f29a8e"
BUILD_SOURCE_REPO="https://github.com/adoptium/temurin-build.git"
SOURCE_REPO="https://github.com/adoptium/jdk21u.git"
FULL_VERSION="21.0.11+10-LTS"
SEMANTIC_VERSION="21.0.11+10"
BUILD_INFO="OS: Windows Server 2022 Version: 10.0"
JVM_VARIANT="Hotspot"
JVM_VERSION="21.0.11+10-LTS"
IMAGE_TYPE="JDK"

Environment Variables:
JAVA_HOME=C:\Program Files\Eclipse Adoptium\jdk-21.0.11.10-hotspot
PATH=C:\oraclexe\app\oracle\product\11.2.0\server\bin;;C:\Program Files (x86)\VMware\VMware Workstation\bin\;C:\Program Files\Common Files\Oracle\Java\javapath;C:\ProgramData\Oracle\Java\javapath;C:\Windows\system32;C:\Windows;C:\Windows\System32\Wbem;C:\Windows\System32\WindowsPowerShell\v1.0\;C:\Windows\System32\OpenSSH\;C:\Program Files (x86)\NVIDIA Corporation\PhysX\Common;C:\Program Files\NVIDIA Corporation\NVIDIA NvDLISR;C:\Program Files (x86)\dotnet\;C:\WINDOWS\system32;C:\WINDOWS;C:\WINDOWS\System32\Wbem;C:\WINDOWS\System32\WindowsPowerShell\v1.0\;C:\WINDOWS\System32\OpenSSH\;C:\php-8.3.2-;C:\Program Files\Git\cmd;C:\Program Files\nodejs\;C:\sqlite;C:\Program Files (x86)\Git\cmd;C:\Users\LENOVO\AppData\Local\Android\Sdk\platform-tools;C:\Users\LENOVO\AppData\Local\Android\Sdk\emulator;C:\Users\LENOVO\AppData\Local\Android\Sdk\tools;C:\Users\LENOVO\AppData\Local\Android\Sdk\tools\bin;C:\ProgramData\ComposerSetup\bin;C:\Program Files (x86)\Microsoft SQL Server\150\Tools\Binn\;C:\Program Files\Microsoft SQL Server\150\Tools\Binn\;C:\Program Files (x86)\Microsoft SQL Server\150\DTS\Binn\;C:\Program Files\Microsoft SQL Server\150\DTS\Binn\;C:\Program Files\Microsoft SQL Server\Client SDK\ODBC\170\Tools\Binn\;C:\Program Files (x86)\Microsoft SQL Server\160\DTS\Binn\;C:\Program Files\Docker\Docker\resources\bin;C:\Users\LENOVO\scoop\shims;C:\Users\LENOVO\AppData\Local\Programs\Python\Python312\Scripts\;C:\Users\LENOVO\AppData\Local\Programs\Python\Python312\;C:\Users\LENOVO\AppData\Local\Programs\Python\Launcher\;C:\Users\LENOVO\AppData\Local\Microsoft\WindowsApps;C:\Users\LENOVO\AppData\Local\Programs\Microsoft VS Code\bin;C:\Users\LENOVO\AppData\Roaming\npm;C:\Users\LENOVO\AppData\Roaming\Composer\vendor\bin;C:\Users\LENOVO\AppData\Local\Google\Cloud SDK\google-cloud-sdk\bin;C:\xampp\php;C:\Users\LENOVO\AppData\Local\Programs\cursor\resources\app\bin;
USERNAME=LENOVO
OS=Windows_NT
PROCESSOR_IDENTIFIER=AMD64 Family 25 Model 80 Stepping 0, AuthenticAMD
TMP=C:\Users\LENOVO\AppData\Local\Temp
TEMP=C:\Users\LENOVO\AppData\Local\Temp




Periodic native trim disabled

---------------  S Y S T E M  ---------------

OS:
 Windows 11 , 64 bit Build 26100 (10.0.26100.8246)
OS uptime: 1 days 7:09 hours
Hyper-V role detected

CPU: total 12 (initial active 12) (12 cores per cpu, 2 threads per core) family 25 model 80 stepping 0 microcode 0xa50000c, cx8, cmov, fxsr, ht, mmx, 3dnowpref, sse, sse2, sse3, ssse3, sse4a, sse4.1, sse4.2, popcnt, lzcnt, tsc, tscinvbit, avx, avx2, aes, erms, clmul, bmi1, bmi2, adx, sha, fma, vzeroupper, clflush, clflushopt, hv, rdtscp, rdpid, fsrm, f16c, cet_ss
Processor Information for processor 0
  Max Mhz: 3301, Current Mhz: 3301, Mhz Limit: 3301
Processor Information for processor 1
  Max Mhz: 3301, Current Mhz: 2630, Mhz Limit: 3301
Processor Information for processor 2
  Max Mhz: 3301, Current Mhz: 2630, Mhz Limit: 3301
Processor Information for processor 3
  Max Mhz: 3301, Current Mhz: 3301, Mhz Limit: 3301
Processor Information for processor 4
  Max Mhz: 3301, Current Mhz: 3301, Mhz Limit: 3301
Processor Information for processor 5
  Max Mhz: 3301, Current Mhz: 2630, Mhz Limit: 3301
Processor Information for processor 6
  Max Mhz: 3301, Current Mhz: 3301, Mhz Limit: 3301
Processor Information for processor 7
  Max Mhz: 3301, Current Mhz: 3301, Mhz Limit: 3301
Processor Information for processor 8
  Max Mhz: 3301, Current Mhz: 2630, Mhz Limit: 3301
Processor Information for processor 9
  Max Mhz: 3301, Current Mhz: 3301, Mhz Limit: 3301
Processor Information for processor 10
  Max Mhz: 3301, Current Mhz: 3301, Mhz Limit: 3301
Processor Information for processor 11
  Max Mhz: 3301, Current Mhz: 2630, Mhz Limit: 3301

Memory: 4k page, system-wide physical 14188M (1587M free)
TotalPageFile size 46897M (AvailPageFile size 129M)
current process WorkingSet (physical memory assigned to process): 648M, peak: 648M
current process commit charge ("private bytes"): 942M, peak: 1214M

vm_info: OpenJDK 64-Bit Server VM (21.0.11+10-LTS) for windows-amd64 JRE (21.0.11+10-LTS), built on 2026-04-21T00:00:00Z by "admin" with MS VC++ 17.12 (VS2022)

END.
