#
# There is insufficient memory for the Java Runtime Environment to continue.
# Native memory allocation (mmap) failed to map 197132288 bytes. Error detail: G1 virtual space
# Possible reasons:
#   The system is out of physical RAM or swap space
#   This process is running with CompressedOops enabled, and the Java Heap may be blocking the growth of the native heap
# Possible solutions:
#   Reduce memory load on the system
#   Increase physical memory or swap space
#   Check if swap backing store is full
#   Decrease Java heap size (-Xmx/-Xms)
#   Decrease number of Java threads
#   Decrease Java thread stack sizes (-Xss)
#   Set larger code cache with -XX:ReservedCodeCacheSize=
#   JVM is running with Zero Based Compressed Oops mode in which the Java heap is
#     placed in the first 32GB address space. The Java Heap base address is the
#     maximum limit for the native heap growth. Please use -XX:HeapBaseMinAddress
#     to set the Java Heap base and to place the Java Heap above 32GB virtual address.
# This output file may be truncated or incomplete.
#
#  Out of Memory Error (os_windows.cpp:3714), pid=45324, tid=5104
#
# JRE version: OpenJDK Runtime Environment Temurin-21.0.11+10 (21.0.11+10) (build 21.0.11+10-LTS)
# Java VM: OpenJDK 64-Bit Server VM Temurin-21.0.11+10 (21.0.11+10-LTS, mixed mode, sharing, tiered, compressed oops, compressed class ptrs, g1 gc, windows-amd64)
# No core dump will be written. Minidumps are not enabled by default on client versions of Windows
#

---------------  S U M M A R Y ------------

Command Line: --module-path=C:\Users\LENOVO\.m2\repository\org\openjfx\javafx-base\17.0.2\javafx-base-17.0.2-win.jar;C:\Users\LENOVO\.m2\repository\org\openjfx\javafx-base\17.0.2\javafx-base-17.0.2.jar;C:\Users\LENOVO\.m2\repository\org\openjfx\javafx-controls\17.0.2\javafx-controls-17.0.2-win.jar;C:\Users\LENOVO\.m2\repository\org\openjfx\javafx-controls\17.0.2\javafx-controls-17.0.2.jar;C:\Users\LENOVO\.m2\repository\org\openjfx\javafx-fxml\17.0.2\javafx-fxml-17.0.2-win.jar;C:\Users\LENOVO\.m2\repository\org\openjfx\javafx-graphics\17.0.2\javafx-graphics-17.0.2-win.jar;C:\Users\LENOVO\.m2\repository\org\openjfx\javafx-graphics\17.0.2\javafx-graphics-17.0.2.jar;C:\Users\LENOVO\.m2\repository\org\openjfx\javafx-media\17.0.2\javafx-media-17.0.2-win.jar;C:\Users\LENOVO\.m2\repository\org\openjfx\javafx-media\17.0.2\javafx-media-17.0.2.jar;C:\Users\LENOVO\.m2\repository\org\openjfx\javafx-swing\17.0.2\javafx-swing-17.0.2-win.jar;C:\Users\LENOVO\.m2\repository\org\openjfx\javafx-swing\17.0.2\javafx-swing-17.0.2.jar;C:\Users\LENOVO\.m2\repository\org\openjfx\javafx-web\17.0.2\javafx-web-17.0.2-win.jar;C:\Users\LENOVO\.m2\repository\org\openjfx\javafx-web\17.0.2\javafx-web-17.0.2.jar --add-modules=javafx.base,javafx.controls,javafx.fxml,javafx.graphics,javafx.media,javafx.swing,javafx.web com.wellcare.Main

Host: AMD Ryzen 5 5600H with Radeon Graphics         , 12 cores, 13G,  Windows 11 , 64 bit Build 26100 (10.0.26100.8246)
Time: Thu May  7 00:19:58 2026 Afr. centrale Ouest elapsed time: 40.709297 seconds (0d 0h 0m 40s)

---------------  T H R E A D  ---------------

Current thread (0x000001a0ffee59d0):  VMThread "VM Thread"          [id=5104, stack(0x000000106e100000,0x000000106e200000) (1024K)]

Stack: [0x000000106e100000,0x000000106e200000]
Native frames: (J=compiled Java code, j=interpreted, Vv=VM code, C=native code)
V  [jvm.dll+0x6d7e19]
V  [jvm.dll+0x8b5096]
V  [jvm.dll+0x8b764e]
V  [jvm.dll+0x8b7d33]
V  [jvm.dll+0x284596]
V  [jvm.dll+0x6d4735]
V  [jvm.dll+0x6c845a]
V  [jvm.dll+0x35ef08]
V  [jvm.dll+0x366b46]
V  [jvm.dll+0x3b7c2e]
V  [jvm.dll+0x3b7ed8]
V  [jvm.dll+0x33310c]
V  [jvm.dll+0x333197]
V  [jvm.dll+0x376f6c]
V  [jvm.dll+0x37570e]
V  [jvm.dll+0x332851]
V  [jvm.dll+0x374d7a]
V  [jvm.dll+0x8bda20]
V  [jvm.dll+0x8bed94]
V  [jvm.dll+0x8bf2c0]
V  [jvm.dll+0x8bf563]
V  [jvm.dll+0x85fb0d]
V  [jvm.dll+0x6d664d]
C  [ucrtbase.dll+0x37b0]
C  [KERNEL32.DLL+0x2e8d7]
C  [ntdll.dll+0x8c3fc]

VM_Operation (0x000000106f0fc390): G1CollectForAllocation, mode: safepoint, requested by thread 0x000001a0d760c770


---------------  P R O C E S S  ---------------

Threads class SMR info:
_java_thread_list=0x000001a0dd559420, length=77, elements={
0x000001a0f2718790, 0x000001a0fff05850, 0x000001a0fff082c0, 0x000001a0fff0b540,
0x000001a0fff0c8f0, 0x000001a0fff0fae0, 0x000001a0fff18e00, 0x000001a091693c80,
0x000001a091696eb0, 0x000001a09179ff40, 0x000001a0d7337b90, 0x000001a0d73333e0,
0x000001a0d75a71a0, 0x000001a0d760c770, 0x000001a0dbfab060, 0x000001a0dbfaffb0,
0x000001a0dc2b4900, 0x000001a0dc6cb180, 0x000001a0dc755810, 0x000001a0dc6a3410,
0x000001a0dc6a47c0, 0x000001a0dc6a3aa0, 0x000001a0dc6a4130, 0x000001a0dc6a4e50,
0x000001a0df1b14c0, 0x000001a0df1b1b50, 0x000001a0df1b07a0, 0x000001a0df1b42b0,
0x000001a0df1b0e30, 0x000001a0df1b4940, 0x000001a0df1b4fd0, 0x000001a0df1b21e0,
0x000001a0df1b2870, 0x000001a0df1b5660, 0x000001a0df1b5cf0, 0x000001a0df1b6380,
0x000001a0dc6a54e0, 0x000001a0e1ea7b00, 0x000001a0e1ea8820, 0x000001a0e1ea6de0,
0x000001a0e1ea9540, 0x000001a0e1ea6750, 0x000001a0e1ea7470, 0x000001a0e1ea8190,
0x000001a0e1ea8eb0, 0x000001a140c5edf0, 0x000001a140c61550, 0x000001a140c5e0d0,
0x000001a140c601a0, 0x000001a140c61be0, 0x000001a140c5f480, 0x000001a140c5e760,
0x000001a140c62f90, 0x000001a140c60830, 0x000001a140c62270, 0x000001a140c62900,
0x000001a140c5fb10, 0x000001a140c63cb0, 0x000001a140c63620, 0x000001a140c64340,
0x000001a140c65060, 0x000001a140c649d0, 0x000001a140c656f0, 0x000001a0ddf21860,
0x000001a140c60ec0, 0x000001a140c9bab0, 0x000001a140c9c7d0, 0x000001a140c9b420,
0x000001a140c9a070, 0x000001a140c9ce60, 0x000001a140c9d4f0, 0x000001a140c9a700,
0x000001a140c9ad90, 0x000001a140c9c140, 0x000001a0df1af3f0, 0x000001a0df1b3590,
0x000001a0df1b2f00
}

Java Threads: ( => current thread )
  0x000001a0f2718790 JavaThread "main"                              [_thread_blocked, id=13260, stack(0x000000106da00000,0x000000106db00000) (1024K)]
  0x000001a0fff05850 JavaThread "Reference Handler"          daemon [_thread_blocked, id=2284, stack(0x000000106e200000,0x000000106e300000) (1024K)]
  0x000001a0fff082c0 JavaThread "Finalizer"                  daemon [_thread_blocked, id=28880, stack(0x000000106e300000,0x000000106e400000) (1024K)]
  0x000001a0fff0b540 JavaThread "Signal Dispatcher"          daemon [_thread_blocked, id=38412, stack(0x000000106e400000,0x000000106e500000) (1024K)]
  0x000001a0fff0c8f0 JavaThread "Attach Listener"            daemon [_thread_blocked, id=43972, stack(0x000000106e500000,0x000000106e600000) (1024K)]
  0x000001a0fff0fae0 JavaThread "Service Thread"             daemon [_thread_blocked, id=33840, stack(0x000000106e600000,0x000000106e700000) (1024K)]
  0x000001a0fff18e00 JavaThread "Monitor Deflation Thread"   daemon [_thread_blocked, id=39668, stack(0x000000106e700000,0x000000106e800000) (1024K)]
  0x000001a091693c80 JavaThread "C2 CompilerThread0"         daemon [_thread_blocked, id=31480, stack(0x000000106e800000,0x000000106e900000) (1024K)]
  0x000001a091696eb0 JavaThread "C1 CompilerThread0"         daemon [_thread_blocked, id=44548, stack(0x000000106e900000,0x000000106ea00000) (1024K)]
  0x000001a09179ff40 JavaThread "Common-Cleaner"             daemon [_thread_blocked, id=40328, stack(0x000000106ea00000,0x000000106eb00000) (1024K)]
  0x000001a0d7337b90 JavaThread "Notification Thread"        daemon [_thread_blocked, id=30956, stack(0x000000106ed00000,0x000000106ee00000) (1024K)]
  0x000001a0d73333e0 JavaThread "QuantumRenderer-0"          daemon [_thread_blocked, id=44440, stack(0x000000106eb00000,0x000000106ec00000) (1024K)]
  0x000001a0d75a71a0 JavaThread "InvokeLaterDispatcher"      daemon [_thread_blocked, id=36808, stack(0x000000106ef00000,0x000000106f000000) (1024K)]
  0x000001a0d760c770 JavaThread "JavaFX Application Thread"         [_thread_blocked, id=45288, stack(0x000000106f000000,0x000000106f100000) (1024K)]
  0x000001a0dbfab060 JavaThread "JavaFX-Launcher"                   [_thread_blocked, id=42376, stack(0x000000106fa00000,0x000000106fb00000) (1024K)]
  0x000001a0dbfaffb0 JavaThread "Thread-2"                   daemon [_thread_blocked, id=45104, stack(0x000000106f900000,0x000000106fa00000) (1024K)]
  0x000001a0dc2b4900 JavaThread "mysql-cj-abandoned-connection-cleanup" daemon [_thread_blocked, id=45316, stack(0x0000001070100000,0x0000001070200000) (1024K)]
  0x000001a0dc6cb180 JavaThread "HttpClient-1-SelectorManager" daemon [_thread_in_native, id=42556, stack(0x0000001070200000,0x0000001070300000) (1024K)]
  0x000001a0dc755810 JavaThread "HttpClient-2-SelectorManager" daemon [_thread_in_native, id=32880, stack(0x0000001070300000,0x0000001070400000) (1024K)]
  0x000001a0dc6a3410 JavaThread "Prism Font Disposer"        daemon [_thread_blocked, id=7040, stack(0x0000001070a00000,0x0000001070b00000) (1024K)]
  0x000001a0dc6a47c0 JavaThread "Cleaner-0"                  daemon [_thread_blocked, id=32488, stack(0x0000001070d00000,0x0000001070e00000) (1024K)]
  0x000001a0dc6a3aa0 JavaThread "HttpClient-3-SelectorManager" daemon [_thread_in_native, id=15800, stack(0x0000001071100000,0x0000001071200000) (1024K)]
  0x000001a0dc6a4130 JavaThread "HttpClient-4-SelectorManager" daemon [_thread_in_native, id=35488, stack(0x0000001071400000,0x0000001071500000) (1024K)]
  0x000001a0dc6a4e50 JavaThread "Disposer"                   daemon [_thread_blocked, id=42928, stack(0x0000001071500000,0x0000001071600000) (1024K)]
  0x000001a0df1b14c0 JavaThread "HttpClient-5-SelectorManager" daemon [_thread_in_native, id=33560, stack(0x0000001071700000,0x0000001071800000) (1024K)]
  0x000001a0df1b1b50 JavaThread "URL-Loader-1"               daemon [_thread_blocked, id=44872, stack(0x0000001071800000,0x0000001071900000) (1024K)]
  0x000001a0df1b07a0 JavaThread "URL-Loader-2"               daemon [_thread_blocked, id=11816, stack(0x0000001071900000,0x0000001071a00000) (1024K)]
  0x000001a0df1b42b0 JavaThread "URL-Loader-3"               daemon [_thread_blocked, id=30752, stack(0x0000001071a00000,0x0000001071b00000) (1024K)]
  0x000001a0df1b0e30 JavaThread "URL-Loader-4"               daemon [_thread_blocked, id=37600, stack(0x0000001071b00000,0x0000001071c00000) (1024K)]
  0x000001a0df1b4940 JavaThread "URL-Loader-5"               daemon [_thread_blocked, id=41768, stack(0x0000001071c00000,0x0000001071d00000) (1024K)]
  0x000001a0df1b4fd0 JavaThread "URL-Loader-6"               daemon [_thread_blocked, id=35124, stack(0x0000001071d00000,0x0000001071e00000) (1024K)]
  0x000001a0df1b21e0 JavaThread "URL-Loader-7"               daemon [_thread_blocked, id=44332, stack(0x0000001071e00000,0x0000001071f00000) (1024K)]
  0x000001a0df1b2870 JavaThread "URL-Loader-8"               daemon [_thread_blocked, id=32184, stack(0x0000001071f00000,0x0000001072000000) (1024K)]
  0x000001a0df1b5660 JavaThread "URL-Loader-9"               daemon [_thread_blocked, id=7156, stack(0x0000001072000000,0x0000001072100000) (1024K)]
  0x000001a0df1b5cf0 JavaThread "URL-Loader-10"              daemon [_thread_blocked, id=43336, stack(0x0000001072100000,0x0000001072200000) (1024K)]
  0x000001a0df1b6380 JavaThread "URL-Loader-11"              daemon [_thread_blocked, id=12520, stack(0x0000001072200000,0x0000001072300000) (1024K)]
  0x000001a0dc6a54e0 JavaThread "URL-Loader-12"              daemon [_thread_blocked, id=26472, stack(0x0000001072300000,0x0000001072400000) (1024K)]
  0x000001a0e1ea7b00 JavaThread "URL-Loader-13"              daemon [_thread_blocked, id=45300, stack(0x0000001072400000,0x0000001072500000) (1024K)]
  0x000001a0e1ea8820 JavaThread "URL-Loader-14"              daemon [_thread_blocked, id=44380, stack(0x0000001072500000,0x0000001072600000) (1024K)]
  0x000001a0e1ea6de0 JavaThread "URL-Loader-15"              daemon [_thread_blocked, id=44976, stack(0x0000001072600000,0x0000001072700000) (1024K)]
  0x000001a0e1ea9540 JavaThread "URL-Loader-16"              daemon [_thread_blocked, id=34208, stack(0x0000001072700000,0x0000001072800000) (1024K)]
  0x000001a0e1ea6750 JavaThread "URL-Loader-17"              daemon [_thread_blocked, id=44728, stack(0x0000001072800000,0x0000001072900000) (1024K)]
  0x000001a0e1ea7470 JavaThread "URL-Loader-18"              daemon [_thread_blocked, id=42336, stack(0x0000001072900000,0x0000001072a00000) (1024K)]
  0x000001a0e1ea8190 JavaThread "URL-Loader-19"              daemon [_thread_blocked, id=33620, stack(0x0000001072a00000,0x0000001072b00000) (1024K)]
  0x000001a0e1ea8eb0 JavaThread "URL-Loader-20"              daemon [_thread_blocked, id=42496, stack(0x0000001072b00000,0x0000001072c00000) (1024K)]
  0x000001a140c5edf0 JavaThread "Thread-24"                  daemon [_thread_in_native, id=45996, stack(0x0000001071200000,0x0000001071300000) (1024K)]
  0x000001a140c61550 JavaThread "Thread-25"                  daemon [_thread_in_native, id=27932, stack(0x0000001071600000,0x0000001071700000) (1024K)]
  0x000001a140c5e0d0 JavaThread "Thread-26"                  daemon [_thread_in_native, id=34008, stack(0x0000001074900000,0x0000001074a00000) (1024K)]
  0x000001a140c601a0 JavaThread "Thread-27"                  daemon [_thread_in_native, id=42308, stack(0x0000001074a00000,0x0000001074b00000) (1024K)]
  0x000001a140c61be0 JavaThread "Thread-28"                  daemon [_thread_in_native, id=35000, stack(0x0000001074b00000,0x0000001074c00000) (1024K)]
  0x000001a140c5f480 JavaThread "Thread-29"                  daemon [_thread_blocked, id=33740, stack(0x0000001074c00000,0x0000001074d00000) (1024K)]
  0x000001a140c5e760 JavaThread "Thread-30"                  daemon [_thread_blocked, id=36916, stack(0x0000001074d00000,0x0000001074e00000) (1024K)]
  0x000001a140c62f90 JavaThread "Thread-31"                  daemon [_thread_in_native, id=43984, stack(0x0000001074e00000,0x0000001074f00000) (1024K)]
  0x000001a140c60830 JavaThread "Thread-32"                  daemon [_thread_in_native, id=38640, stack(0x0000001074f00000,0x0000001075000000) (1024K)]
  0x000001a140c62270 JavaThread "Thread-33"                  daemon [_thread_in_native, id=42972, stack(0x0000001075000000,0x0000001075100000) (1024K)]
  0x000001a140c62900 JavaThread "Thread-34"                  daemon [_thread_in_native, id=42572, stack(0x0000001075100000,0x0000001075200000) (1024K)]
  0x000001a140c5fb10 JavaThread "Thread-35"                  daemon [_thread_blocked, id=20668, stack(0x0000001075200000,0x0000001075300000) (1024K)]
  0x000001a140c63cb0 JavaThread "Thread-36"                  daemon [_thread_in_native, id=32480, stack(0x0000001075300000,0x0000001075400000) (1024K)]
  0x000001a140c63620 JavaThread "Thread-37"                  daemon [_thread_in_native, id=9764, stack(0x0000001075400000,0x0000001075500000) (1024K)]
  0x000001a140c64340 JavaThread "Thread-38"                  daemon [_thread_in_native, id=3004, stack(0x0000001075500000,0x0000001075600000) (1024K)]
  0x000001a140c65060 JavaThread "Thread-39"                  daemon [_thread_blocked, id=30044, stack(0x0000001075600000,0x0000001075700000) (1024K)]
  0x000001a140c649d0 JavaThread "Thread-40"                  daemon [_thread_blocked, id=42360, stack(0x0000001075700000,0x0000001075800000) (1024K)]
  0x000001a140c656f0 JavaThread "Thread-41"                  daemon [_thread_in_native, id=44724, stack(0x0000001075800000,0x0000001075900000) (1024K)]
  0x000001a0ddf21860 JavaThread "C2 CompilerThread1"         daemon [_thread_blocked, id=14216, stack(0x0000001075900000,0x0000001075a00000) (1024K)]
  0x000001a140c60ec0 JavaThread "Thread-42"                  daemon [_thread_blocked, id=5940, stack(0x0000001073400000,0x0000001073500000) (1024K)]
  0x000001a140c9bab0 JavaThread "Thread-43"                  daemon [_thread_in_native, id=33548, stack(0x0000001073600000,0x0000001073700000) (1024K)]
  0x000001a140c9c7d0 JavaThread "Thread-44"                  daemon [_thread_in_native, id=33716, stack(0x0000001073500000,0x0000001073600000) (1024K)]
  0x000001a140c9b420 JavaThread "Thread-45"                  daemon [_thread_in_native, id=30996, stack(0x0000001073700000,0x0000001073800000) (1024K)]
  0x000001a140c9a070 JavaThread "Thread-46"                  daemon [_thread_in_native, id=42560, stack(0x0000001073800000,0x0000001073900000) (1024K)]
  0x000001a140c9ce60 JavaThread "Thread-47"                  daemon [_thread_blocked, id=31560, stack(0x0000001073900000,0x0000001073a00000) (1024K)]
  0x000001a140c9d4f0 JavaThread "Thread-48"                  daemon [_thread_blocked, id=45748, stack(0x0000001073a00000,0x0000001073b00000) (1024K)]
  0x000001a140c9a700 JavaThread "Thread-49"                  daemon [_thread_blocked, id=26836, stack(0x0000001073b00000,0x0000001073c00000) (1024K)]
  0x000001a140c9ad90 JavaThread "Thread-50"                  daemon [_thread_blocked, id=44620, stack(0x0000001073c00000,0x0000001073d00000) (1024K)]
  0x000001a140c9c140 JavaThread "Thread-51"                  daemon [_thread_blocked, id=8220, stack(0x0000001073d00000,0x0000001073e00000) (1024K)]
  0x000001a0df1af3f0 JavaThread "Thread-52"                  daemon [_thread_in_native, id=42776, stack(0x0000001073e00000,0x0000001073f00000) (1024K)]
  0x000001a0df1b3590 JavaThread "Thread-53"                  daemon [_thread_in_native, id=41000, stack(0x0000001073f00000,0x0000001074000000) (1024K)]
  0x000001a0df1b2f00 JavaThread "Thread-54"                  daemon [_thread_blocked, id=43324, stack(0x0000001074000000,0x0000001074100000) (1024K)]
Total: 77

Other Threads:
=>0x000001a0ffee59d0 VMThread "VM Thread"                           [id=5104, stack(0x000000106e100000,0x000000106e200000) (1024K)]
  0x000001a0ffed4c40 WatcherThread "VM Periodic Task Thread"        [id=28808, stack(0x000000106e000000,0x000000106e100000) (1024K)]
  0x000001a0f2776700 WorkerThread "GC Thread#0"                     [id=29528, stack(0x000000106db00000,0x000000106dc00000) (1024K)]
  0x000001a0dbfb0620 WorkerThread "GC Thread#1"                     [id=32180, stack(0x000000106fb00000,0x000000106fc00000) (1024K)]
  0x000001a0dbfb09d0 WorkerThread "GC Thread#2"                     [id=43248, stack(0x000000106fc00000,0x000000106fd00000) (1024K)]
  0x000001a0dbfb0d80 WorkerThread "GC Thread#3"                     [id=38668, stack(0x000000106fd00000,0x000000106fe00000) (1024K)]
  0x000001a0dbfb1130 WorkerThread "GC Thread#4"                     [id=42320, stack(0x000000106fe00000,0x000000106ff00000) (1024K)]
  0x000001a0dbfb14e0 WorkerThread "GC Thread#5"                     [id=23204, stack(0x000000106ff00000,0x0000001070000000) (1024K)]
  0x000001a0dc7f2ba0 WorkerThread "GC Thread#6"                     [id=44828, stack(0x0000001070000000,0x0000001070100000) (1024K)]
  0x000001a0dc849670 WorkerThread "GC Thread#7"                     [id=36648, stack(0x0000001070400000,0x0000001070500000) (1024K)]
  0x000001a0dc849e30 WorkerThread "GC Thread#8"                     [id=44192, stack(0x0000001070500000,0x0000001070600000) (1024K)]
  0x000001a0dc84ec10 WorkerThread "GC Thread#9"                     [id=40728, stack(0x0000001070600000,0x0000001070700000) (1024K)]
  0x000001a0f2785cc0 ConcurrentGCThread "G1 Main Marker"            [id=29564, stack(0x000000106dc00000,0x000000106dd00000) (1024K)]
  0x000001a0f2788900 WorkerThread "G1 Conc#0"                       [id=23088, stack(0x000000106dd00000,0x000000106de00000) (1024K)]
  0x000001a0df76b9d0 WorkerThread "G1 Conc#1"                       [id=37996, stack(0x0000001070b00000,0x0000001070c00000) (1024K)]
  0x000001a0df76bd80 WorkerThread "G1 Conc#2"                       [id=45820, stack(0x0000001070c00000,0x0000001070d00000) (1024K)]
  0x000001a0ffda7340 ConcurrentGCThread "G1 Refine#0"               [id=39656, stack(0x000000106de00000,0x000000106df00000) (1024K)]
  0x000001a0ffda7c70 ConcurrentGCThread "G1 Service"                [id=30856, stack(0x000000106df00000,0x000000106e000000) (1024K)]
Total: 18

Threads with active compile tasks:
Total: 0

VM state: at safepoint (normal execution)

VM Mutex/Monitor currently owned by a thread:  ([mutex/lock_event])
[0x00007ff8e749f570] Threads_lock - owner thread: 0x000001a0ffee59d0
[0x00007ff8e749f670] Heap_lock - owner thread: 0x000001a0d760c770

Heap address: 0x0000000722400000, size: 3548 MB, Compressed Oops mode: Zero based, Oop shift amount: 3

CDS archive(s) mapped at: [0x000001a092000000-0x000001a092c80000-0x000001a092c80000), size 13107200, SharedBaseAddress: 0x000001a092000000, ArchiveRelocationMode: 1.
Compressed class space mapped at: 0x000001a093000000-0x000001a0d3000000, reserved size: 1073741824
Narrow klass base: 0x000001a092000000, Narrow klass shift: 0, Narrow klass range: 0x100000000

GC Precious Log:
 CardTable entry size: 512
 Card Set container configuration: InlinePtr #cards 4 size 8 Array Of Cards #cards 16 size 48 Howl #buckets 8 coarsen threshold 3686 Howl Bitmap #cards 512 size 80 coarsen threshold 460 Card regions per heap region 1 cards per card region 4096
 CPUs: 12 total, 12 available
 Memory: 14188M
 Large Page Support: Disabled
 NUMA Support: Disabled
 Compressed Oops: Enabled (Zero based)
 Heap Region Size: 2M
 Heap Min Capacity: 8M
 Heap Initial Capacity: 222M
 Heap Max Capacity: 3548M
 Pre-touch: Disabled
 Parallel Workers: 10
 Concurrent Workers: 3
 Concurrent Refinement Workers: 10
 Periodic GC: Disabled

Heap:
 garbage-first heap   total 356352K, used 282094K [0x0000000722400000, 0x0000000800000000)
  region size 2048K, 3 young (6144K), 3 survivors (6144K)
 Metaspace       used 33455K, committed 34048K, reserved 1114112K
  class space    used 4277K, committed 4608K, reserved 1048576K

Heap Regions: E=young(eden), S=young(survivor), O=old, HS=humongous(starts), HC=humongous(continues), CS=collection set, F=free, TAMS=top-at-mark-start, PB=parsable bottom
|   0|0x0000000722400000, 0x0000000722600000, 0x0000000722600000|100%| O|  |TAMS 0x0000000722600000| PB 0x0000000722400000| Untracked 
|   1|0x0000000722600000, 0x0000000722800000, 0x0000000722800000|100%| O|  |TAMS 0x0000000722800000| PB 0x0000000722600000| Untracked 
|   2|0x0000000722800000, 0x0000000722a00000, 0x0000000722a00000|100%| O|  |TAMS 0x0000000722a00000| PB 0x0000000722800000| Untracked 
|   3|0x0000000722a00000, 0x0000000722c00000, 0x0000000722c00000|100%|HS|  |TAMS 0x0000000722c00000| PB 0x0000000722a00000| Complete 
|   4|0x0000000722c00000, 0x0000000722e00000, 0x0000000722e00000|100%| O|  |TAMS 0x0000000722e00000| PB 0x0000000722c00000| Untracked 
|   5|0x0000000722e00000, 0x0000000723000000, 0x0000000723000000|100%| O|  |TAMS 0x0000000723000000| PB 0x0000000722e00000| Untracked 
|   6|0x0000000723000000, 0x0000000723200000, 0x0000000723200000|100%| O|  |TAMS 0x0000000723200000| PB 0x0000000723000000| Untracked 
|   7|0x0000000723200000, 0x0000000723400000, 0x0000000723400000|100%| O|  |TAMS 0x0000000723400000| PB 0x0000000723200000| Untracked 
|   8|0x0000000723400000, 0x0000000723600000, 0x0000000723600000|100%| O|  |TAMS 0x0000000723600000| PB 0x0000000723400000| Untracked 
|   9|0x0000000723600000, 0x0000000723800000, 0x0000000723800000|100%| O|  |TAMS 0x0000000723800000| PB 0x0000000723600000| Untracked 
|  10|0x0000000723800000, 0x0000000723a00000, 0x0000000723a00000|100%| O|  |TAMS 0x0000000723a00000| PB 0x0000000723800000| Untracked 
|  11|0x0000000723a00000, 0x0000000723c00000, 0x0000000723c00000|100%| O|  |TAMS 0x0000000723c00000| PB 0x0000000723a00000| Untracked 
|  12|0x0000000723c00000, 0x0000000723e00000, 0x0000000723e00000|100%| O|  |TAMS 0x0000000723e00000| PB 0x0000000723c00000| Untracked 
|  13|0x0000000723e00000, 0x0000000724000000, 0x0000000724000000|100%| O|  |TAMS 0x0000000724000000| PB 0x0000000723e00000| Untracked 
|  14|0x0000000724000000, 0x0000000724200000, 0x0000000724200000|100%| O|  |TAMS 0x0000000724200000| PB 0x0000000724000000| Untracked 
|  15|0x0000000724200000, 0x0000000724400000, 0x0000000724400000|100%| O|  |TAMS 0x0000000724400000| PB 0x0000000724200000| Untracked 
|  16|0x0000000724400000, 0x0000000724600000, 0x0000000724600000|100%| O|  |TAMS 0x0000000724600000| PB 0x0000000724400000| Untracked 
|  17|0x0000000724600000, 0x0000000724800000, 0x0000000724800000|100%| O|  |TAMS 0x0000000724800000| PB 0x0000000724600000| Untracked 
|  18|0x0000000724800000, 0x0000000724a00000, 0x0000000724a00000|100%| O|  |TAMS 0x0000000724a00000| PB 0x0000000724800000| Untracked 
|  19|0x0000000724a00000, 0x0000000724c00000, 0x0000000724c00000|100%| O|  |TAMS 0x0000000724c00000| PB 0x0000000724a00000| Untracked 
|  20|0x0000000724c00000, 0x0000000724e00000, 0x0000000724e00000|100%| O|  |TAMS 0x0000000724e00000| PB 0x0000000724c00000| Untracked 
|  21|0x0000000724e00000, 0x0000000725000000, 0x0000000725000000|100%| O|  |TAMS 0x0000000725000000| PB 0x0000000724e00000| Untracked 
|  22|0x0000000725000000, 0x0000000725200000, 0x0000000725200000|100%| O|  |TAMS 0x0000000725200000| PB 0x0000000725000000| Untracked 
|  23|0x0000000725200000, 0x0000000725400000, 0x0000000725400000|100%| O|  |TAMS 0x0000000725400000| PB 0x0000000725200000| Untracked 
|  24|0x0000000725400000, 0x0000000725600000, 0x0000000725600000|100%| O|  |TAMS 0x0000000725600000| PB 0x0000000725400000| Untracked 
|  25|0x0000000725600000, 0x0000000725800000, 0x0000000725800000|100%| O|  |TAMS 0x0000000725800000| PB 0x0000000725600000| Untracked 
|  26|0x0000000725800000, 0x0000000725a00000, 0x0000000725a00000|100%| O|  |TAMS 0x0000000725a00000| PB 0x0000000725800000| Untracked 
|  27|0x0000000725a00000, 0x0000000725c00000, 0x0000000725c00000|100%| O|  |TAMS 0x0000000725c00000| PB 0x0000000725a00000| Untracked 
|  28|0x0000000725c00000, 0x0000000725e00000, 0x0000000725e00000|100%| O|  |TAMS 0x0000000725e00000| PB 0x0000000725c00000| Untracked 
|  29|0x0000000725e00000, 0x0000000726000000, 0x0000000726000000|100%| O|  |TAMS 0x0000000726000000| PB 0x0000000725e00000| Untracked 
|  30|0x0000000726000000, 0x0000000726200000, 0x0000000726200000|100%| O|  |TAMS 0x0000000726200000| PB 0x0000000726000000| Untracked 
|  31|0x0000000726200000, 0x0000000726400000, 0x0000000726400000|100%| O|  |TAMS 0x0000000726400000| PB 0x0000000726200000| Untracked 
|  32|0x0000000726400000, 0x0000000726600000, 0x0000000726600000|100%| O|  |TAMS 0x0000000726600000| PB 0x0000000726400000| Untracked 
|  33|0x0000000726600000, 0x0000000726800000, 0x0000000726800000|100%| O|  |TAMS 0x0000000726800000| PB 0x0000000726600000| Untracked 
|  34|0x0000000726800000, 0x0000000726a00000, 0x0000000726a00000|100%| O|  |TAMS 0x0000000726a00000| PB 0x0000000726800000| Untracked 
|  35|0x0000000726a00000, 0x0000000726c00000, 0x0000000726c00000|100%| O|  |TAMS 0x0000000726c00000| PB 0x0000000726a00000| Untracked 
|  36|0x0000000726c00000, 0x0000000726e00000, 0x0000000726e00000|100%| O|  |TAMS 0x0000000726e00000| PB 0x0000000726c00000| Untracked 
|  37|0x0000000726e00000, 0x0000000727000000, 0x0000000727000000|100%| O|  |TAMS 0x0000000727000000| PB 0x0000000726e00000| Untracked 
|  38|0x0000000727000000, 0x0000000727200000, 0x0000000727200000|100%| O|  |TAMS 0x0000000727200000| PB 0x0000000727000000| Untracked 
|  39|0x0000000727200000, 0x0000000727400000, 0x0000000727400000|100%| O|  |TAMS 0x0000000727400000| PB 0x0000000727200000| Untracked 
|  40|0x0000000727400000, 0x0000000727600000, 0x0000000727600000|100%| O|  |TAMS 0x0000000727600000| PB 0x0000000727400000| Untracked 
|  41|0x0000000727600000, 0x0000000727800000, 0x0000000727800000|100%| O|  |TAMS 0x0000000727800000| PB 0x0000000727600000| Untracked 
|  42|0x0000000727800000, 0x0000000727a00000, 0x0000000727a00000|100%| O|  |TAMS 0x0000000727a00000| PB 0x0000000727800000| Untracked 
|  43|0x0000000727a00000, 0x0000000727c00000, 0x0000000727c00000|100%| O|  |TAMS 0x0000000727c00000| PB 0x0000000727a00000| Untracked 
|  44|0x0000000727c00000, 0x0000000727e00000, 0x0000000727e00000|100%| O|  |TAMS 0x0000000727e00000| PB 0x0000000727c00000| Untracked 
|  45|0x0000000727e00000, 0x0000000728000000, 0x0000000728000000|100%| O|  |TAMS 0x0000000728000000| PB 0x0000000727e00000| Untracked 
|  46|0x0000000728000000, 0x0000000728200000, 0x0000000728200000|100%| O|  |TAMS 0x0000000728200000| PB 0x0000000728000000| Untracked 
|  47|0x0000000728200000, 0x0000000728400000, 0x0000000728400000|100%| O|  |TAMS 0x0000000728400000| PB 0x0000000728200000| Untracked 
|  48|0x0000000728400000, 0x0000000728600000, 0x0000000728600000|100%| O|  |TAMS 0x0000000728600000| PB 0x0000000728400000| Untracked 
|  49|0x0000000728600000, 0x0000000728800000, 0x0000000728800000|100%| O|  |TAMS 0x0000000728800000| PB 0x0000000728600000| Untracked 
|  50|0x0000000728800000, 0x0000000728a00000, 0x0000000728a00000|100%| O|  |TAMS 0x0000000728a00000| PB 0x0000000728800000| Untracked 
|  51|0x0000000728a00000, 0x0000000728c00000, 0x0000000728c00000|100%| O|  |TAMS 0x0000000728c00000| PB 0x0000000728a00000| Untracked 
|  52|0x0000000728c00000, 0x0000000728e00000, 0x0000000728e00000|100%| O|  |TAMS 0x0000000728e00000| PB 0x0000000728c00000| Untracked 
|  53|0x0000000728e00000, 0x0000000729000000, 0x0000000729000000|100%| O|  |TAMS 0x0000000729000000| PB 0x0000000728e00000| Untracked 
|  54|0x0000000729000000, 0x0000000729200000, 0x0000000729200000|100%| O|  |TAMS 0x0000000729200000| PB 0x0000000729000000| Untracked 
|  55|0x0000000729200000, 0x0000000729400000, 0x0000000729400000|100%| O|  |TAMS 0x0000000729400000| PB 0x0000000729200000| Untracked 
|  56|0x0000000729400000, 0x0000000729600000, 0x0000000729600000|100%| O|  |TAMS 0x0000000729600000| PB 0x0000000729400000| Untracked 
|  57|0x0000000729600000, 0x0000000729800000, 0x0000000729800000|100%| O|  |TAMS 0x0000000729800000| PB 0x0000000729600000| Untracked 
|  58|0x0000000729800000, 0x0000000729a00000, 0x0000000729a00000|100%| O|  |TAMS 0x0000000729a00000| PB 0x0000000729800000| Untracked 
|  59|0x0000000729a00000, 0x0000000729c00000, 0x0000000729c00000|100%| O|  |TAMS 0x0000000729c00000| PB 0x0000000729a00000| Untracked 
|  60|0x0000000729c00000, 0x0000000729e00000, 0x0000000729e00000|100%| O|  |TAMS 0x0000000729e00000| PB 0x0000000729c00000| Untracked 
|  61|0x0000000729e00000, 0x000000072a000000, 0x000000072a000000|100%| O|  |TAMS 0x000000072a000000| PB 0x0000000729e00000| Untracked 
|  62|0x000000072a000000, 0x000000072a200000, 0x000000072a200000|100%| O|  |TAMS 0x000000072a200000| PB 0x000000072a000000| Untracked 
|  63|0x000000072a200000, 0x000000072a400000, 0x000000072a400000|100%| O|  |TAMS 0x000000072a400000| PB 0x000000072a200000| Untracked 
|  64|0x000000072a400000, 0x000000072a600000, 0x000000072a600000|100%| O|  |TAMS 0x000000072a600000| PB 0x000000072a400000| Untracked 
|  65|0x000000072a600000, 0x000000072a800000, 0x000000072a800000|100%| O|  |TAMS 0x000000072a800000| PB 0x000000072a600000| Untracked 
|  66|0x000000072a800000, 0x000000072aa00000, 0x000000072aa00000|100%| O|  |TAMS 0x000000072aa00000| PB 0x000000072a800000| Untracked 
|  67|0x000000072aa00000, 0x000000072ac00000, 0x000000072ac00000|100%| O|  |TAMS 0x000000072ac00000| PB 0x000000072aa00000| Untracked 
|  68|0x000000072ac00000, 0x000000072ae00000, 0x000000072ae00000|100%| O|  |TAMS 0x000000072ae00000| PB 0x000000072ac00000| Untracked 
|  69|0x000000072ae00000, 0x000000072b000000, 0x000000072b000000|100%| O|  |TAMS 0x000000072b000000| PB 0x000000072ae00000| Untracked 
|  70|0x000000072b000000, 0x000000072b200000, 0x000000072b200000|100%| O|  |TAMS 0x000000072b200000| PB 0x000000072b000000| Untracked 
|  71|0x000000072b200000, 0x000000072b400000, 0x000000072b400000|100%| O|  |TAMS 0x000000072b400000| PB 0x000000072b200000| Untracked 
|  72|0x000000072b400000, 0x000000072b600000, 0x000000072b600000|100%| O|  |TAMS 0x000000072b600000| PB 0x000000072b400000| Untracked 
|  73|0x000000072b600000, 0x000000072b800000, 0x000000072b800000|100%| O|  |TAMS 0x000000072b800000| PB 0x000000072b600000| Untracked 
|  74|0x000000072b800000, 0x000000072ba00000, 0x000000072ba00000|100%| O|  |TAMS 0x000000072ba00000| PB 0x000000072b800000| Untracked 
|  75|0x000000072ba00000, 0x000000072bc00000, 0x000000072bc00000|100%| O|  |TAMS 0x000000072bc00000| PB 0x000000072ba00000| Untracked 
|  76|0x000000072bc00000, 0x000000072be00000, 0x000000072be00000|100%| O|  |TAMS 0x000000072be00000| PB 0x000000072bc00000| Untracked 
|  77|0x000000072be00000, 0x000000072c000000, 0x000000072c000000|100%| O|  |TAMS 0x000000072c000000| PB 0x000000072be00000| Untracked 
|  78|0x000000072c000000, 0x000000072c200000, 0x000000072c200000|100%| O|  |TAMS 0x000000072c200000| PB 0x000000072c000000| Untracked 
|  79|0x000000072c200000, 0x000000072c400000, 0x000000072c400000|100%| O|  |TAMS 0x000000072c400000| PB 0x000000072c200000| Untracked 
|  80|0x000000072c400000, 0x000000072c600000, 0x000000072c600000|100%| O|  |TAMS 0x000000072c600000| PB 0x000000072c400000| Untracked 
|  81|0x000000072c600000, 0x000000072c800000, 0x000000072c800000|100%| O|  |TAMS 0x000000072c800000| PB 0x000000072c600000| Untracked 
|  82|0x000000072c800000, 0x000000072ca00000, 0x000000072ca00000|100%| O|  |TAMS 0x000000072ca00000| PB 0x000000072c800000| Untracked 
|  83|0x000000072ca00000, 0x000000072cc00000, 0x000000072cc00000|100%| O|  |TAMS 0x000000072cc00000| PB 0x000000072ca00000| Untracked 
|  84|0x000000072cc00000, 0x000000072ce00000, 0x000000072ce00000|100%| O|  |TAMS 0x000000072ce00000| PB 0x000000072cc00000| Untracked 
|  85|0x000000072ce00000, 0x000000072d000000, 0x000000072d000000|100%| O|  |TAMS 0x000000072d000000| PB 0x000000072ce00000| Untracked 
|  86|0x000000072d000000, 0x000000072d200000, 0x000000072d200000|100%| O|  |TAMS 0x000000072d200000| PB 0x000000072d000000| Untracked 
|  87|0x000000072d200000, 0x000000072d400000, 0x000000072d400000|100%| O|  |TAMS 0x000000072d400000| PB 0x000000072d200000| Untracked 
|  88|0x000000072d400000, 0x000000072d600000, 0x000000072d600000|100%| O|  |TAMS 0x000000072d600000| PB 0x000000072d400000| Untracked 
|  89|0x000000072d600000, 0x000000072d800000, 0x000000072d800000|100%| O|  |TAMS 0x000000072d800000| PB 0x000000072d600000| Untracked 
|  90|0x000000072d800000, 0x000000072da00000, 0x000000072da00000|100%| O|  |TAMS 0x000000072da00000| PB 0x000000072d800000| Untracked 
|  91|0x000000072da00000, 0x000000072dc00000, 0x000000072dc00000|100%| O|  |TAMS 0x000000072dc00000| PB 0x000000072da00000| Untracked 
|  92|0x000000072dc00000, 0x000000072de00000, 0x000000072de00000|100%| O|  |TAMS 0x000000072de00000| PB 0x000000072dc00000| Untracked 
|  93|0x000000072de00000, 0x000000072e000000, 0x000000072e000000|100%| O|  |TAMS 0x000000072e000000| PB 0x000000072de00000| Untracked 
|  94|0x000000072e000000, 0x000000072e200000, 0x000000072e200000|100%| O|  |TAMS 0x000000072e200000| PB 0x000000072e000000| Untracked 
|  95|0x000000072e200000, 0x000000072e400000, 0x000000072e400000|100%| O|  |TAMS 0x000000072e400000| PB 0x000000072e200000| Untracked 
|  96|0x000000072e400000, 0x000000072e600000, 0x000000072e600000|100%| O|  |TAMS 0x000000072e600000| PB 0x000000072e400000| Untracked 
|  97|0x000000072e600000, 0x000000072e800000, 0x000000072e800000|100%| O|  |TAMS 0x000000072e800000| PB 0x000000072e600000| Untracked 
|  98|0x000000072e800000, 0x000000072ea00000, 0x000000072ea00000|100%| O|  |TAMS 0x000000072ea00000| PB 0x000000072e800000| Untracked 
|  99|0x000000072ea00000, 0x000000072ec00000, 0x000000072ec00000|100%| O|  |TAMS 0x000000072ec00000| PB 0x000000072ea00000| Untracked 
| 100|0x000000072ec00000, 0x000000072ee00000, 0x000000072ee00000|100%| O|  |TAMS 0x000000072ee00000| PB 0x000000072ec00000| Untracked 
| 101|0x000000072ee00000, 0x000000072f000000, 0x000000072f000000|100%| O|  |TAMS 0x000000072f000000| PB 0x000000072ee00000| Untracked 
| 102|0x000000072f000000, 0x000000072f200000, 0x000000072f200000|100%| O|  |TAMS 0x000000072f200000| PB 0x000000072f000000| Untracked 
| 103|0x000000072f200000, 0x000000072f400000, 0x000000072f400000|100%| O|  |TAMS 0x000000072f400000| PB 0x000000072f200000| Untracked 
| 104|0x000000072f400000, 0x000000072f600000, 0x000000072f600000|100%| O|  |TAMS 0x000000072f600000| PB 0x000000072f400000| Untracked 
| 105|0x000000072f600000, 0x000000072f800000, 0x000000072f800000|100%| O|  |TAMS 0x000000072f800000| PB 0x000000072f600000| Untracked 
| 106|0x000000072f800000, 0x000000072fa00000, 0x000000072fa00000|100%| O|  |TAMS 0x000000072fa00000| PB 0x000000072f800000| Untracked 
| 107|0x000000072fa00000, 0x000000072fc00000, 0x000000072fc00000|100%| O|  |TAMS 0x000000072fc00000| PB 0x000000072fa00000| Untracked 
| 108|0x000000072fc00000, 0x000000072fe00000, 0x000000072fe00000|100%| O|  |TAMS 0x000000072fe00000| PB 0x000000072fc00000| Untracked 
| 109|0x000000072fe00000, 0x0000000730000000, 0x0000000730000000|100%| O|  |TAMS 0x0000000730000000| PB 0x000000072fe00000| Untracked 
| 110|0x0000000730000000, 0x0000000730200000, 0x0000000730200000|100%| O|  |TAMS 0x0000000730200000| PB 0x0000000730000000| Untracked 
| 111|0x0000000730200000, 0x0000000730400000, 0x0000000730400000|100%| O|  |TAMS 0x0000000730400000| PB 0x0000000730200000| Untracked 
| 112|0x0000000730400000, 0x0000000730600000, 0x0000000730600000|100%| O|  |TAMS 0x0000000730600000| PB 0x0000000730400000| Untracked 
| 113|0x0000000730600000, 0x0000000730800000, 0x0000000730800000|100%| O|  |TAMS 0x0000000730800000| PB 0x0000000730600000| Untracked 
| 114|0x0000000730800000, 0x0000000730a00000, 0x0000000730a00000|100%| O|  |TAMS 0x0000000730a00000| PB 0x0000000730800000| Untracked 
| 115|0x0000000730a00000, 0x0000000730c00000, 0x0000000730c00000|100%| O|  |TAMS 0x0000000730c00000| PB 0x0000000730a00000| Untracked 
| 116|0x0000000730c00000, 0x0000000730e00000, 0x0000000730e00000|100%| O|  |TAMS 0x0000000730e00000| PB 0x0000000730c00000| Untracked 
| 117|0x0000000730e00000, 0x0000000731000000, 0x0000000731000000|100%| O|  |TAMS 0x0000000731000000| PB 0x0000000730e00000| Untracked 
| 118|0x0000000731000000, 0x0000000731200000, 0x0000000731200000|100%| O|  |TAMS 0x0000000731200000| PB 0x0000000731000000| Untracked 
| 119|0x0000000731200000, 0x0000000731400000, 0x0000000731400000|100%| O|  |TAMS 0x0000000731400000| PB 0x0000000731200000| Untracked 
| 120|0x0000000731400000, 0x0000000731600000, 0x0000000731600000|100%| O|  |TAMS 0x0000000731600000| PB 0x0000000731400000| Untracked 
| 121|0x0000000731600000, 0x0000000731800000, 0x0000000731800000|100%| O|  |TAMS 0x0000000731800000| PB 0x0000000731600000| Untracked 
| 122|0x0000000731800000, 0x0000000731a00000, 0x0000000731a00000|100%| O|  |TAMS 0x0000000731a00000| PB 0x0000000731800000| Untracked 
| 123|0x0000000731a00000, 0x0000000731c00000, 0x0000000731c00000|100%| O|  |TAMS 0x0000000731b7c340| PB 0x0000000731a00000| Untracked 
| 124|0x0000000731c00000, 0x0000000731c00000, 0x0000000731e00000|  0%| F|  |TAMS 0x0000000731c00000| PB 0x0000000731c00000| Untracked 
| 125|0x0000000731e00000, 0x0000000732000000, 0x0000000732000000|100%| O|  |TAMS 0x0000000731e00000| PB 0x0000000731e00000| Untracked 
| 126|0x0000000732000000, 0x0000000732200000, 0x0000000732200000|100%| O|  |TAMS 0x0000000732000000| PB 0x0000000732000000| Untracked 
| 127|0x0000000732200000, 0x0000000732400000, 0x0000000732400000|100%| O|  |TAMS 0x0000000732200000| PB 0x0000000732200000| Untracked 
| 128|0x0000000732400000, 0x0000000732600000, 0x0000000732600000|100%| O|  |TAMS 0x0000000732400000| PB 0x0000000732400000| Untracked 
| 129|0x0000000732600000, 0x0000000732800000, 0x0000000732800000|100%| O|  |TAMS 0x0000000732600000| PB 0x0000000732600000| Untracked 
| 130|0x0000000732800000, 0x0000000732a00000, 0x0000000732a00000|100%| O|  |TAMS 0x0000000732800000| PB 0x0000000732800000| Untracked 
| 131|0x0000000732a00000, 0x0000000732c00000, 0x0000000732c00000|100%| O|  |TAMS 0x0000000732a00000| PB 0x0000000732a00000| Untracked 
| 132|0x0000000732c00000, 0x0000000732e00000, 0x0000000732e00000|100%| O|  |TAMS 0x0000000732c00000| PB 0x0000000732c00000| Untracked 
| 133|0x0000000732e00000, 0x0000000733000000, 0x0000000733000000|100%| O|  |TAMS 0x0000000732e00000| PB 0x0000000732e00000| Untracked 
| 134|0x0000000733000000, 0x0000000733200000, 0x0000000733200000|100%| O|  |TAMS 0x0000000733000000| PB 0x0000000733000000| Untracked 
| 135|0x0000000733200000, 0x000000073337bb30, 0x0000000733400000| 74%| O|  |TAMS 0x0000000733200000| PB 0x0000000733200000| Untracked 
| 136|0x0000000733400000, 0x0000000733400000, 0x0000000733600000|  0%| F|  |TAMS 0x0000000733400000| PB 0x0000000733400000| Untracked 
| 137|0x0000000733600000, 0x0000000733600000, 0x0000000733800000|  0%| F|  |TAMS 0x0000000733600000| PB 0x0000000733600000| Untracked 
| 138|0x0000000733800000, 0x0000000733800000, 0x0000000733a00000|  0%| F|  |TAMS 0x0000000733800000| PB 0x0000000733800000| Untracked 
| 139|0x0000000733a00000, 0x0000000733a00000, 0x0000000733c00000|  0%| F|  |TAMS 0x0000000733a00000| PB 0x0000000733a00000| Untracked 
| 140|0x0000000733c00000, 0x0000000733c00000, 0x0000000733e00000|  0%| F|  |TAMS 0x0000000733c00000| PB 0x0000000733c00000| Untracked 
| 141|0x0000000733e00000, 0x0000000733e00000, 0x0000000734000000|  0%| F|  |TAMS 0x0000000733e00000| PB 0x0000000733e00000| Untracked 
| 142|0x0000000734000000, 0x0000000734000000, 0x0000000734200000|  0%| F|  |TAMS 0x0000000734000000| PB 0x0000000734000000| Untracked 
| 143|0x0000000734200000, 0x0000000734200000, 0x0000000734400000|  0%| F|  |TAMS 0x0000000734200000| PB 0x0000000734200000| Untracked 
| 144|0x0000000734400000, 0x0000000734400000, 0x0000000734600000|  0%| F|  |TAMS 0x0000000734400000| PB 0x0000000734400000| Untracked 
| 145|0x0000000734600000, 0x0000000734600000, 0x0000000734800000|  0%| F|  |TAMS 0x0000000734600000| PB 0x0000000734600000| Untracked 
| 146|0x0000000734800000, 0x0000000734800000, 0x0000000734a00000|  0%| F|  |TAMS 0x0000000734800000| PB 0x0000000734800000| Untracked 
| 147|0x0000000734a00000, 0x0000000734a00000, 0x0000000734c00000|  0%| F|  |TAMS 0x0000000734a00000| PB 0x0000000734a00000| Untracked 
| 148|0x0000000734c00000, 0x0000000734c00000, 0x0000000734e00000|  0%| F|  |TAMS 0x0000000734c00000| PB 0x0000000734c00000| Untracked 
| 149|0x0000000734e00000, 0x0000000734e00000, 0x0000000735000000|  0%| F|  |TAMS 0x0000000734e00000| PB 0x0000000734e00000| Untracked 
| 150|0x0000000735000000, 0x0000000735000000, 0x0000000735200000|  0%| F|  |TAMS 0x0000000735000000| PB 0x0000000735000000| Untracked 
| 151|0x0000000735200000, 0x0000000735200000, 0x0000000735400000|  0%| F|  |TAMS 0x0000000735200000| PB 0x0000000735200000| Untracked 
| 152|0x0000000735400000, 0x0000000735400000, 0x0000000735600000|  0%| F|  |TAMS 0x0000000735400000| PB 0x0000000735400000| Untracked 
| 153|0x0000000735600000, 0x0000000735600000, 0x0000000735800000|  0%| F|  |TAMS 0x0000000735600000| PB 0x0000000735600000| Untracked 
| 154|0x0000000735800000, 0x0000000735a00000, 0x0000000735a00000|100%| S|CS|TAMS 0x0000000735800000| PB 0x0000000735800000| Complete 
| 155|0x0000000735a00000, 0x0000000735c00000, 0x0000000735c00000|100%| S|CS|TAMS 0x0000000735a00000| PB 0x0000000735a00000| Complete 
| 156|0x0000000735c00000, 0x0000000735e00000, 0x0000000735e00000|100%| S|CS|TAMS 0x0000000735c00000| PB 0x0000000735c00000| Complete 
| 157|0x0000000735e00000, 0x0000000735e00000, 0x0000000736000000|  0%| F|  |TAMS 0x0000000735e00000| PB 0x0000000735e00000| Untracked 
| 158|0x0000000736000000, 0x0000000736000000, 0x0000000736200000|  0%| F|  |TAMS 0x0000000736000000| PB 0x0000000736000000| Untracked 
| 159|0x0000000736200000, 0x0000000736200000, 0x0000000736400000|  0%| F|  |TAMS 0x0000000736200000| PB 0x0000000736200000| Untracked 
| 160|0x0000000736400000, 0x0000000736400000, 0x0000000736600000|  0%| F|  |TAMS 0x0000000736400000| PB 0x0000000736400000| Untracked 
| 161|0x0000000736600000, 0x0000000736600000, 0x0000000736800000|  0%| F|  |TAMS 0x0000000736600000| PB 0x0000000736600000| Untracked 
| 162|0x0000000736800000, 0x0000000736800000, 0x0000000736a00000|  0%| F|  |TAMS 0x0000000736800000| PB 0x0000000736800000| Untracked 
| 163|0x0000000736a00000, 0x0000000736a00000, 0x0000000736c00000|  0%| F|  |TAMS 0x0000000736a00000| PB 0x0000000736a00000| Untracked 
| 164|0x0000000736c00000, 0x0000000736c00000, 0x0000000736e00000|  0%| F|  |TAMS 0x0000000736c00000| PB 0x0000000736c00000| Untracked 
| 165|0x0000000736e00000, 0x0000000736e00000, 0x0000000737000000|  0%| F|  |TAMS 0x0000000736e00000| PB 0x0000000736e00000| Untracked 
| 166|0x0000000737000000, 0x0000000737000000, 0x0000000737200000|  0%| F|  |TAMS 0x0000000737000000| PB 0x0000000737000000| Untracked 
| 167|0x0000000737200000, 0x0000000737200000, 0x0000000737400000|  0%| F|  |TAMS 0x0000000737200000| PB 0x0000000737200000| Untracked 
| 168|0x0000000737400000, 0x0000000737400000, 0x0000000737600000|  0%| F|  |TAMS 0x0000000737400000| PB 0x0000000737400000| Untracked 
| 169|0x0000000737600000, 0x0000000737600000, 0x0000000737800000|  0%| F|  |TAMS 0x0000000737600000| PB 0x0000000737600000| Untracked 
| 170|0x0000000737800000, 0x0000000737800000, 0x0000000737a00000|  0%| F|  |TAMS 0x0000000737800000| PB 0x0000000737800000| Untracked 
| 171|0x0000000737a00000, 0x0000000737a00000, 0x0000000737c00000|  0%| F|  |TAMS 0x0000000737a00000| PB 0x0000000737a00000| Untracked 
| 172|0x0000000737c00000, 0x0000000737c00000, 0x0000000737e00000|  0%| F|  |TAMS 0x0000000737c00000| PB 0x0000000737c00000| Untracked 
| 173|0x0000000737e00000, 0x0000000737e00000, 0x0000000738000000|  0%| F|  |TAMS 0x0000000737e00000| PB 0x0000000737e00000| Untracked 

Card table byte_map: [0x000001a0fba70000,0x000001a0fc160000] _byte_map_base: 0x000001a0f815e000

Marking Bits: (CMBitMap*) 0x000001a0f2776e10
 Bits: [0x000001a0fc160000, 0x000001a0ff8d0000)

Polling page: 0x000001a0f1ed0000

Metaspace:

Usage:
  Non-class:     28.49 MB used.
      Class:      4.18 MB used.
       Both:     32.67 MB used.

Virtual space:
  Non-class space:       64.00 MB reserved,      28.75 MB ( 45%) committed,  1 nodes.
      Class space:        1.00 GB reserved,       4.50 MB ( <1%) committed,  1 nodes.
             Both:        1.06 GB reserved,      33.25 MB (  3%) committed. 

Chunk freelists:
   Non-Class:  3.12 MB
       Class:  11.51 MB
        Both:  14.64 MB

MaxMetaspaceSize: unlimited
CompressedClassSpaceSize: 1.00 GB
Initial GC threshold: 21.00 MB
Current GC threshold: 55.25 MB
CDS: on
 - commit_granule_bytes: 65536.
 - commit_granule_words: 8192.
 - virtual_space_node_default_size: 8388608.
 - enlarge_chunks_in_place: 1.
 - use_allocation_guard: 0.


Internal statistics:

num_allocs_failed_limit: 3.
num_arena_births: 822.
num_arena_deaths: 50.
num_vsnodes_births: 2.
num_vsnodes_deaths: 0.
num_space_committed: 532.
num_space_uncommitted: 0.
num_chunks_returned_to_freelist: 78.
num_chunks_taken_from_freelist: 1969.
num_chunk_merges: 36.
num_chunk_splits: 1292.
num_chunks_enlarged: 854.
num_inconsistent_stats: 0.

CodeHeap 'non-profiled nmethods': size=120000Kb used=3877Kb max_used=4219Kb free=116122Kb
 bounds [0x000001a087ad0000, 0x000001a087f10000, 0x000001a08f000000]
CodeHeap 'profiled nmethods': size=120000Kb used=13667Kb max_used=16042Kb free=106332Kb
 bounds [0x000001a080000000, 0x000001a080fd0000, 0x000001a087530000]
CodeHeap 'non-nmethods': size=5760Kb used=1885Kb max_used=1947Kb free=3875Kb
 bounds [0x000001a087530000, 0x000001a0877a0000, 0x000001a087ad0000]
CodeCache: size=245760Kb, used=19429Kb, max_used=22208Kb, free=226329Kb
 total_blobs=7637, nmethods=6624, adapters=916, full_count=0
Compilation: enabled, stopped_count=0, restarted_count=0

Compilation events (20 events):
Event: 40.634 Thread 0x000001a091696eb0 8619       3       java.util.Calendar::isSet (15 bytes)
Event: 40.634 Thread 0x000001a091696eb0 nmethod 8619 0x000001a080099c90 code [0x000001a080099e40, 0x000001a080099fd0]
Event: 40.634 Thread 0x000001a091696eb0 8620       3       java.lang.String::split (242 bytes)
Event: 40.636 Thread 0x000001a091696eb0 nmethod 8620 0x000001a0807d1c10 code [0x000001a0807d2000, 0x000001a0807d45b0]
Event: 40.636 Thread 0x000001a091696eb0 8621   !   3       java.util.concurrent.locks.LockSupport::park (47 bytes)
Event: 40.636 Thread 0x000001a091696eb0 nmethod 8621 0x000001a08003d010 code [0x000001a08003d200, 0x000001a08003d5f8]
Event: 40.637 Thread 0x000001a091693c80 nmethod 8613 0x000001a087c16190 code [0x000001a087c164c0, 0x000001a087c176a0]
Event: 40.637 Thread 0x000001a091693c80 8618       4       java.util.Calendar::internalGet (7 bytes)
Event: 40.638 Thread 0x000001a091693c80 nmethod 8618 0x000001a087b14f10 code [0x000001a087b150a0, 0x000001a087b15170]
Event: 40.638 Thread 0x000001a091693c80 8615       4       java.lang.FdLibm::__HI (11 bytes)
Event: 40.638 Thread 0x000001a091693c80 nmethod 8615 0x000001a087b17c90 code [0x000001a087b17e00, 0x000001a087b17e78]
Event: 40.638 Thread 0x000001a091693c80 8614       4       com.sun.prism.impl.ps.BaseShaderContext::validateTextureOp (191 bytes)
Event: 40.639 Thread 0x000001a091696eb0 8623   !   3       java.util.concurrent.LinkedBlockingQueue::take (91 bytes)
Event: 40.640 Thread 0x000001a091696eb0 nmethod 8623 0x000001a080da5190 code [0x000001a080da5560, 0x000001a080da7010]
Event: 40.641 Thread 0x000001a0ddf21860 nmethod 8598% 0x000001a087bc1010 code [0x000001a087bc11e0, 0x000001a087bc22b8]
Event: 40.641 Thread 0x000001a0ddf21860 8617       4       com.sun.scenario.effect.ImageData::unref (103 bytes)
Event: 40.652 Thread 0x000001a0ddf21860 nmethod 8617 0x000001a087b33690 code [0x000001a087b338e0, 0x000001a087b34618]
Event: 40.653 Thread 0x000001a0ddf21860 8622       4       com.sun.scenario.effect.Color4f::getPremultipliedRGBComponents (49 bytes)
Event: 40.654 Thread 0x000001a0ddf21860 nmethod 8622 0x000001a087b01410 code [0x000001a087b015a0, 0x000001a087b016d8]
Event: 40.669 Thread 0x000001a091693c80 nmethod 8614 0x000001a087d26d90 code [0x000001a087d27100, 0x000001a087d287a8]

GC Heap History (20 events):
Event: 39.088 GC heap after
{Heap after GC invocations=16 (full 0):
 garbage-first heap   total 92160K, used 61876K [0x0000000722400000, 0x0000000800000000)
  region size 2048K, 1 young (2048K), 1 survivors (2048K)
 Metaspace       used 33254K, committed 33856K, reserved 1114112K
  class space    used 4267K, committed 4544K, reserved 1048576K
}
Event: 39.151 GC heap before
{Heap before GC invocations=16 (full 0):
 garbage-first heap   total 92160K, used 76212K [0x0000000722400000, 0x0000000800000000)
  region size 2048K, 9 young (18432K), 1 survivors (2048K)
 Metaspace       used 33297K, committed 33920K, reserved 1114112K
  class space    used 4274K, committed 4608K, reserved 1048576K
}
Event: 39.155 GC heap after
{Heap after GC invocations=17 (full 0):
 garbage-first heap   total 92160K, used 63710K [0x0000000722400000, 0x0000000800000000)
  region size 2048K, 2 young (4096K), 2 survivors (4096K)
 Metaspace       used 33297K, committed 33920K, reserved 1114112K
  class space    used 4274K, committed 4608K, reserved 1048576K
}
Event: 39.289 GC heap before
{Heap before GC invocations=17 (full 0):
 garbage-first heap   total 110592K, used 75998K [0x0000000722400000, 0x0000000800000000)
  region size 2048K, 9 young (18432K), 2 survivors (4096K)
 Metaspace       used 33266K, committed 33920K, reserved 1114112K
  class space    used 4262K, committed 4608K, reserved 1048576K
}
Event: 39.295 GC heap after
{Heap after GC invocations=18 (full 0):
 garbage-first heap   total 178176K, used 69872K [0x0000000722400000, 0x0000000800000000)
  region size 2048K, 2 young (4096K), 2 survivors (4096K)
 Metaspace       used 33266K, committed 33920K, reserved 1114112K
  class space    used 4262K, committed 4608K, reserved 1048576K
}
Event: 39.510 GC heap before
{Heap before GC invocations=19 (full 0):
 garbage-first heap   total 178176K, used 131312K [0x0000000722400000, 0x0000000800000000)
  region size 2048K, 33 young (67584K), 2 survivors (4096K)
 Metaspace       used 33353K, committed 34048K, reserved 1114112K
  class space    used 4264K, committed 4608K, reserved 1048576K
}
Event: 39.528 GC heap after
{Heap after GC invocations=20 (full 0):
 garbage-first heap   total 178176K, used 101364K [0x0000000722400000, 0x0000000800000000)
  region size 2048K, 5 young (10240K), 5 survivors (10240K)
 Metaspace       used 33353K, committed 34048K, reserved 1114112K
  class space    used 4264K, committed 4608K, reserved 1048576K
}
Event: 39.609 GC heap before
{Heap before GC invocations=20 (full 0):
 garbage-first heap   total 178176K, used 136180K [0x0000000722400000, 0x0000000800000000)
  region size 2048K, 23 young (47104K), 5 survivors (10240K)
 Metaspace       used 33354K, committed 34048K, reserved 1114112K
  class space    used 4264K, committed 4608K, reserved 1048576K
}
Event: 39.625 GC heap after
{Heap after GC invocations=21 (full 0):
 garbage-first heap   total 178176K, used 119290K [0x0000000722400000, 0x0000000800000000)
  region size 2048K, 3 young (6144K), 3 survivors (6144K)
 Metaspace       used 33354K, committed 34048K, reserved 1114112K
  class space    used 4264K, committed 4608K, reserved 1048576K
}
Event: 39.690 GC heap before
{Heap before GC invocations=21 (full 0):
 garbage-first heap   total 178176K, used 141818K [0x0000000722400000, 0x0000000800000000)
  region size 2048K, 15 young (30720K), 3 survivors (6144K)
 Metaspace       used 33362K, committed 34048K, reserved 1114112K
  class space    used 4264K, committed 4608K, reserved 1048576K
}
Event: 39.699 GC heap after
{Heap after GC invocations=22 (full 0):
 garbage-first heap   total 178176K, used 134132K [0x0000000722400000, 0x0000000800000000)
  region size 2048K, 2 young (4096K), 2 survivors (4096K)
 Metaspace       used 33362K, committed 34048K, reserved 1114112K
  class space    used 4264K, committed 4608K, reserved 1048576K
}
Event: 39.742 GC heap before
{Heap before GC invocations=22 (full 0):
 garbage-first heap   total 178176K, used 148468K [0x0000000722400000, 0x0000000800000000)
  region size 2048K, 10 young (20480K), 2 survivors (4096K)
 Metaspace       used 33362K, committed 34048K, reserved 1114112K
  class space    used 4264K, committed 4608K, reserved 1048576K
}
Event: 39.749 GC heap after
{Heap after GC invocations=23 (full 0):
 garbage-first heap   total 356352K, used 143337K [0x0000000722400000, 0x0000000800000000)
  region size 2048K, 2 young (4096K), 2 survivors (4096K)
 Metaspace       used 33362K, committed 34048K, reserved 1114112K
  class space    used 4264K, committed 4608K, reserved 1048576K
}
Event: 40.184 GC heap before
{Heap before GC invocations=24 (full 0):
 garbage-first heap   total 356352K, used 249833K [0x0000000722400000, 0x0000000800000000)
  region size 2048K, 55 young (112640K), 2 survivors (4096K)
 Metaspace       used 33424K, committed 34048K, reserved 1114112K
  class space    used 4273K, committed 4608K, reserved 1048576K
}
Event: 40.205 GC heap after
{Heap after GC invocations=25 (full 0):
 garbage-first heap   total 356352K, used 201210K [0x0000000722400000, 0x0000000800000000)
  region size 2048K, 7 young (14336K), 7 survivors (14336K)
 Metaspace       used 33424K, committed 34048K, reserved 1114112K
  class space    used 4273K, committed 4608K, reserved 1048576K
}
Event: 40.416 GC heap before
{Heap before GC invocations=25 (full 0):
 garbage-first heap   total 356352K, used 264698K [0x0000000722400000, 0x0000000800000000)
  region size 2048K, 39 young (79872K), 7 survivors (14336K)
 Metaspace       used 33438K, committed 34048K, reserved 1114112K
  class space    used 4273K, committed 4608K, reserved 1048576K
}
Event: 40.431 GC heap after
{Heap after GC invocations=26 (full 0):
 garbage-first heap   total 356352K, used 224750K [0x0000000722400000, 0x0000000800000000)
  region size 2048K, 5 young (10240K), 5 survivors (10240K)
 Metaspace       used 33438K, committed 34048K, reserved 1114112K
  class space    used 4273K, committed 4608K, reserved 1048576K
}
Event: 40.586 GC heap before
{Heap before GC invocations=26 (full 0):
 garbage-first heap   total 356352K, used 277998K [0x0000000722400000, 0x0000000800000000)
  region size 2048K, 33 young (67584K), 5 survivors (10240K)
 Metaspace       used 33451K, committed 34048K, reserved 1114112K
  class space    used 4277K, committed 4608K, reserved 1048576K
}
Event: 40.602 GC heap after
{Heap after GC invocations=27 (full 0):
 garbage-first heap   total 356352K, used 261616K [0x0000000722400000, 0x0000000800000000)
  region size 2048K, 4 young (8192K), 4 survivors (8192K)
 Metaspace       used 33451K, committed 34048K, reserved 1114112K
  class space    used 4277K, committed 4608K, reserved 1048576K
}
Event: 40.693 GC heap before
{Heap before GC invocations=27 (full 0):
 garbage-first heap   total 356352K, used 296432K [0x0000000722400000, 0x0000000800000000)
  region size 2048K, 21 young (43008K), 4 survivors (8192K)
 Metaspace       used 33455K, committed 34048K, reserved 1114112K
  class space    used 4277K, committed 4608K, reserved 1048576K
}

Dll operation events (20 events):
Event: 0.549 Loaded shared library C:\Users\LENOVO\.openjfx\cache\17.0.2-ea\api-ms-win-crt-math-l1-1-0.dll
Event: 0.553 Loaded shared library C:\Users\LENOVO\.openjfx\cache\17.0.2-ea\api-ms-win-crt-multibyte-l1-1-0.dll
Event: 0.557 Loaded shared library C:\Users\LENOVO\.openjfx\cache\17.0.2-ea\api-ms-win-crt-private-l1-1-0.dll
Event: 0.566 Loaded shared library C:\Users\LENOVO\.openjfx\cache\17.0.2-ea\api-ms-win-crt-process-l1-1-0.dll
Event: 0.570 Loaded shared library C:\Users\LENOVO\.openjfx\cache\17.0.2-ea\api-ms-win-crt-runtime-l1-1-0.dll
Event: 0.572 Loaded shared library C:\Users\LENOVO\.openjfx\cache\17.0.2-ea\api-ms-win-crt-stdio-l1-1-0.dll
Event: 0.575 Loaded shared library C:\Users\LENOVO\.openjfx\cache\17.0.2-ea\api-ms-win-crt-string-l1-1-0.dll
Event: 0.583 Loaded shared library C:\Users\LENOVO\.openjfx\cache\17.0.2-ea\api-ms-win-crt-time-l1-1-0.dll
Event: 0.590 Loaded shared library C:\Users\LENOVO\.openjfx\cache\17.0.2-ea\api-ms-win-crt-utility-l1-1-0.dll
Event: 0.612 Loaded shared library C:\Users\LENOVO\.openjfx\cache\17.0.2-ea\ucrtbase.dll
Event: 0.617 Loaded shared library C:\Users\LENOVO\.openjfx\cache\17.0.2-ea\vcruntime140.dll
Event: 0.624 Loaded shared library C:\Users\LENOVO\.openjfx\cache\17.0.2-ea\vcruntime140_1.dll
Event: 0.635 Loaded shared library C:\Users\LENOVO\.openjfx\cache\17.0.2-ea\msvcp140.dll
Event: 0.674 Loaded shared library C:\Users\LENOVO\.openjfx\cache\17.0.2-ea\prism_d3d.dll
Event: 0.742 Loaded shared library C:\Users\LENOVO\.openjfx\cache\17.0.2-ea\glass.dll
Event: 1.059 Loaded shared library C:\Program Files\Eclipse Adoptium\jdk-21.0.11.10-hotspot\bin\jimage.dll
Event: 1.368 Loaded shared library C:\Program Files\Eclipse Adoptium\jdk-21.0.11.10-hotspot\bin\extnet.dll
Event: 1.958 Loaded shared library C:\Program Files\Eclipse Adoptium\jdk-21.0.11.10-hotspot\bin\sunmscapi.dll
Event: 2.259 Loaded shared library C:\Users\LENOVO\.openjfx\cache\17.0.2-ea\javafx_font.dll
Event: 35.373 Loaded shared library C:\Users\LENOVO\.openjfx\cache\17.0.2-ea\jfxwebkit.dll

Deoptimization events (20 events):
Event: 40.357 Thread 0x000001a140c9c7d0 DEOPT PACKING pc=0x000001a08032ebd9 sp=0x00000010735feb20
Event: 40.357 Thread 0x000001a140c9c7d0 DEOPT UNPACKING pc=0x000001a087584bc2 sp=0x00000010735fdf68 mode 0
Event: 40.381 Thread 0x000001a0d760c770 DEOPT PACKING pc=0x000001a08032ebd9 sp=0x000000106f0fbc40
Event: 40.381 Thread 0x000001a0d760c770 DEOPT UNPACKING pc=0x000001a087584bc2 sp=0x000000106f0fb088 mode 0
Event: 40.383 Thread 0x000001a140c9b420 DEOPT PACKING pc=0x000001a08032ebd9 sp=0x00000010737fece0
Event: 40.383 Thread 0x000001a140c9b420 DEOPT UNPACKING pc=0x000001a087584bc2 sp=0x00000010737fe128 mode 0
Event: 40.434 Thread 0x000001a0d760c770 DEOPT PACKING pc=0x000001a08032ebd9 sp=0x000000106f0fbc40
Event: 40.434 Thread 0x000001a0d760c770 DEOPT UNPACKING pc=0x000001a087584bc2 sp=0x000000106f0fb088 mode 0
Event: 40.436 Thread 0x000001a140c9a070 DEOPT PACKING pc=0x000001a08032ebd9 sp=0x00000010738fea30
Event: 40.436 Thread 0x000001a140c9a070 DEOPT UNPACKING pc=0x000001a087584bc2 sp=0x00000010738fde78 mode 0
Event: 40.442 Thread 0x000001a0d760c770 DEOPT PACKING pc=0x000001a08032ebd9 sp=0x000000106f0fbc40
Event: 40.442 Thread 0x000001a0d760c770 DEOPT UNPACKING pc=0x000001a087584bc2 sp=0x000000106f0fb088 mode 0
Event: 40.511 Thread 0x000001a0d760c770 Uncommon trap: trap_request=0xffffff6e fr.pc=0x000001a087b37d60 relative=0x0000000000000aa0
Event: 40.511 Thread 0x000001a0d760c770 Uncommon trap: reason=loop_limit_check action=maybe_recompile pc=0x000001a087b37d60 method=com.sun.javafx.image.impl.BaseByteToByteConverter$FourByteReorderer.doConvert([BII[BIIII)V @ 21 c2
Event: 40.511 Thread 0x000001a0d760c770 DEOPT PACKING pc=0x000001a087b37d60 sp=0x000000106f0fbc40
Event: 40.511 Thread 0x000001a0d760c770 DEOPT UNPACKING pc=0x000001a087584422 sp=0x000000106f0fbb90 mode 2
Event: 40.545 Thread 0x000001a0d73333e0 Uncommon trap: trap_request=0xffffffc6 fr.pc=0x000001a087e307b8 relative=0x0000000000000378
Event: 40.545 Thread 0x000001a0d73333e0 Uncommon trap: reason=bimorphic_or_optimized_type_check action=maybe_recompile pc=0x000001a087e307b8 method=com.sun.javafx.sg.prism.NGNode.getContentBounds(Lcom/sun/javafx/geom/BaseBounds;Lcom/sun/javafx/geom/transform/BaseTransform;)Lcom/sun/javafx/geom/
Event: 40.545 Thread 0x000001a0d73333e0 DEOPT PACKING pc=0x000001a087e307b8 sp=0x000000106ebfdc10
Event: 40.545 Thread 0x000001a0d73333e0 DEOPT UNPACKING pc=0x000001a087584422 sp=0x000000106ebfdb90 mode 2

Classes loaded (20 events):
Event: 38.237 Loading class sun/net/www/MimeTable$DefaultInstanceHolder
Event: 38.237 Loading class sun/net/www/MimeTable$DefaultInstanceHolder done
Event: 38.237 Loading class sun/net/www/MimeTable$DefaultInstanceHolder$1
Event: 38.237 Loading class sun/net/www/MimeTable$DefaultInstanceHolder$1 done
Event: 38.239 Loading class sun/net/www/MimeEntry
Event: 38.239 Loading class sun/net/www/MimeEntry done
Event: 38.243 Loading class sun/text/resources/cldr/FormatData_en
Event: 38.244 Loading class sun/text/resources/cldr/FormatData_en done
Event: 38.245 Loading class sun/text/resources/cldr/FormatData_en_US
Event: 38.245 Loading class sun/text/resources/cldr/FormatData_en_US done
Event: 38.245 Loading class sun/text/resources/cldr/FormatData_en_US
Event: 38.245 Loading class sun/text/resources/cldr/FormatData_en_US done
Event: 38.245 Loading class sun/text/resources/cldr/FormatData_en_US
Event: 38.245 Loading class sun/text/resources/cldr/FormatData_en_US done
Event: 38.262 Loading class java/util/concurrent/Semaphore
Event: 38.262 Loading class java/util/concurrent/Semaphore done
Event: 38.262 Loading class java/util/concurrent/Semaphore$NonfairSync
Event: 38.263 Loading class java/util/concurrent/Semaphore$Sync
Event: 38.263 Loading class java/util/concurrent/Semaphore$Sync done
Event: 38.263 Loading class java/util/concurrent/Semaphore$NonfairSync done

Classes unloaded (20 events):
Event: 39.269 Thread 0x000001a0ffee59d0 Unloading class 0x000001a093452c00 'java/lang/invoke/LambdaForm$MH+0x000001a093452c00'
Event: 39.269 Thread 0x000001a0ffee59d0 Unloading class 0x000001a093453000 'java/lang/invoke/LambdaForm$MH+0x000001a093453000'
Event: 39.269 Thread 0x000001a0ffee59d0 Unloading class 0x000001a093452800 'java/lang/invoke/LambdaForm$MH+0x000001a093452800'
Event: 39.269 Thread 0x000001a0ffee59d0 Unloading class 0x000001a093452400 'java/lang/invoke/LambdaForm$DMH+0x000001a093452400'
Event: 39.269 Thread 0x000001a0ffee59d0 Unloading class 0x000001a093452000 'java/lang/invoke/LambdaForm$DMH+0x000001a093452000'
Event: 39.269 Thread 0x000001a0ffee59d0 Unloading class 0x000001a093451c00 'java/lang/invoke/LambdaForm$DMH+0x000001a093451c00'
Event: 39.269 Thread 0x000001a0ffee59d0 Unloading class 0x000001a093451800 'java/lang/invoke/LambdaForm$DMH+0x000001a093451800'
Event: 39.269 Thread 0x000001a0ffee59d0 Unloading class 0x000001a093451400 'java/lang/invoke/LambdaForm$DMH+0x000001a093451400'
Event: 39.269 Thread 0x000001a0ffee59d0 Unloading class 0x000001a093451000 'java/lang/invoke/LambdaForm$DMH+0x000001a093451000'
Event: 39.269 Thread 0x000001a0ffee59d0 Unloading class 0x000001a093450c00 'java/lang/invoke/LambdaForm$DMH+0x000001a093450c00'
Event: 39.269 Thread 0x000001a0ffee59d0 Unloading class 0x000001a093450800 'java/lang/invoke/LambdaForm$DMH+0x000001a093450800'
Event: 39.269 Thread 0x000001a0ffee59d0 Unloading class 0x000001a093450000 'java/lang/invoke/LambdaForm$DMH+0x000001a093450000'
Event: 39.269 Thread 0x000001a0ffee59d0 Unloading class 0x000001a09344b800 'java/lang/invoke/LambdaForm$DMH+0x000001a09344b800'
Event: 39.269 Thread 0x000001a0ffee59d0 Unloading class 0x000001a09344b000 'java/lang/invoke/LambdaForm$DMH+0x000001a09344b000'
Event: 39.269 Thread 0x000001a0ffee59d0 Unloading class 0x000001a09344b400 'java/lang/invoke/LambdaForm$DMH+0x000001a09344b400'
Event: 39.269 Thread 0x000001a0ffee59d0 Unloading class 0x000001a09344bc00 'java/lang/invoke/LambdaForm$DMH+0x000001a09344bc00'
Event: 39.269 Thread 0x000001a0ffee59d0 Unloading class 0x000001a093449c00 'java/lang/invoke/LambdaForm$DMH+0x000001a093449c00'
Event: 39.269 Thread 0x000001a0ffee59d0 Unloading class 0x000001a09344a400 'java/lang/invoke/LambdaForm$DMH+0x000001a09344a400'
Event: 39.269 Thread 0x000001a0ffee59d0 Unloading class 0x000001a09344a000 'java/lang/invoke/LambdaForm$DMH+0x000001a09344a000'
Event: 39.269 Thread 0x000001a0ffee59d0 Unloading class 0x000001a093449800 'java/lang/invoke/LambdaForm$DMH+0x000001a093449800'

Classes redefined (0 events):
No events

Internal exceptions (20 events):
Event: 38.259 Thread 0x000001a0df1b2870 Exception <a 'java/lang/NoSuchMethodError'{0x000000072c21b948}: 'java.lang.Object java.lang.invoke.DirectMethodHandle$Holder.newInvokeSpecial(java.lang.Object, java.lang.Object, int, java.lang.Object, java.lang.Object, long, java.lang.Object, java.lang.Object)'> (0x000000072c21b948) 
thrown [s\src\hotspot\share\interpreter\linkResolver.cpp, line 773]
Event: 38.259 Thread 0x000001a0df1b4940 Exception <a 'java/lang/NoSuchMethodError'{0x000000072c5deb70}: 'java.lang.Object java.lang.invoke.DirectMethodHandle$Holder.invokeSpecial(java.lang.Object, java.lang.Object, java.lang.Object, int, java.lang.Object, java.lang.Object, long, java.lang.Object, java.lang.Object)'> (0x000000072c5deb70) 
thrown [s\src\hotspot\share\interpreter\linkResolver.cpp, line 773]
Event: 38.260 Thread 0x000001a0df1b4fd0 Exception <a 'java/lang/NoSuchMethodError'{0x000000072c5cb980}: 'java.lang.Object java.lang.invoke.Invokers$Holder.linkToTargetMethod(java.lang.Object, int, java.lang.Object, java.lang.Object, long, java.lang.Object, java.lang.Object, java.lang.Object)'> (0x000000072c5cb980) 
thrown [s\src\hotspot\share\interpreter\linkResolver.cpp, line 773]
Event: 38.260 Thread 0x000001a0df1b2870 Exception <a 'java/lang/NoSuchMethodError'{0x000000072c21f2e8}: 'java.lang.Object java.lang.invoke.Invokers$Holder.linkToTargetMethod(java.lang.Object, int, java.lang.Object, java.lang.Object, long, java.lang.Object, java.lang.Object, java.lang.Object)'> (0x000000072c21f2e8) 
thrown [s\src\hotspot\share\interpreter\linkResolver.cpp, line 773]
Event: 38.260 Thread 0x000001a0df1b4940 Exception <a 'java/lang/NoSuchMethodError'{0x000000072c5e20a8}: 'java.lang.Object java.lang.invoke.Invokers$Holder.linkToTargetMethod(java.lang.Object, int, java.lang.Object, java.lang.Object, long, java.lang.Object, java.lang.Object, java.lang.Object)'> (0x000000072c5e20a8) 
thrown [s\src\hotspot\share\interpreter\linkResolver.cpp, line 773]
Event: 38.260 Thread 0x000001a0df1b07a0 Exception <a 'java/lang/NoSuchMethodError'{0x000000072c5fa670}: 'java.lang.Object java.lang.invoke.Invokers$Holder.linkToTargetMethod(java.lang.Object, int, java.lang.Object, java.lang.Object, long, java.lang.Object, java.lang.Object, java.lang.Object)'> (0x000000072c5fa670) 
thrown [s\src\hotspot\share\interpreter\linkResolver.cpp, line 773]
Event: 38.260 Thread 0x000001a0df1b5660 Exception <a 'java/lang/NoSuchMethodError'{0x000000072c2361c0}: 'java.lang.Object java.lang.invoke.Invokers$Holder.linkToTargetMethod(java.lang.Object, int, java.lang.Object, java.lang.Object, long, java.lang.Object, java.lang.Object, java.lang.Object)'> (0x000000072c2361c0) 
thrown [s\src\hotspot\share\interpreter\linkResolver.cpp, line 773]
Event: 38.286 Thread 0x000001a0d73333e0 Implicit null exception at 0x000001a087d70fea to 0x000001a087d71078
Event: 38.286 Thread 0x000001a0d73333e0 Implicit null exception at 0x000001a087d8913a to 0x000001a087d891cc
Event: 38.305 Thread 0x000001a0d73333e0 Implicit null exception at 0x000001a087dc258c to 0x000001a087dc5df8
Event: 38.323 Thread 0x000001a0d760c770 Exception <a 'java/io/FileNotFoundException'{0x000000072c29ef10}> (0x000000072c29ef10) 
thrown [s\src\hotspot\share\prims\jni.cpp, line 520]
Event: 38.323 Thread 0x000001a0d760c770 Exception <a 'java/io/FileNotFoundException'{0x000000072c29fd30}> (0x000000072c29fd30) 
thrown [s\src\hotspot\share\prims\jni.cpp, line 520]
Event: 38.323 Thread 0x000001a0d760c770 Exception <a 'java/io/FileNotFoundException'{0x000000072c2a0b38}> (0x000000072c2a0b38) 
thrown [s\src\hotspot\share\prims\jni.cpp, line 520]
Event: 38.323 Thread 0x000001a0d760c770 Exception <a 'java/io/FileNotFoundException'{0x000000072c2a1950}> (0x000000072c2a1950) 
thrown [s\src\hotspot\share\prims\jni.cpp, line 520]
Event: 38.324 Thread 0x000001a0d760c770 Exception <a 'java/io/FileNotFoundException'{0x000000072c2a2810}> (0x000000072c2a2810) 
thrown [s\src\hotspot\share\prims\jni.cpp, line 520]
Event: 38.324 Thread 0x000001a0d760c770 Exception <a 'java/io/FileNotFoundException'{0x000000072c2a37f0}> (0x000000072c2a37f0) 
thrown [s\src\hotspot\share\prims\jni.cpp, line 520]
Event: 38.324 Thread 0x000001a0d760c770 Exception <a 'java/io/FileNotFoundException'{0x000000072c2a4790}> (0x000000072c2a4790) 
thrown [s\src\hotspot\share\prims\jni.cpp, line 520]
Event: 38.635 Thread 0x000001a0d73333e0 Implicit null exception at 0x000001a087d9779d to 0x000001a087d99f0c
Event: 38.944 Thread 0x000001a0d73333e0 Implicit null exception at 0x000001a087d2f25e to 0x000001a087d2f2d0
Event: 39.146 Thread 0x000001a0d760c770 Exception <a 'java/lang/NoSuchMethodError'{0x000000072bedefb0}: 'void java.lang.invoke.DirectMethodHandle$Holder.invokeStaticInit(java.lang.Object, java.lang.Object, java.lang.Object)'> (0x000000072bedefb0) 
thrown [s\src\hotspot\share\interpreter\linkResolver.cpp, line 773]

ZGC Phase Switch (0 events):
No events

VM Operations (20 events):
Event: 39.625 Executing safepoint VM operation: G1CollectForAllocation (G1 Evacuation Pause) done
Event: 39.690 Executing safepoint VM operation: G1CollectForAllocation (G1 Evacuation Pause)
Event: 39.699 Executing safepoint VM operation: G1CollectForAllocation (G1 Evacuation Pause) done
Event: 39.741 Executing safepoint VM operation: G1CollectForAllocation (G1 Evacuation Pause)
Event: 39.749 Executing safepoint VM operation: G1CollectForAllocation (G1 Evacuation Pause) done
Event: 39.770 Executing safepoint VM operation: G1PauseRemark
Event: 39.777 Executing safepoint VM operation: G1PauseRemark done
Event: 39.794 Executing safepoint VM operation: G1PauseCleanup
Event: 39.794 Executing safepoint VM operation: G1PauseCleanup done
Event: 39.855 Executing non-safepoint VM operation: HandshakeAllThreads (Deoptimize)
Event: 39.856 Executing non-safepoint VM operation: HandshakeAllThreads (Deoptimize) done
Event: 40.184 Executing safepoint VM operation: G1CollectForAllocation (G1 Evacuation Pause)
Event: 40.206 Executing safepoint VM operation: G1CollectForAllocation (G1 Evacuation Pause) done
Event: 40.416 Executing safepoint VM operation: G1CollectForAllocation (G1 Evacuation Pause)
Event: 40.431 Executing safepoint VM operation: G1CollectForAllocation (G1 Evacuation Pause) done
Event: 40.584 Executing safepoint VM operation: G1CollectForAllocation (G1 Evacuation Pause)
Event: 40.584 Executing safepoint VM operation: G1CollectForAllocation (G1 Evacuation Pause) done
Event: 40.586 Executing safepoint VM operation: G1CollectForAllocation (GCLocker Initiated GC)
Event: 40.602 Executing safepoint VM operation: G1CollectForAllocation (GCLocker Initiated GC) done
Event: 40.693 Executing safepoint VM operation: G1CollectForAllocation (G1 Evacuation Pause)

Memory protections (0 events):
No events

Nmethod flushes (20 events):
Event: 39.776 Thread 0x000001a0ffee59d0 flushing  nmethod 0x000001a080713510
Event: 39.776 Thread 0x000001a0ffee59d0 flushing  nmethod 0x000001a080713c10
Event: 39.776 Thread 0x000001a0ffee59d0 flushing  nmethod 0x000001a080714710
Event: 39.776 Thread 0x000001a0ffee59d0 flushing  nmethod 0x000001a08074f890
Event: 39.776 Thread 0x000001a0ffee59d0 flushing  nmethod 0x000001a080751590
Event: 39.776 Thread 0x000001a0ffee59d0 flushing  nmethod 0x000001a08078f090
Event: 39.776 Thread 0x000001a0ffee59d0 flushing  nmethod 0x000001a0807e1d90
Event: 39.776 Thread 0x000001a0ffee59d0 flushing  nmethod 0x000001a080940090
Event: 39.776 Thread 0x000001a0ffee59d0 flushing  nmethod 0x000001a0809aaf90
Event: 39.776 Thread 0x000001a0ffee59d0 flushing  nmethod 0x000001a0809ae190
Event: 39.776 Thread 0x000001a0ffee59d0 flushing  nmethod 0x000001a0809b1890
Event: 39.776 Thread 0x000001a0ffee59d0 flushing  nmethod 0x000001a0809b2710
Event: 39.776 Thread 0x000001a0ffee59d0 flushing  nmethod 0x000001a080a1f410
Event: 39.776 Thread 0x000001a0ffee59d0 flushing  nmethod 0x000001a080a24310
Event: 39.776 Thread 0x000001a0ffee59d0 flushing  nmethod 0x000001a080d5bc90
Event: 39.776 Thread 0x000001a0ffee59d0 flushing  nmethod 0x000001a080d64590
Event: 39.776 Thread 0x000001a0ffee59d0 flushing  nmethod 0x000001a080f38f10
Event: 39.776 Thread 0x000001a0ffee59d0 flushing  nmethod 0x000001a080fa3c90
Event: 39.776 Thread 0x000001a0ffee59d0 flushing  nmethod 0x000001a080fa4b90
Event: 39.776 Thread 0x000001a0ffee59d0 flushing  nmethod 0x000001a080fa5b10

Events (20 events):
Event: 40.319 Thread 0x000001a14472ee60 Thread exited: 0x000001a14472ee60
Event: 40.326 Thread 0x000001a140c9a070 Thread exited: 0x000001a140c9a070
Event: 40.333 Thread 0x000001a140c9c7d0 Thread added: 0x000001a140c9c7d0
Event: 40.352 Thread 0x000001a14472d420 Thread exited: 0x000001a14472d420
Event: 40.352 Thread 0x000001a14472e140 Thread exited: 0x000001a14472e140
Event: 40.352 Thread 0x000001a14472f4f0 Thread exited: 0x000001a14472f4f0
Event: 40.355 Thread 0x000001a140c9ce60 Thread exited: 0x000001a140c9ce60
Event: 40.360 Thread 0x000001a14472e7d0 Thread exited: 0x000001a14472e7d0
Event: 40.360 Thread 0x000001a140c9c140 Thread exited: 0x000001a140c9c140
Event: 40.364 Thread 0x000001a140c9b420 Thread added: 0x000001a140c9b420
Event: 40.392 Thread 0x000001a140c9a070 Thread added: 0x000001a140c9a070
Event: 40.436 Thread 0x000001a144465d60 Thread exited: 0x000001a144465d60
Event: 40.439 Thread 0x000001a0d760c770 Thread added: 0x000001a140c9ce60
Event: 40.439 Thread 0x000001a0d760c770 Thread added: 0x000001a140c9d4f0
Event: 40.439 Thread 0x000001a0d760c770 Thread added: 0x000001a140c9a700
Event: 40.440 Thread 0x000001a0d760c770 Thread added: 0x000001a140c9ad90
Event: 40.442 Thread 0x000001a0d760c770 Thread added: 0x000001a140c9c140
Event: 40.483 Thread 0x000001a0df1af3f0 Thread added: 0x000001a0df1af3f0
Event: 40.516 Thread 0x000001a0df1b3590 Thread added: 0x000001a0df1b3590
Event: 40.540 Thread 0x000001a0d760c770 Thread added: 0x000001a0df1b2f00


Dynamic libraries:
0x00007ff764b30000 - 0x00007ff764b3e000 	C:\Program Files\Eclipse Adoptium\jdk-21.0.11.10-hotspot\bin\java.exe
0x00007ffa10a40000 - 0x00007ffa10ca7000 	C:\WINDOWS\SYSTEM32\ntdll.dll
0x00007ffa0f2b0000 - 0x00007ffa0f379000 	C:\WINDOWS\System32\KERNEL32.DLL
0x00007ffa0e260000 - 0x00007ffa0e654000 	C:\WINDOWS\System32\KERNELBASE.dll
0x00007ffa0d640000 - 0x00007ffa0d78b000 	C:\WINDOWS\System32\ucrtbase.dll
0x00007ff9f25c0000 - 0x00007ff9f25d8000 	C:\Program Files\Eclipse Adoptium\jdk-21.0.11.10-hotspot\bin\jli.dll
0x00007ff9f25a0000 - 0x00007ff9f25be000 	C:\Program Files\Eclipse Adoptium\jdk-21.0.11.10-hotspot\bin\VCRUNTIME140.dll
0x00007ffa0ed90000 - 0x00007ffa0ef55000 	C:\WINDOWS\System32\USER32.dll
0x00007ff9fca00000 - 0x00007ff9fcc93000 	C:\WINDOWS\WinSxS\amd64_microsoft.windows.common-controls_6595b64144ccf1df_6.0.26100.8115_none_3e075c82e3354f9c\COMCTL32.dll
0x00007ffa0e0b0000 - 0x00007ffa0e0d7000 	C:\WINDOWS\System32\win32u.dll
0x00007ffa0fa60000 - 0x00007ffa0fb09000 	C:\WINDOWS\System32\msvcrt.dll
0x00007ffa109d0000 - 0x00007ffa109fb000 	C:\WINDOWS\System32\GDI32.dll
0x00007ffa0d310000 - 0x00007ffa0d43b000 	C:\WINDOWS\System32\gdi32full.dll
0x00007ffa0e660000 - 0x00007ffa0e703000 	C:\WINDOWS\System32\msvcp_win.dll
0x00007ffa0e8f0000 - 0x00007ffa0e922000 	C:\WINDOWS\System32\IMM32.DLL
0x00007ff9f7bc0000 - 0x00007ff9f7bcc000 	C:\Program Files\Eclipse Adoptium\jdk-21.0.11.10-hotspot\bin\vcruntime140_1.dll
0x00007ff94f7d0000 - 0x00007ff94f85d000 	C:\Program Files\Eclipse Adoptium\jdk-21.0.11.10-hotspot\bin\msvcp140.dll
0x00007ff8e67e0000 - 0x00007ff8e7582000 	C:\Program Files\Eclipse Adoptium\jdk-21.0.11.10-hotspot\bin\server\jvm.dll
0x00007ffa0fba0000 - 0x00007ffa0fc56000 	C:\WINDOWS\System32\ADVAPI32.dll
0x00007ffa0f0b0000 - 0x00007ffa0f157000 	C:\WINDOWS\System32\sechost.dll
0x00007ffa0ec60000 - 0x00007ffa0ed78000 	C:\WINDOWS\System32\RPCRT4.dll
0x00007ffa0e7d0000 - 0x00007ffa0e850000 	C:\WINDOWS\System32\WS2_32.dll
0x00007ffa0d190000 - 0x00007ffa0d1ee000 	C:\WINDOWS\SYSTEM32\POWRPROF.dll
0x00007ffa06640000 - 0x00007ffa06676000 	C:\WINDOWS\SYSTEM32\WINMM.dll
0x00007ffa07210000 - 0x00007ffa0721b000 	C:\WINDOWS\SYSTEM32\VERSION.dll
0x00007ffa0d170000 - 0x00007ffa0d184000 	C:\WINDOWS\SYSTEM32\UMPDC.dll
0x00007ffa0c070000 - 0x00007ffa0c08b000 	C:\WINDOWS\SYSTEM32\kernel.appcore.dll
0x00007ff9f2590000 - 0x00007ff9f259a000 	C:\Program Files\Eclipse Adoptium\jdk-21.0.11.10-hotspot\bin\jimage.dll
0x00007ffa0b2f0000 - 0x00007ffa0b532000 	C:\WINDOWS\SYSTEM32\DBGHELP.DLL
0x00007ffa0f3b0000 - 0x00007ffa0f732000 	C:\WINDOWS\System32\combase.dll
0x00007ffa0eb80000 - 0x00007ffa0ec58000 	C:\WINDOWS\System32\OLEAUT32.dll
0x00007ff9f3c20000 - 0x00007ff9f3c5b000 	C:\WINDOWS\SYSTEM32\dbgcore.DLL
0x00007ffa0e000000 - 0x00007ffa0e0a5000 	C:\WINDOWS\System32\bcryptPrimitives.dll
0x00007ff98ef70000 - 0x00007ff98ef90000 	C:\Program Files\Eclipse Adoptium\jdk-21.0.11.10-hotspot\bin\java.dll
0x00007ffa10100000 - 0x00007ffa10867000 	C:\WINDOWS\System32\SHELL32.dll
0x00007ffa0d4d0000 - 0x00007ffa0d63a000 	C:\WINDOWS\System32\wintypes.dll
0x00007ffa0d790000 - 0x00007ffa0dff8000 	C:\WINDOWS\System32\windows.storage.dll
0x00007ffa0f160000 - 0x00007ffa0f258000 	C:\WINDOWS\System32\SHCORE.dll
0x00007ffa0e860000 - 0x00007ffa0e8c6000 	C:\WINDOWS\System32\shlwapi.dll
0x00007ffa0d230000 - 0x00007ffa0d259000 	C:\WINDOWS\SYSTEM32\profapi.dll
0x00007ff91b7a0000 - 0x00007ff91b877000 	C:\Program Files\Eclipse Adoptium\jdk-21.0.11.10-hotspot\bin\jsvml.dll
0x00007ff9f2580000 - 0x00007ff9f2590000 	C:\Program Files\Eclipse Adoptium\jdk-21.0.11.10-hotspot\bin\net.dll
0x00007ffa062d0000 - 0x00007ffa063fd000 	C:\WINDOWS\SYSTEM32\WINHTTP.dll
0x00007ffa0c680000 - 0x00007ffa0c6ec000 	C:\WINDOWS\system32\mswsock.dll
0x00007ff98ef50000 - 0x00007ff98ef66000 	C:\Program Files\Eclipse Adoptium\jdk-21.0.11.10-hotspot\bin\nio.dll
0x00007ff98d3e0000 - 0x00007ff98d3f8000 	C:\Program Files\Eclipse Adoptium\jdk-21.0.11.10-hotspot\bin\zip.dll
0x000001a091a70000 - 0x000001a091a73000 	C:\Users\LENOVO\.openjfx\cache\17.0.2-ea\api-ms-win-core-console-l1-1-0.dll
0x000001a091a80000 - 0x000001a091a83000 	C:\Users\LENOVO\.openjfx\cache\17.0.2-ea\api-ms-win-core-console-l1-2-0.dll
0x000001a091a90000 - 0x000001a091a93000 	C:\Users\LENOVO\.openjfx\cache\17.0.2-ea\api-ms-win-core-datetime-l1-1-0.dll
0x000001a091aa0000 - 0x000001a091aa3000 	C:\Users\LENOVO\.openjfx\cache\17.0.2-ea\api-ms-win-core-debug-l1-1-0.dll
0x000001a091ab0000 - 0x000001a091ab3000 	C:\Users\LENOVO\.openjfx\cache\17.0.2-ea\api-ms-win-core-errorhandling-l1-1-0.dll
0x000001a091ac0000 - 0x000001a091ac4000 	C:\Users\LENOVO\.openjfx\cache\17.0.2-ea\api-ms-win-core-file-l1-1-0.dll
0x000001a091ad0000 - 0x000001a091ad3000 	C:\Users\LENOVO\.openjfx\cache\17.0.2-ea\api-ms-win-core-file-l1-2-0.dll
0x000001a091ae0000 - 0x000001a091ae3000 	C:\Users\LENOVO\.openjfx\cache\17.0.2-ea\api-ms-win-core-file-l2-1-0.dll
0x000001a091af0000 - 0x000001a091af3000 	C:\Users\LENOVO\.openjfx\cache\17.0.2-ea\api-ms-win-core-handle-l1-1-0.dll
0x000001a091b00000 - 0x000001a091b03000 	C:\Users\LENOVO\.openjfx\cache\17.0.2-ea\api-ms-win-core-heap-l1-1-0.dll
0x000001a091b10000 - 0x000001a091b13000 	C:\Users\LENOVO\.openjfx\cache\17.0.2-ea\api-ms-win-core-interlocked-l1-1-0.dll
0x000001a091b20000 - 0x000001a091b23000 	C:\Users\LENOVO\.openjfx\cache\17.0.2-ea\api-ms-win-core-libraryloader-l1-1-0.dll
0x000001a091b30000 - 0x000001a091b33000 	C:\Users\LENOVO\.openjfx\cache\17.0.2-ea\api-ms-win-core-localization-l1-2-0.dll
0x000001a091b40000 - 0x000001a091b43000 	C:\Users\LENOVO\.openjfx\cache\17.0.2-ea\api-ms-win-core-memory-l1-1-0.dll
0x000001a091b50000 - 0x000001a091b53000 	C:\Users\LENOVO\.openjfx\cache\17.0.2-ea\api-ms-win-core-namedpipe-l1-1-0.dll
0x000001a091b60000 - 0x000001a091b63000 	C:\Users\LENOVO\.openjfx\cache\17.0.2-ea\api-ms-win-core-processenvironment-l1-1-0.dll
0x000001a091b70000 - 0x000001a091b73000 	C:\Users\LENOVO\.openjfx\cache\17.0.2-ea\api-ms-win-core-processthreads-l1-1-0.dll
0x000001a091b80000 - 0x000001a091b83000 	C:\Users\LENOVO\.openjfx\cache\17.0.2-ea\api-ms-win-core-processthreads-l1-1-1.dll
0x000001a091b90000 - 0x000001a091b93000 	C:\Users\LENOVO\.openjfx\cache\17.0.2-ea\api-ms-win-core-profile-l1-1-0.dll
0x000001a091ba0000 - 0x000001a091ba3000 	C:\Users\LENOVO\.openjfx\cache\17.0.2-ea\api-ms-win-core-rtlsupport-l1-1-0.dll
0x000001a091bb0000 - 0x000001a091bb3000 	C:\Users\LENOVO\.openjfx\cache\17.0.2-ea\api-ms-win-core-string-l1-1-0.dll
0x000001a091bc0000 - 0x000001a091bc3000 	C:\Users\LENOVO\.openjfx\cache\17.0.2-ea\api-ms-win-core-synch-l1-1-0.dll
0x000001a091bd0000 - 0x000001a091bd3000 	C:\Users\LENOVO\.openjfx\cache\17.0.2-ea\api-ms-win-core-synch-l1-2-0.dll
0x000001a091be0000 - 0x000001a091be3000 	C:\Users\LENOVO\.openjfx\cache\17.0.2-ea\api-ms-win-core-sysinfo-l1-1-0.dll
0x000001a091bf0000 - 0x000001a091bf3000 	C:\Users\LENOVO\.openjfx\cache\17.0.2-ea\api-ms-win-core-timezone-l1-1-0.dll
0x000001a091c00000 - 0x000001a091c03000 	C:\Users\LENOVO\.openjfx\cache\17.0.2-ea\api-ms-win-core-util-l1-1-0.dll
0x000001a091c10000 - 0x000001a091c13000 	C:\Users\LENOVO\.openjfx\cache\17.0.2-ea\api-ms-win-crt-conio-l1-1-0.dll
0x000001a091c20000 - 0x000001a091c24000 	C:\Users\LENOVO\.openjfx\cache\17.0.2-ea\api-ms-win-crt-convert-l1-1-0.dll
0x000001a091c30000 - 0x000001a091c33000 	C:\Users\LENOVO\.openjfx\cache\17.0.2-ea\api-ms-win-crt-environment-l1-1-0.dll
0x000001a091c40000 - 0x000001a091c43000 	C:\Users\LENOVO\.openjfx\cache\17.0.2-ea\api-ms-win-crt-filesystem-l1-1-0.dll
0x000001a091c50000 - 0x000001a091c53000 	C:\Users\LENOVO\.openjfx\cache\17.0.2-ea\api-ms-win-crt-heap-l1-1-0.dll
0x000001a091c60000 - 0x000001a091c63000 	C:\Users\LENOVO\.openjfx\cache\17.0.2-ea\api-ms-win-crt-locale-l1-1-0.dll
0x000001a091c70000 - 0x000001a091c75000 	C:\Users\LENOVO\.openjfx\cache\17.0.2-ea\api-ms-win-crt-math-l1-1-0.dll
0x000001a091c80000 - 0x000001a091c85000 	C:\Users\LENOVO\.openjfx\cache\17.0.2-ea\api-ms-win-crt-multibyte-l1-1-0.dll
0x000001a091c90000 - 0x000001a091ca0000 	C:\Users\LENOVO\.openjfx\cache\17.0.2-ea\api-ms-win-crt-private-l1-1-0.dll
0x000001a091ca0000 - 0x000001a091ca3000 	C:\Users\LENOVO\.openjfx\cache\17.0.2-ea\api-ms-win-crt-process-l1-1-0.dll
0x000001a091cb0000 - 0x000001a091cb4000 	C:\Users\LENOVO\.openjfx\cache\17.0.2-ea\api-ms-win-crt-runtime-l1-1-0.dll
0x000001a091cc0000 - 0x000001a091cc4000 	C:\Users\LENOVO\.openjfx\cache\17.0.2-ea\api-ms-win-crt-stdio-l1-1-0.dll
0x000001a091cd0000 - 0x000001a091cd4000 	C:\Users\LENOVO\.openjfx\cache\17.0.2-ea\api-ms-win-crt-string-l1-1-0.dll
0x000001a091ce0000 - 0x000001a091ce3000 	C:\Users\LENOVO\.openjfx\cache\17.0.2-ea\api-ms-win-crt-time-l1-1-0.dll
0x000001a091cf0000 - 0x000001a091cf3000 	C:\Users\LENOVO\.openjfx\cache\17.0.2-ea\api-ms-win-crt-utility-l1-1-0.dll
0x00007ff9054e0000 - 0x00007ff9055dc000 	C:\Users\LENOVO\.openjfx\cache\17.0.2-ea\ucrtbase.dll
0x00007ff9e3ec0000 - 0x00007ff9e3eda000 	C:\Users\LENOVO\.openjfx\cache\17.0.2-ea\vcruntime140.dll
0x00007ff9e3eb0000 - 0x00007ff9e3ebc000 	C:\Users\LENOVO\.openjfx\cache\17.0.2-ea\vcruntime140_1.dll
0x00007ff91b6d0000 - 0x00007ff91b75d000 	C:\Users\LENOVO\.openjfx\cache\17.0.2-ea\msvcp140.dll
0x00007ff9e3e80000 - 0x00007ff9e3eaa000 	C:\Users\LENOVO\.openjfx\cache\17.0.2-ea\prism_d3d.dll
0x00007ff9b7f70000 - 0x00007ff9b8122000 	C:\WINDOWS\system32\d3d9.dll
0x00007ffa0acc0000 - 0x00007ffa0acef000 	C:\WINDOWS\SYSTEM32\dwmapi.dll
0x00007ffa0ab00000 - 0x00007ffa0ab43000 	C:\WINDOWS\SYSTEM32\dxcore.dll
0x00007ffa0aa00000 - 0x00007ffa0aaa9000 	C:\WINDOWS\system32\uxtheme.dll
0x00007ffa06110000 - 0x00007ffa062cb000 	C:\WINDOWS\System32\DriverStore\FileRepository\u0417253.inf_amd64_a9b363c4f94f001d\B417132\aticfx64.dll
0x00007ff9459c0000 - 0x00007ff9459f4000 	C:\WINDOWS\System32\DriverStore\FileRepository\u0417253.inf_amd64_a9b363c4f94f001d\B417132\atiu9p64.dll
0x00007ff8e4170000 - 0x00007ff8e4eb7000 	C:\WINDOWS\System32\DriverStore\FileRepository\u0417253.inf_amd64_a9b363c4f94f001d\B417132\atiumd64.dll
0x00007ffa0f8c0000 - 0x00007ffa0fa57000 	C:\WINDOWS\System32\ole32.dll
0x0000000055b00000 - 0x0000000056a13000 	C:\WINDOWS\System32\DriverStore\FileRepository\u0417253.inf_amd64_a9b363c4f94f001d\B417132\atiumd6a.dll
0x00007ffa0fc60000 - 0x00007ffa100e7000 	C:\WINDOWS\System32\SETUPAPI.dll
0x00007ffa03cf0000 - 0x00007ffa03d25000 	C:\WINDOWS\SYSTEM32\amdihk64.dll
0x00007ffa079d0000 - 0x00007ffa07a31000 	C:\WINDOWS\SYSTEM32\directxdatabasehelper.dll
0x00007ffa0cec0000 - 0x00007ffa0cf11000 	C:\WINDOWS\SYSTEM32\cfgmgr32.dll
0x00007ff91b650000 - 0x00007ff91b692000 	C:\Users\LENOVO\.openjfx\cache\17.0.2-ea\glass.dll
0x00007ffa0f740000 - 0x00007ffa0f82f000 	C:\WINDOWS\System32\COMDLG32.dll
0x00007ff9e71a0000 - 0x00007ff9e72d3000 	C:\ProgramData\A-Volute\A-Volute.Nahimic\Modules\Scheduled\x64\AudioDevProps2.dll
0x00007ffa10870000 - 0x00007ffa109cc000 	C:\WINDOWS\System32\MSCTF.dll
0x00007ffa0bad0000 - 0x00007ffa0bc02000 	C:\WINDOWS\SYSTEM32\DNSAPI.dll
0x00007ffa0ba40000 - 0x00007ffa0ba72000 	C:\WINDOWS\SYSTEM32\IPHLPAPI.DLL
0x00007ffa0ed80000 - 0x00007ffa0ed8a000 	C:\WINDOWS\System32\NSI.dll
0x00007ffa06450000 - 0x00007ffa0645b000 	C:\Windows\System32\rasadhlp.dll
0x00007ffa03b00000 - 0x00007ffa03b86000 	C:\WINDOWS\System32\fwpuclnt.dll
0x00007ff996f70000 - 0x00007ff996f79000 	C:\Program Files\Eclipse Adoptium\jdk-21.0.11.10-hotspot\bin\extnet.dll
0x00007ffa0c960000 - 0x00007ffa0c97b000 	C:\WINDOWS\SYSTEM32\CRYPTSP.dll
0x00007ffa0bfd0000 - 0x00007ffa0c009000 	C:\WINDOWS\system32\rsaenh.dll
0x00007ffa0c730000 - 0x00007ffa0c763000 	C:\WINDOWS\SYSTEM32\USERENV.dll
0x00007ffa0d200000 - 0x00007ffa0d22a000 	C:\WINDOWS\SYSTEM32\bcrypt.dll
0x00007ffa0c980000 - 0x00007ffa0c98c000 	C:\WINDOWS\SYSTEM32\CRYPTBASE.dll
0x00007ff996f60000 - 0x00007ff996f6e000 	C:\Program Files\Eclipse Adoptium\jdk-21.0.11.10-hotspot\bin\sunmscapi.dll
0x00007ffa0e0e0000 - 0x00007ffa0e257000 	C:\WINDOWS\System32\CRYPT32.dll
0x00007ffa0cb80000 - 0x00007ffa0cbb0000 	C:\WINDOWS\SYSTEM32\ncrypt.dll
0x00007ffa0cb30000 - 0x00007ffa0cb6f000 	C:\WINDOWS\SYSTEM32\NTASN1.dll
0x00007ff9ef5e0000 - 0x00007ff9ef5e8000 	C:\WINDOWS\system32\wshunix.dll
0x00007ff98bc20000 - 0x00007ff98bc34000 	C:\Users\LENOVO\.openjfx\cache\17.0.2-ea\javafx_font.dll
0x00007ffa09190000 - 0x00007ffa093f7000 	C:\WINDOWS\SYSTEM32\dwrite.dll
0x00007ffa0eff0000 - 0x00007ffa0f09e000 	C:\WINDOWS\System32\clbcatq.dll

JVMTI agents: none

dbghelp: loaded successfully - version: 4.0.5 - missing functions: none
symbol engine: initialized successfully - sym options: 0x614 - pdb path: .;C:\Program Files\Eclipse Adoptium\jdk-21.0.11.10-hotspot\bin;C:\WINDOWS\SYSTEM32;C:\WINDOWS\WinSxS\amd64_microsoft.windows.common-controls_6595b64144ccf1df_6.0.26100.8115_none_3e075c82e3354f9c;C:\Program Files\Eclipse Adoptium\jdk-21.0.11.10-hotspot\bin\server;C:\Users\LENOVO\.openjfx\cache\17.0.2-ea;C:\WINDOWS\System32\DriverStore\FileRepository\u0417253.inf_amd64_a9b363c4f94f001d\B417132;C:\ProgramData\A-Volute\A-Volute.Nahimic\Modules\Scheduled\x64;C:\Program Files\Common Files\Microsoft Shared\Ink

VM Arguments:
jvm_args: --module-path=C:\Users\LENOVO\.m2\repository\org\openjfx\javafx-base\17.0.2\javafx-base-17.0.2-win.jar;C:\Users\LENOVO\.m2\repository\org\openjfx\javafx-base\17.0.2\javafx-base-17.0.2.jar;C:\Users\LENOVO\.m2\repository\org\openjfx\javafx-controls\17.0.2\javafx-controls-17.0.2-win.jar;C:\Users\LENOVO\.m2\repository\org\openjfx\javafx-controls\17.0.2\javafx-controls-17.0.2.jar;C:\Users\LENOVO\.m2\repository\org\openjfx\javafx-fxml\17.0.2\javafx-fxml-17.0.2-win.jar;C:\Users\LENOVO\.m2\repository\org\openjfx\javafx-graphics\17.0.2\javafx-graphics-17.0.2-win.jar;C:\Users\LENOVO\.m2\repository\org\openjfx\javafx-graphics\17.0.2\javafx-graphics-17.0.2.jar;C:\Users\LENOVO\.m2\repository\org\openjfx\javafx-media\17.0.2\javafx-media-17.0.2-win.jar;C:\Users\LENOVO\.m2\repository\org\openjfx\javafx-media\17.0.2\javafx-media-17.0.2.jar;C:\Users\LENOVO\.m2\repository\org\openjfx\javafx-swing\17.0.2\javafx-swing-17.0.2-win.jar;C:\Users\LENOVO\.m2\repository\org\openjfx\javafx-swing\17.0.2\javafx-swing-17.0.2.jar;C:\Users\LENOVO\.m2\repository\org\openjfx\javafx-web\17.0.2\javafx-web-17.0.2-win.jar;C:\Users\LENOVO\.m2\repository\org\openjfx\javafx-web\17.0.2\javafx-web-17.0.2.jar --add-modules=javafx.base,javafx.controls,javafx.fxml,javafx.graphics,javafx.media,javafx.swing,javafx.web 
java_command: com.wellcare.Main
java_class_path (initial): C:\Users\LENOVO\Desktop\projetjavafinal\finalprojetjava\target\classes;C:\Users\LENOVO\.m2\repository\antlr\antlr\2.7.7\antlr-2.7.7.jar;C:\Users\LENOVO\.m2\repository\at\favre\lib\bcrypt\0.10.2\bcrypt-0.10.2.jar;C:\Users\LENOVO\.m2\repository\at\favre\lib\bytes\1.5.0\bytes-1.5.0.jar;C:\Users\LENOVO\.m2\repository\com\fasterxml\classmate\1.5.1\classmate-1.5.1.jar;C:\Users\LENOVO\.m2\repository\com\fasterxml\jackson\core\jackson-annotations\2.14.2\jackson-annotations-2.14.2.jar;C:\Users\LENOVO\.m2\repository\com\fasterxml\jackson\core\jackson-core\2.14.2\jackson-core-2.14.2.jar;C:\Users\LENOVO\.m2\repository\com\fasterxml\jackson\core\jackson-databind\2.14.2\jackson-databind-2.14.2.jar;C:\Users\LENOVO\.m2\repository\com\github\ben-manes\caffeine\caffeine\2.9.3\caffeine-2.9.3.jar;C:\Users\LENOVO\.m2\repository\com\github\librepdf\openpdf\1.3.30\openpdf-1.3.30.jar;C:\Users\LENOVO\.m2\repository\com\github\waffle\waffle-jna\3.3.0\waffle-jna-3.3.0.jar;C:\Users\LENOVO\.m2\repository\com\google\code\findbugs\jsr305\3.0.2\jsr305-3.0.2.jar;C:\Users\LENOVO\.m2\repository\com\google\errorprone\error_prone_annotations\2.10.0\error_prone_annotations-2.10.0.jar;C:\Users\LENOVO\.m2\repository\com\google\protobuf\protobuf-java\3.21.9\protobuf-java-3.21.9.jar;C:\Users\LENOVO\.m2\repository\com\googlecode\json-simple\json-simple\1.1.1\json-simple-1.1.1.jar;C:\Users\LENOVO\.m2\repository\com\itextpdf\barcodes\7.2.5\barcodes-7.2.5.jar;C:\Users\LENOVO\.m2\repository\com\itextpdf\commons\7.2.5\commons-7.2.5.jar;C:\Users\LENOVO\.m2\repository\com\itextpdf\font-asian\7.2.5\font-asian-7.2.5.jar;C:\Users\LENOVO\.m2\repository\com\itextpdf\forms\7.2.5\forms-7.2.5.jar;C:\Users\LENOVO\.m2\repository\com\itextpdf\hyph\7.2.5\hyph-7.2.5.jar;C:\Users\LENOVO\.m2\repository\com\itextpdf\io\7.2.5\io-7.2.5.jar;C:\Users\LENOVO\.m2\repository\com\itextpdf\itextpdf\5.5.13.3\itextpdf-5.5.13.3.jar;C:\Users\LENOVO\.m2\repository\com\itextpdf\kernel\7.2.5\kernel-7.2.5.jar;C:\Users\LENOVO\.m2\repository\com\itextpdf\layout\7.2.5\layout-7.2.5.jar;C:\Users\LENOVO\.m2\repository\com\itextpdf\pdfa\7.2.5\pdfa-7.2.5.jar;C:\Users\LENOVO\.m2\repository\com\itextpdf\sign\7.2.5\sign-7.2.5.jar;C:\Users\LENOVO\.m2\repository\com\itextpdf\styled-xml-parser\7.2.5\styled-xml-parser-7.2.5.jar;C:\Users\LENOVO\.m2\repository\com\itextpdf\svg\7.2.5\svg-7.2.5.jar;C:\Users\LENOVO\.m2\repository\com\mysql\mysql-connector-j\8.0.33\mysql-connector-j-8.0.33.jar;C:\Users\LENOVO\.m2\repository\com\sothawo\mapjfx\3.1.0\mapjfx-3.1.0.jar;C:\Users\LENOVO\.m2\repository\com\squareup\okhttp3\okhttp\4.12.0\okhttp-4.12.0.jar;C:\Users\LENOVO\.m2\repository\com\squareup\okio\okio\3.6.0\okio-3.6.0.jar;C:\Users\LENOVO\.m2\repository\com\squareup\okio\okio-jvm\3.6.0\okio-jvm-3.6.0.jar;C:\Users\LENOVO\.m2\repository\com\sun\activation\jakarta.activation\2.0.1\jakarta.activation-2.0.1.jar;C:\Users\LENOVO\.m2\repository\com\sun\istack\istack-commons-runtime\3.0.7\istack-commons-runtime-3.0.7.jar;C:\Users\LENOVO\.m2\repository\com\sun\mail\jakarta.mail\2.0.1\jakarta.mail-2.0.1.jar;C:\Users\LENOVO\.m2\repository\com\sun\xml\fastinfoset\FastInfoset\1.2.15\FastInfoset-1.2.15.jar;C:\Users\LENOVO\.m2\repository\jakarta\servlet\jakarta.servlet-api\6.0.0\jakarta.servlet-api-6.0.0.jar;C:\Users\LENOVO\.m2\repository\javax\activation\javax.activation-api\1.2.0\javax.activation-api-1.2.0.jar;C:\Users\LENOVO\.m2\repository\javax\persistence\javax.persistence-api\2.2\javax.persistence-api-2.2.jar;C:\Users\LENOVO\.m2\repository\javax\xml\bind\jaxb-api\2.3.1\jaxb-api-2.3.1.jar;C:\Users\LENOVO\.m2\repository\junit\junit\4.10\junit-4.10.jar;C:\Users\LENOVO\.m2\repository\net\bytebuddy\byte-buddy\1.12.18\byte-buddy-1.12.18.jar;C:\Users\LENOVO\.m2\repository\net\java\dev\jna\jna\5.13.0\jna-5.13.0.jar;C:\Users\LENOVO\.m2\repository\net\java\dev\jna\jna-platform\5.13.0\jna-platform-5.13.0.jar;C:\Users\LENOVO\.m2\repository\org\bouncycastle\bcpkix-jdk15on\1.70\bcpkix-jdk15on-1.70.jar;C:\Users\LENOVO\.m2\repository\org\bouncycastle\bcprov-jdk15on\1.70\bcprov-jdk15on-1.70.jar;C:\Users\LENOVO\.m2\repository\org\bouncycastle\bcutil-jdk15on\1.70\bcutil-jdk15on-1.70.jar;C:\Users\LENOVO\.m2\repository\org\checkerframework\checker-qual\3.32.0\checker-qual-3.32.0.jar;C:\Users\LENOVO\.m2\repository\org\controlsfx\controlsfx\11.2.1\controlsfx-11.2.1.jar;C:\Users\LENOVO\.m2\repository\org\glassfish\jaxb\jaxb-runtime\2.3.1\jaxb-runtime-2.3.1.jar;C:\Users\LENOVO\.m2\repository\org\glassfish\jaxb\txw2\2.3.1\txw2-2.3.1.jar;C:\Users\LENOVO\.m2\repository\org\hamcrest\hamcrest-core\1.1\hamcrest-core-1.1.jar;C:\Users\LENOVO\.m2\repository\org\hibernate\hibernate-core\5.6.15.Final\hibernate-core-5.6.15.Final.jar;C:\Users\LENOVO\.m2\repository\org\hibernate\common\hibernate-commons-annotations\5.1.2.Final\hibernate-commons-annotations-5.1.2.Final.jar;C:\Users\LENOVO\.m2\repository\org\java-websocket\Java-WebSocket\1.5.3\Java-WebSocket-1.5.3.jar;C:\Users\LENOVO\.m2\repository\org\jboss\jandex\2.4.2.Final\jandex-2.4.2.Final.jar;C:\Users\LENOVO\.m2\repository\org\jboss\logging\jboss-logging\3.4.3.Final\jboss-logging-3.4.3.Final.jar;C:\Users\LENOVO\.m2\repository\org\jboss\spec\javax\transaction\jboss-transaction-api_1.2_spec\1.1.1.Final\jboss-transaction-api_1.2_spec-1.1.1.Final.jar;C:\Users\LENOVO\.m2\repository\org\jetbrains\annotations\13.0\annotations-13.0.jar;C:\Users\LENOVO\.m2\repository\org\jetbrains\kotlin\kotlin-stdlib\1.8.21\kotlin-stdlib-1.8.21.jar;C:\Users\LENOVO\.m2\repository\org\jetbrains\kotlin\kotlin-stdlib-common\1.9.10\kotlin-stdlib-common-1.9.10.jar;C:\Users\LENOVO\.m2\repository\org\jetbrains\kotlin\kotlin-stdlib-jdk7\1.8.21\kotlin-stdlib-jdk7-1.8.21.jar;C:\Users\LENOVO\.m2\repository\org\jetbrains\kotlin\kotlin-stdlib-jdk8\1.8.21\kotlin-stdlib-jdk8-1.8.21.jar;C:\Users\LENOVO\.m2\repository\org\json\json\20231013\json-20231013.jar;C:\Users\LENOVO\.m2\repository\org\jvnet\staxex\stax-ex\1.8\stax-ex-1.8.jar;C:\Users\LENOVO\.m2\repository\org\mariadb\jdbc\mariadb-java-client\3.3.3\mariadb-java-client-3.3.3.jar;C:\Users\LENOVO\.m2\repository\org\slf4j\jcl-over-slf4j\2.0.7\jcl-over-slf4j-2.0.7.jar;C:\Users\LENOVO\.m2\repository\org\slf4j\slf4j-api\1.7.31\slf4j-api-1.7.31.jar;C:\Users\LENOVO\.m2\repository\org\slf4j\slf4j-simple\1.7.36\slf4j-simple-1.7.36.jar
Launcher Type: SUN_STANDARD

[Global flags]
     intx CICompilerCount                          = 4                                         {product} {ergonomic}
     uint ConcGCThreads                            = 3                                         {product} {ergonomic}
     uint G1ConcRefinementThreads                  = 10                                        {product} {ergonomic}
   size_t G1HeapRegionSize                         = 2097152                                   {product} {ergonomic}
    uintx GCDrainStackTargetSize                   = 64                                        {product} {ergonomic}
   size_t InitialHeapSize                          = 232783872                                 {product} {ergonomic}
   size_t MarkStackSize                            = 4194304                                   {product} {ergonomic}
   size_t MaxHeapSize                              = 3720347648                                {product} {ergonomic}
   size_t MaxNewSize                               = 2231369728                                {product} {ergonomic}
   size_t MinHeapDeltaBytes                        = 2097152                                   {product} {ergonomic}
   size_t MinHeapSize                              = 8388608                                   {product} {ergonomic}
    uintx NonNMethodCodeHeapSize                   = 5839372                                {pd product} {ergonomic}
    uintx NonProfiledCodeHeapSize                  = 122909434                              {pd product} {ergonomic}
    uintx ProfiledCodeHeapSize                     = 122909434                              {pd product} {ergonomic}
    uintx ReservedCodeCacheSize                    = 251658240                              {pd product} {ergonomic}
     bool SegmentedCodeCache                       = true                                      {product} {ergonomic}
   size_t SoftMaxHeapSize                          = 3720347648                             {manageable} {ergonomic}
     bool UseCompressedOops                        = true                           {product lp64_product} {ergonomic}
     bool UseG1GC                                  = true                                      {product} {ergonomic}
     bool UseLargePagesIndividualAllocation        = false                                  {pd product} {ergonomic}

Logging:
Log output configuration:
 #0: stdout all=warning uptime,level,tags foldmultilines=false
 #1: stderr all=off uptime,level,tags foldmultilines=false

Release file:
IMPLEMENTOR="Eclipse Adoptium" 
IMPLEMENTOR_VERSION="Temurin-21.0.11+10" 
JAVA_RUNTIME_VERSION="21.0.11+10-LTS" 
JAVA_VERSION="21.0.11" 
JAVA_VERSION_DATE="2026-04-21" 
LIBC="default" 
MODULES="java.base java.compiler java.datatransfer java.xml java.prefs java.desktop java.instrument java.logging java.management java.security.sasl java.naming java.rmi java.management.rmi java.net.http java.scripting java.security.jgss java.transaction.xa java.sql java.sql.rowset java.xml.crypto java.se java.smartcardio jdk.accessibility jdk.internal.jvmstat jdk.attach jdk.charsets jdk.internal.opt jdk.zipfs jdk.compiler jdk.crypto.ec jdk.crypto.cryptoki jdk.crypto.mscapi jdk.dynalink jdk.internal.ed jdk.editpad jdk.hotspot.agent jdk.httpserver jdk.incubator.vector jdk.internal.le jdk.internal.vm.ci jdk.internal.vm.compiler jdk.internal.vm.compiler.management jdk.jartool jdk.javadoc jdk.jcmd jdk.management jdk.management.agent jdk.jconsole jdk.jdeps jdk.jdwp.agent jdk.jdi jdk.jfr jdk.jlink jdk.jpackage jdk.jshell jdk.jsobject jdk.jstatd jdk.localedata jdk.management.jfr jdk.naming.dns jdk.naming.rmi jdk.net jdk.nio.mapmode jdk.random jdk.sctp jdk.security.auth jdk.security.jgss jdk.unsupported jdk.unsupported.desktop jdk.xml.dom" 
OS_ARCH="x86_64" 
OS_NAME="Windows" 
SOURCE=".:git:254494ad7d75" 
BUILD_SOURCE="git:a612825ee82a20ac872d60958c349854c1f29a8e"
BUILD_SOURCE_REPO="https://github.com/adoptium/temurin-build.git"
SOURCE_REPO="https://github.com/adoptium/jdk21u.git"
FULL_VERSION="21.0.11+10-LTS"
SEMANTIC_VERSION="21.0.11+10"
BUILD_INFO="OS: Windows Server 2022 Version: 10.0"
JVM_VARIANT="Hotspot"
JVM_VERSION="21.0.11+10-LTS"
IMAGE_TYPE="JDK"

Environment Variables:
JAVA_HOME=C:\Program Files\Eclipse Adoptium\jdk-21.0.11.10-hotspot
PATH=C:\oraclexe\app\oracle\product\11.2.0\server\bin;;C:\Program Files (x86)\VMware\VMware Workstation\bin\;C:\Program Files\Common Files\Oracle\Java\javapath;C:\ProgramData\Oracle\Java\javapath;C:\Windows\system32;C:\Windows;C:\Windows\System32\Wbem;C:\Windows\System32\WindowsPowerShell\v1.0\;C:\Windows\System32\OpenSSH\;C:\Program Files (x86)\NVIDIA Corporation\PhysX\Common;C:\Program Files\NVIDIA Corporation\NVIDIA NvDLISR;C:\Program Files (x86)\dotnet\;C:\WINDOWS\system32;C:\WINDOWS;C:\WINDOWS\System32\Wbem;C:\WINDOWS\System32\WindowsPowerShell\v1.0\;C:\WINDOWS\System32\OpenSSH\;C:\php-8.3.2-;C:\Program Files\Git\cmd;C:\Program Files\nodejs\;C:\sqlite;C:\Program Files (x86)\Git\cmd;C:\Users\LENOVO\AppData\Local\Android\Sdk\platform-tools;C:\Users\LENOVO\AppData\Local\Android\Sdk\emulator;C:\Users\LENOVO\AppData\Local\Android\Sdk\tools;C:\Users\LENOVO\AppData\Local\Android\Sdk\tools\bin;C:\ProgramData\ComposerSetup\bin;C:\Program Files (x86)\Microsoft SQL Server\150\Tools\Binn\;C:\Program Files\Microsoft SQL Server\150\Tools\Binn\;C:\Program Files (x86)\Microsoft SQL Server\150\DTS\Binn\;C:\Program Files\Microsoft SQL Server\150\DTS\Binn\;C:\Program Files\Microsoft SQL Server\Client SDK\ODBC\170\Tools\Binn\;C:\Program Files (x86)\Microsoft SQL Server\160\DTS\Binn\;C:\Program Files\Docker\Docker\resources\bin;C:\Users\LENOVO\scoop\shims;C:\Users\LENOVO\AppData\Local\Programs\Python\Python312\Scripts\;C:\Users\LENOVO\AppData\Local\Programs\Python\Python312\;C:\Users\LENOVO\AppData\Local\Programs\Python\Launcher\;C:\Users\LENOVO\AppData\Local\Microsoft\WindowsApps;C:\Users\LENOVO\AppData\Local\Programs\Microsoft VS Code\bin;C:\Users\LENOVO\AppData\Roaming\npm;C:\Users\LENOVO\AppData\Roaming\Composer\vendor\bin;C:\Users\LENOVO\AppData\Local\Google\Cloud SDK\google-cloud-sdk\bin;C:\xampp\php;C:\Users\LENOVO\AppData\Local\Programs\cursor\resources\app\bin;
USERNAME=LENOVO
OS=Windows_NT
PROCESSOR_IDENTIFIER=AMD64 Family 25 Model 80 Stepping 0, AuthenticAMD
TMP=C:\Users\LENOVO\AppData\Local\Temp
TEMP=C:\Users\LENOVO\AppData\Local\Temp




Periodic native trim disabled

---------------  S Y S T E M  ---------------

OS:
 Windows 11 , 64 bit Build 26100 (10.0.26100.8246)
OS uptime: 1 days 7:12 hours
Hyper-V role detected

CPU: total 12 (initial active 12) (12 cores per cpu, 2 threads per core) family 25 model 80 stepping 0 microcode 0xa50000c, cx8, cmov, fxsr, ht, mmx, 3dnowpref, sse, sse2, sse3, ssse3, sse4a, sse4.1, sse4.2, popcnt, lzcnt, tsc, tscinvbit, avx, avx2, aes, erms, clmul, bmi1, bmi2, adx, sha, fma, vzeroupper, clflush, clflushopt, hv, rdtscp, rdpid, fsrm, f16c, cet_ss
Processor Information for processor 0
  Max Mhz: 3301, Current Mhz: 2630, Mhz Limit: 3301
Processor Information for processor 1
  Max Mhz: 3301, Current Mhz: 3301, Mhz Limit: 3301
Processor Information for processor 2
  Max Mhz: 3301, Current Mhz: 3301, Mhz Limit: 3301
Processor Information for processor 3
  Max Mhz: 3301, Current Mhz: 3301, Mhz Limit: 3301
Processor Information for processor 4
  Max Mhz: 3301, Current Mhz: 3301, Mhz Limit: 3301
Processor Information for processor 5
  Max Mhz: 3301, Current Mhz: 2630, Mhz Limit: 3301
Processor Information for processor 6
  Max Mhz: 3301, Current Mhz: 3301, Mhz Limit: 3301
Processor Information for processor 7
  Max Mhz: 3301, Current Mhz: 2630, Mhz Limit: 3301
Processor Information for processor 8
  Max Mhz: 3301, Current Mhz: 2630, Mhz Limit: 3301
Processor Information for processor 9
  Max Mhz: 3301, Current Mhz: 3301, Mhz Limit: 3301
Processor Information for processor 10
  Max Mhz: 3301, Current Mhz: 3301, Mhz Limit: 3301
Processor Information for processor 11
  Max Mhz: 3301, Current Mhz: 3301, Mhz Limit: 3301

Memory: 4k page, system-wide physical 14188M (874M free)
TotalPageFile size 46897M (AvailPageFile size 129M)
current process WorkingSet (physical memory assigned to process): 588M, peak: 625M
current process commit charge ("private bytes"): 872M, peak: 1094M

vm_info: OpenJDK 64-Bit Server VM (21.0.11+10-LTS) for windows-amd64 JRE (21.0.11+10-LTS), built on 2026-04-21T00:00:00Z by "admin" with MS VC++ 17.12 (VS2022)

END.
