#
# There is insufficient memory for the Java Runtime Environment to continue.
# Native memory allocation (mmap) failed to map 243269632 bytes. Error detail: G1 virtual space
# Possible reasons:
#   The system is out of physical RAM or swap space
#   This process is running with CompressedOops enabled, and the Java Heap may be blocking the growth of the native heap
# Possible solutions:
#   Reduce memory load on the system
#   Increase physical memory or swap space
#   Check if swap backing store is full
#   Decrease Java heap size (-Xmx/-Xms)
#   Decrease number of Java threads
#   Decrease Java thread stack sizes (-Xss)
#   Set larger code cache with -XX:ReservedCodeCacheSize=
#   JVM is running with Zero Based Compressed Oops mode in which the Java heap is
#     placed in the first 32GB address space. The Java Heap base address is the
#     maximum limit for the native heap growth. Please use -XX:HeapBaseMinAddress
#     to set the Java Heap base and to place the Java Heap above 32GB virtual address.
# This output file may be truncated or incomplete.
#
#  Out of Memory Error (os_windows.cpp:3714), pid=40632, tid=26912
#
# JRE version: OpenJDK Runtime Environment Temurin-21.0.11+10 (21.0.11+10) (build 21.0.11+10-LTS)
# Java VM: OpenJDK 64-Bit Server VM Temurin-21.0.11+10 (21.0.11+10-LTS, mixed mode, sharing, tiered, compressed oops, compressed class ptrs, g1 gc, windows-amd64)
# No core dump will be written. Minidumps are not enabled by default on client versions of Windows
#

---------------  S U M M A R Y ------------

Command Line: --module-path=C:\Users\LENOVO\.m2\repository\org\openjfx\javafx-base\17.0.2\javafx-base-17.0.2-win.jar;C:\Users\LENOVO\.m2\repository\org\openjfx\javafx-base\17.0.2\javafx-base-17.0.2.jar;C:\Users\LENOVO\.m2\repository\org\openjfx\javafx-controls\17.0.2\javafx-controls-17.0.2-win.jar;C:\Users\LENOVO\.m2\repository\org\openjfx\javafx-controls\17.0.2\javafx-controls-17.0.2.jar;C:\Users\LENOVO\.m2\repository\org\openjfx\javafx-fxml\17.0.2\javafx-fxml-17.0.2-win.jar;C:\Users\LENOVO\.m2\repository\org\openjfx\javafx-graphics\17.0.2\javafx-graphics-17.0.2-win.jar;C:\Users\LENOVO\.m2\repository\org\openjfx\javafx-graphics\17.0.2\javafx-graphics-17.0.2.jar;C:\Users\LENOVO\.m2\repository\org\openjfx\javafx-media\17.0.2\javafx-media-17.0.2-win.jar;C:\Users\LENOVO\.m2\repository\org\openjfx\javafx-media\17.0.2\javafx-media-17.0.2.jar;C:\Users\LENOVO\.m2\repository\org\openjfx\javafx-swing\17.0.2\javafx-swing-17.0.2-win.jar;C:\Users\LENOVO\.m2\repository\org\openjfx\javafx-swing\17.0.2\javafx-swing-17.0.2.jar;C:\Users\LENOVO\.m2\repository\org\openjfx\javafx-web\17.0.2\javafx-web-17.0.2-win.jar;C:\Users\LENOVO\.m2\repository\org\openjfx\javafx-web\17.0.2\javafx-web-17.0.2.jar --add-modules=javafx.base,javafx.controls,javafx.fxml,javafx.graphics,javafx.media,javafx.swing,javafx.web com.wellcare.Main

Host: AMD Ryzen 5 5600H with Radeon Graphics         , 12 cores, 13G,  Windows 11 , 64 bit Build 26100 (10.0.26100.8246)
Time: Thu May  7 00:09:15 2026 Afr. centrale Ouest elapsed time: 78.270942 seconds (0d 0h 1m 18s)

---------------  T H R E A D  ---------------

Current thread (0x000001e6b86ab750):  VMThread "VM Thread"          [id=26912, stack(0x00000090d0b00000,0x00000090d0c00000) (1024K)]

Stack: [0x00000090d0b00000,0x00000090d0c00000]
Native frames: (J=compiled Java code, j=interpreted, Vv=VM code, C=native code)
V  [jvm.dll+0x6d7e19]
V  [jvm.dll+0x8b5096]
V  [jvm.dll+0x8b764e]
V  [jvm.dll+0x8b7d33]
V  [jvm.dll+0x284596]
V  [jvm.dll+0x6d4735]
V  [jvm.dll+0x6c845a]
V  [jvm.dll+0x35ef08]
V  [jvm.dll+0x366b46]
V  [jvm.dll+0x3b7c2e]
V  [jvm.dll+0x3b7ed8]
V  [jvm.dll+0x33310c]
V  [jvm.dll+0x333197]
V  [jvm.dll+0x376f6c]
V  [jvm.dll+0x37570e]
V  [jvm.dll+0x332851]
V  [jvm.dll+0x374d7a]
V  [jvm.dll+0x8bda20]
V  [jvm.dll+0x8bed94]
V  [jvm.dll+0x8bf2c0]
V  [jvm.dll+0x8bf563]
V  [jvm.dll+0x85fb0d]
V  [jvm.dll+0x6d664d]
C  [ucrtbase.dll+0x37b0]
C  [KERNEL32.DLL+0x2e8d7]
C  [ntdll.dll+0x8c3fc]

VM_Operation (0x00000090d1afd480): G1CollectForAllocation, mode: safepoint, requested by thread 0x000001e6fe5e3fe0


---------------  P R O C E S S  ---------------

Threads class SMR info:
_java_thread_list=0x000001e685d1b160, length=149, elements={
0x000001e697795fb0, 0x000001e6b86c7f00, 0x000001e6b86ca970, 0x000001e6b86cfe30,
0x000001e6b86d0890, 0x000001e6b86d3300, 0x000001e6b86d3d60, 0x000001e6b86d4af0,
0x000001e6b86dd1d0, 0x000001e6b87f37c0, 0x000001e6fe0cd680, 0x000001e6fe288550,
0x000001e6fe6fb970, 0x000001e6fe5e3fe0, 0x000001e6840564f0, 0x000001e68407efe0,
0x000001e6842253a0, 0x000001e6846dbab0, 0x000001e6846e6e60, 0x000001e68473b7a0,
0x000001e68473cb50, 0x000001e68473b110, 0x000001e68473be30, 0x000001e68473c4c0,
0x000001e68473a3f0, 0x000001e6869eb5a0, 0x000001e6869ea1f0, 0x000001e6869ec2c0,
0x000001e6869ec950, 0x000001e6869ebc30, 0x000001e6869ea880, 0x000001e6869eaf10,
0x000001e6869ecfe0, 0x000001e6869ed670, 0x000001e690b36f80, 0x000001e690b37610,
0x000001e690b38330, 0x000001e690b37ca0, 0x000001e690b389c0, 0x000001e690b368f0,
0x000001e690b39050, 0x000001e690b35bd0, 0x000001e690b396e0, 0x000001e690b36260,
0x000001e690b39d70, 0x000001e696bf26e0, 0x000001e696bf19c0, 0x000001e696bef260,
0x000001e696bef8f0, 0x000001e691001cc0, 0x000001e6910029e0, 0x000001e690fff560,
0x000001e691001630, 0x000001e690fffbf0, 0x000001e691000fa0, 0x000001e696bee540,
0x000001e696bec470, 0x000001e696bedeb0, 0x000001e696becb00, 0x000001e696bebde0,
0x000001e696bed820, 0x000001e696beebd0, 0x000001e696beb750, 0x000001e696bf0610,
0x000001e691002350, 0x000001e696b06530, 0x000001e691000910, 0x000001e69645b710,
0x000001e69645cac0, 0x000001e69645d7e0, 0x000001e69645b080, 0x000001e69645d150,
0x000001e69645eb90, 0x000001e6964612f0, 0x000001e696461980, 0x000001e69645f8b0,
0x000001e6964626a0, 0x000001e696b07f70, 0x000001e696b06bc0, 0x000001e696b05810,
0x000001e696b05ea0, 0x000001e690b3cb60, 0x000001e690b3b120, 0x000001e690b3d1f0,
0x000001e696bf1330, 0x000001e690fd1cd0, 0x000001e690fd3080, 0x000001e690fd0fb0,
0x000001e690fd5150, 0x000001e69645c430, 0x000001e69645ff40, 0x000001e696462010,
0x000001e69645f220, 0x000001e6964605d0, 0x000001e690fd29f0, 0x000001e690fcf570,
0x000001e690fd0290, 0x000001e690fd3da0, 0x000001e690fd0920, 0x000001e690fd6b90,
0x000001e690fd4430, 0x000001e690fd57e0, 0x000001e690fd5e70, 0x000001e690b3aa90,
0x000001e696beff80, 0x000001e696bf2050, 0x000001e696b078e0, 0x000001e696b08c90,
0x000001e696b07250, 0x000001e696b08600, 0x000001e69645bda0, 0x000001e696460c60,
0x000001e69645e500, 0x000001e691000280, 0x000001e684c937c0, 0x000001e684c91060,
0x000001e684c93e50, 0x000001e684c909d0, 0x000001e684c916f0, 0x000001e684c93130,
0x000001e684c91d80, 0x000001e684c92410, 0x000001e684c92aa0, 0x000001e690fd2360,
0x000001e690fcfc00, 0x000001e690fd1640, 0x000001e690fd6500, 0x000001e690fd4ac0,
0x000001e690fd3710, 0x000001e690b3a400, 0x000001e69171e280, 0x000001e69171efa0,
0x000001e69171c1b0, 0x000001e69171bb20, 0x000001e69171e910, 0x000001e69171dbf0,
0x000001e69171d560, 0x000001e69171c840, 0x000001e69171ced0, 0x000001e6865a30f0,
0x000001e6865a1020, 0x000001e6865a3780, 0x000001e6865a3e10, 0x000001e6865a0990,
0x000001e6865a44a0, 0x000001e6865a4b30, 0x000001e6865a16b0, 0x000001e6865a2a60,
0x000001e6865a51c0
}

Java Threads: ( => current thread )
  0x000001e697795fb0 JavaThread "main"                              [_thread_blocked, id=43036, stack(0x00000090d0400000,0x00000090d0500000) (1024K)]
  0x000001e6b86c7f00 JavaThread "Reference Handler"          daemon [_thread_blocked, id=44524, stack(0x00000090d0c00000,0x00000090d0d00000) (1024K)]
  0x000001e6b86ca970 JavaThread "Finalizer"                  daemon [_thread_blocked, id=13092, stack(0x00000090d0d00000,0x00000090d0e00000) (1024K)]
  0x000001e6b86cfe30 JavaThread "Signal Dispatcher"          daemon [_thread_blocked, id=43140, stack(0x00000090d0e00000,0x00000090d0f00000) (1024K)]
  0x000001e6b86d0890 JavaThread "Attach Listener"            daemon [_thread_blocked, id=40532, stack(0x00000090d0f00000,0x00000090d1000000) (1024K)]
  0x000001e6b86d3300 JavaThread "Service Thread"             daemon [_thread_blocked, id=35536, stack(0x00000090d1000000,0x00000090d1100000) (1024K)]
  0x000001e6b86d3d60 JavaThread "Monitor Deflation Thread"   daemon [_thread_blocked, id=40972, stack(0x00000090d1100000,0x00000090d1200000) (1024K)]
  0x000001e6b86d4af0 JavaThread "C2 CompilerThread0"         daemon [_thread_blocked, id=45416, stack(0x00000090d1200000,0x00000090d1300000) (1024K)]
  0x000001e6b86dd1d0 JavaThread "C1 CompilerThread0"         daemon [_thread_blocked, id=39744, stack(0x00000090d1300000,0x00000090d1400000) (1024K)]
  0x000001e6b87f37c0 JavaThread "Common-Cleaner"             daemon [_thread_blocked, id=44912, stack(0x00000090d1400000,0x00000090d1500000) (1024K)]
  0x000001e6fe0cd680 JavaThread "Notification Thread"        daemon [_thread_blocked, id=33660, stack(0x00000090d1700000,0x00000090d1800000) (1024K)]
  0x000001e6fe288550 JavaThread "QuantumRenderer-0"          daemon [_thread_blocked, id=42808, stack(0x00000090d1500000,0x00000090d1600000) (1024K)]
  0x000001e6fe6fb970 JavaThread "InvokeLaterDispatcher"      daemon [_thread_blocked, id=41992, stack(0x00000090d1900000,0x00000090d1a00000) (1024K)]
  0x000001e6fe5e3fe0 JavaThread "JavaFX Application Thread"         [_thread_blocked, id=19424, stack(0x00000090d1a00000,0x00000090d1b00000) (1024K)]
  0x000001e6840564f0 JavaThread "Thread-1"                   daemon [_thread_blocked, id=44860, stack(0x00000090d2300000,0x00000090d2400000) (1024K)]
  0x000001e68407efe0 JavaThread "JavaFX-Launcher"                   [_thread_blocked, id=45836, stack(0x00000090d2400000,0x00000090d2500000) (1024K)]
  0x000001e6842253a0 JavaThread "mysql-cj-abandoned-connection-cleanup" daemon [_thread_blocked, id=45972, stack(0x00000090d2a00000,0x00000090d2b00000) (1024K)]
  0x000001e6846dbab0 JavaThread "HttpClient-1-SelectorManager" daemon [_thread_in_native, id=41188, stack(0x00000090d2b00000,0x00000090d2c00000) (1024K)]
  0x000001e6846e6e60 JavaThread "HttpClient-2-SelectorManager" daemon [_thread_in_native, id=30900, stack(0x00000090d2c00000,0x00000090d2d00000) (1024K)]
  0x000001e68473b7a0 JavaThread "Prism Font Disposer"        daemon [_thread_blocked, id=44372, stack(0x00000090d3400000,0x00000090d3500000) (1024K)]
  0x000001e68473cb50 JavaThread "Cleaner-0"                  daemon [_thread_blocked, id=42404, stack(0x00000090d3900000,0x00000090d3a00000) (1024K)]
  0x000001e68473b110 JavaThread "HttpClient-3-SelectorManager" daemon [_thread_in_native, id=33740, stack(0x00000090d0100000,0x00000090d0200000) (1024K)]
  0x000001e68473be30 JavaThread "HttpClient-4-SelectorManager" daemon [_thread_in_native, id=31372, stack(0x00000090d0300000,0x00000090d0400000) (1024K)]
  0x000001e68473c4c0 JavaThread "Disposer"                   daemon [_thread_blocked, id=36492, stack(0x00000090d3200000,0x00000090d3300000) (1024K)]
  0x000001e68473a3f0 JavaThread "HttpClient-5-SelectorManager" daemon [_thread_in_native, id=45148, stack(0x00000090d4000000,0x00000090d4100000) (1024K)]
  0x000001e6869eb5a0 JavaThread "URL-Loader-1"               daemon [_thread_blocked, id=35916, stack(0x00000090d4100000,0x00000090d4200000) (1024K)]
  0x000001e6869ea1f0 JavaThread "URL-Loader-2"               daemon [_thread_blocked, id=41576, stack(0x00000090d4200000,0x00000090d4300000) (1024K)]
  0x000001e6869ec2c0 JavaThread "URL-Loader-3"               daemon [_thread_blocked, id=5272, stack(0x00000090d4300000,0x00000090d4400000) (1024K)]
  0x000001e6869ec950 JavaThread "URL-Loader-4"               daemon [_thread_blocked, id=36512, stack(0x00000090d4400000,0x00000090d4500000) (1024K)]
  0x000001e6869ebc30 JavaThread "URL-Loader-5"               daemon [_thread_blocked, id=29968, stack(0x00000090d4500000,0x00000090d4600000) (1024K)]
  0x000001e6869ea880 JavaThread "URL-Loader-6"               daemon [_thread_blocked, id=10820, stack(0x00000090d4600000,0x00000090d4700000) (1024K)]
  0x000001e6869eaf10 JavaThread "URL-Loader-7"               daemon [_thread_blocked, id=37852, stack(0x00000090d4700000,0x00000090d4800000) (1024K)]
  0x000001e6869ecfe0 JavaThread "URL-Loader-8"               daemon [_thread_blocked, id=41008, stack(0x00000090d4800000,0x00000090d4900000) (1024K)]
  0x000001e6869ed670 JavaThread "URL-Loader-9"               daemon [_thread_blocked, id=7144, stack(0x00000090d4900000,0x00000090d4a00000) (1024K)]
  0x000001e690b36f80 JavaThread "URL-Loader-10"              daemon [_thread_blocked, id=43448, stack(0x00000090d4a00000,0x00000090d4b00000) (1024K)]
  0x000001e690b37610 JavaThread "URL-Loader-11"              daemon [_thread_blocked, id=29624, stack(0x00000090d4b00000,0x00000090d4c00000) (1024K)]
  0x000001e690b38330 JavaThread "URL-Loader-12"              daemon [_thread_blocked, id=44384, stack(0x00000090d4c00000,0x00000090d4d00000) (1024K)]
  0x000001e690b37ca0 JavaThread "URL-Loader-13"              daemon [_thread_blocked, id=29044, stack(0x00000090d4d00000,0x00000090d4e00000) (1024K)]
  0x000001e690b389c0 JavaThread "URL-Loader-14"              daemon [_thread_blocked, id=44200, stack(0x00000090d4e00000,0x00000090d4f00000) (1024K)]
  0x000001e690b368f0 JavaThread "URL-Loader-15"              daemon [_thread_blocked, id=32148, stack(0x00000090d4f00000,0x00000090d5000000) (1024K)]
  0x000001e690b39050 JavaThread "URL-Loader-16"              daemon [_thread_blocked, id=28544, stack(0x00000090d5000000,0x00000090d5100000) (1024K)]
  0x000001e690b35bd0 JavaThread "URL-Loader-17"              daemon [_thread_blocked, id=37504, stack(0x00000090d5100000,0x00000090d5200000) (1024K)]
  0x000001e690b396e0 JavaThread "URL-Loader-18"              daemon [_thread_blocked, id=45616, stack(0x00000090d5200000,0x00000090d5300000) (1024K)]
  0x000001e690b36260 JavaThread "URL-Loader-19"              daemon [_thread_blocked, id=42364, stack(0x00000090d5300000,0x00000090d5400000) (1024K)]
  0x000001e690b39d70 JavaThread "URL-Loader-20"              daemon [_thread_blocked, id=44152, stack(0x00000090d5400000,0x00000090d5500000) (1024K)]
  0x000001e696bf26e0 JavaThread "Thread-27"                  daemon [_thread_in_native, id=35332, stack(0x00000090d7400000,0x00000090d7500000) (1024K)]
  0x000001e696bf19c0 JavaThread "Thread-28"                  daemon [_thread_in_native, id=14896, stack(0x00000090d7500000,0x00000090d7600000) (1024K)]
  0x000001e696bef260 JavaThread "Thread-29"                  daemon [_thread_in_native, id=44816, stack(0x00000090d7600000,0x00000090d7700000) (1024K)]
  0x000001e696bef8f0 JavaThread "Thread-30"                  daemon [_thread_in_native, id=38556, stack(0x00000090d7700000,0x00000090d7800000) (1024K)]
  0x000001e691001cc0 JavaThread "Thread-32"                  daemon [_thread_in_native, id=43412, stack(0x00000090d7900000,0x00000090d7a00000) (1024K)]
  0x000001e6910029e0 JavaThread "Thread-33"                  daemon [_thread_in_native, id=43460, stack(0x00000090d7a00000,0x00000090d7b00000) (1024K)]
  0x000001e690fff560 JavaThread "Thread-34"                  daemon [_thread_in_native, id=30448, stack(0x00000090d7b00000,0x00000090d7c00000) (1024K)]
  0x000001e691001630 JavaThread "Thread-36"                  daemon [_thread_in_native, id=37536, stack(0x00000090d3f00000,0x00000090d4000000) (1024K)]
  0x000001e690fffbf0 JavaThread "Thread-38"                  daemon [_thread_in_native, id=40576, stack(0x00000090d5d00000,0x00000090d5e00000) (1024K)]
  0x000001e691000fa0 JavaThread "Thread-39"                  daemon [_thread_in_native, id=38744, stack(0x00000090d5e00000,0x00000090d5f00000) (1024K)]
  0x000001e696bee540 JavaThread "Thread-40"                  daemon [_thread_in_native, id=43220, stack(0x00000090d5f00000,0x00000090d6000000) (1024K)]
  0x000001e696bec470 JavaThread "Thread-41"                  daemon [_thread_in_native, id=39660, stack(0x00000090d6000000,0x00000090d6100000) (1024K)]
  0x000001e696bedeb0 JavaThread "Thread-42"                  daemon [_thread_in_native, id=29520, stack(0x00000090d6100000,0x00000090d6200000) (1024K)]
  0x000001e696becb00 JavaThread "Thread-43"                  daemon [_thread_in_native, id=17516, stack(0x00000090d6200000,0x00000090d6300000) (1024K)]
  0x000001e696bebde0 JavaThread "Thread-44"                  daemon [_thread_in_native, id=42948, stack(0x00000090d6300000,0x00000090d6400000) (1024K)]
  0x000001e696bed820 JavaThread "Thread-46"                  daemon [_thread_in_native, id=16460, stack(0x00000090d6500000,0x00000090d6600000) (1024K)]
  0x000001e696beebd0 JavaThread "Thread-47"                  daemon [_thread_in_native, id=41812, stack(0x00000090d6600000,0x00000090d6700000) (1024K)]
  0x000001e696beb750 JavaThread "Thread-48"                  daemon [_thread_in_native, id=6824, stack(0x00000090d6700000,0x00000090d6800000) (1024K)]
  0x000001e696bf0610 JavaThread "Thread-49"                  daemon [_thread_in_native, id=44148, stack(0x00000090d6800000,0x00000090d6900000) (1024K)]
  0x000001e691002350 JavaThread "Thread-63"                  daemon [_thread_in_native, id=41844, stack(0x00000090d7e00000,0x00000090d7f00000) (1024K)]
  0x000001e696b06530 JavaThread "Thread-69"                  daemon [_thread_in_native, id=39956, stack(0x00000090d8400000,0x00000090d8500000) (1024K)]
  0x000001e691000910 JavaThread "Thread-72"                  daemon [_thread_in_native, id=29388, stack(0x00000090d3e00000,0x00000090d3f00000) (1024K)]
  0x000001e69645b710 JavaThread "Thread-73"                  daemon [_thread_in_native, id=32224, stack(0x00000090d5c00000,0x00000090d5d00000) (1024K)]
  0x000001e69645cac0 JavaThread "Thread-75"                  daemon [_thread_in_native, id=43644, stack(0x00000090d8800000,0x00000090d8900000) (1024K)]
  0x000001e69645d7e0 JavaThread "Thread-76"                  daemon [_thread_in_native, id=37884, stack(0x00000090d8900000,0x00000090d8a00000) (1024K)]
  0x000001e69645b080 JavaThread "Thread-78"                  daemon [_thread_in_native, id=28032, stack(0x00000090d8b00000,0x00000090d8c00000) (1024K)]
  0x000001e69645d150 JavaThread "Thread-82"                  daemon [_thread_in_native, id=21124, stack(0x00000090d8f00000,0x00000090d9000000) (1024K)]
  0x000001e69645eb90 JavaThread "Thread-83"                  daemon [_thread_in_native, id=39948, stack(0x00000090d9000000,0x00000090d9100000) (1024K)]
  0x000001e6964612f0 JavaThread "Thread-86"                  daemon [_thread_in_native, id=42624, stack(0x00000090d9300000,0x00000090d9400000) (1024K)]
  0x000001e696461980 JavaThread "Thread-87"                  daemon [_thread_in_native, id=39328, stack(0x00000090d6400000,0x00000090d6500000) (1024K)]
  0x000001e69645f8b0 JavaThread "Thread-88"                  daemon [_thread_in_native, id=42564, stack(0x00000090d9400000,0x00000090d9500000) (1024K)]
  0x000001e6964626a0 JavaThread "Thread-90"                  daemon [_thread_in_native, id=44968, stack(0x00000090d6a00000,0x00000090d6b00000) (1024K)]
  0x000001e696b07f70 JavaThread "Thread-92"                  daemon [_thread_in_native, id=44604, stack(0x00000090d6c00000,0x00000090d6d00000) (1024K)]
  0x000001e696b06bc0 JavaThread "Thread-94"                  daemon [_thread_in_native, id=31704, stack(0x00000090d6e00000,0x00000090d6f00000) (1024K)]
  0x000001e696b05810 JavaThread "Thread-98"                  daemon [_thread_in_native, id=35372, stack(0x00000090d7300000,0x00000090d7400000) (1024K)]
  0x000001e696b05ea0 JavaThread "Thread-99"                  daemon [_thread_in_native, id=42628, stack(0x00000090d7800000,0x00000090d7900000) (1024K)]
  0x000001e690b3cb60 JavaThread "Thread-105"                 daemon [_thread_in_native, id=15612, stack(0x00000090d8200000,0x00000090d8300000) (1024K)]
  0x000001e690b3b120 JavaThread "Thread-106"                 daemon [_thread_in_native, id=36980, stack(0x00000090d8300000,0x00000090d8400000) (1024K)]
  0x000001e690b3d1f0 JavaThread "Thread-107"                 daemon [_thread_in_native, id=46000, stack(0x00000090d8500000,0x00000090d8600000) (1024K)]
  0x000001e696bf1330 JavaThread "Thread-113"                 daemon [_thread_in_native, id=43792, stack(0x00000090d9900000,0x00000090d9a00000) (1024K)]
  0x000001e690fd1cd0 JavaThread "Thread-116"                 daemon [_thread_in_native, id=29896, stack(0x00000090d9c00000,0x00000090d9d00000) (1024K)]
  0x000001e690fd3080 JavaThread "Thread-121"                 daemon [_thread_in_native, id=13760, stack(0x00000090da000000,0x00000090da100000) (1024K)]
  0x000001e690fd0fb0 JavaThread "Thread-124"                 daemon [_thread_in_native, id=26156, stack(0x00000090da300000,0x00000090da400000) (1024K)]
  0x000001e690fd5150 JavaThread "Thread-128"                 daemon [_thread_in_native, id=29860, stack(0x00000090d8c00000,0x00000090d8d00000) (1024K)]
  0x000001e69645c430 JavaThread "Thread-131"                 daemon [_thread_in_native, id=44712, stack(0x00000090d9100000,0x00000090d9200000) (1024K)]
  0x000001e69645ff40 JavaThread "Thread-132"                 daemon [_thread_in_native, id=45368, stack(0x00000090d9200000,0x00000090d9300000) (1024K)]
  0x000001e696462010 JavaThread "Thread-133"                 daemon [_thread_in_native, id=44952, stack(0x00000090da600000,0x00000090da700000) (1024K)]
  0x000001e69645f220 JavaThread "Thread-134"                 daemon [_thread_in_native, id=45640, stack(0x00000090d6900000,0x00000090d6a00000) (1024K)]
  0x000001e6964605d0 JavaThread "Thread-136"                 daemon [_thread_in_native, id=33984, stack(0x00000090d6d00000,0x00000090d6e00000) (1024K)]
  0x000001e690fd29f0 JavaThread "Thread-138"                 daemon [_thread_in_native, id=36272, stack(0x00000090d7200000,0x00000090d7300000) (1024K)]
  0x000001e690fcf570 JavaThread "Thread-140"                 daemon [_thread_in_native, id=45476, stack(0x00000090d7d00000,0x00000090d7e00000) (1024K)]
  0x000001e690fd0290 JavaThread "Thread-141"                 daemon [_thread_in_native, id=43788, stack(0x00000090d7f00000,0x00000090d8000000) (1024K)]
  0x000001e690fd3da0 JavaThread "Thread-144"                 daemon [_thread_in_native, id=41736, stack(0x00000090d8100000,0x00000090d8200000) (1024K)]
  0x000001e690fd0920 JavaThread "Thread-145"                 daemon [_thread_in_native, id=42524, stack(0x00000090d8600000,0x00000090d8700000) (1024K)]
  0x000001e690fd6b90 JavaThread "Thread-146"                 daemon [_thread_in_native, id=46004, stack(0x00000090d8700000,0x00000090d8800000) (1024K)]
  0x000001e690fd4430 JavaThread "Thread-147"                 daemon [_thread_in_native, id=44252, stack(0x00000090d8a00000,0x00000090d8b00000) (1024K)]
  0x000001e690fd57e0 JavaThread "Thread-149"                 daemon [_thread_in_native, id=36440, stack(0x00000090d9500000,0x00000090d9600000) (1024K)]
  0x000001e690fd5e70 JavaThread "Thread-151"                 daemon [_thread_in_native, id=43420, stack(0x00000090d9700000,0x00000090d9800000) (1024K)]
  0x000001e690b3aa90 JavaThread "Thread-153"                 daemon [_thread_in_native, id=33788, stack(0x00000090d9800000,0x00000090d9900000) (1024K)]
  0x000001e696beff80 JavaThread "Thread-159"                 daemon [_thread_in_native, id=45208, stack(0x00000090da100000,0x00000090da200000) (1024K)]
  0x000001e696bf2050 JavaThread "Thread-161"                 daemon [_thread_in_native, id=35060, stack(0x00000090da400000,0x00000090da500000) (1024K)]
  0x000001e696b078e0 JavaThread "Thread-162"                 daemon [_thread_blocked, id=4788, stack(0x00000090da500000,0x00000090da600000) (1024K)]
  0x000001e696b08c90 JavaThread "Thread-163"                 daemon [_thread_blocked, id=43340, stack(0x00000090da700000,0x00000090da800000) (1024K)]
  0x000001e696b07250 JavaThread "Thread-164"                 daemon [_thread_blocked, id=19860, stack(0x00000090da800000,0x00000090da900000) (1024K)]
  0x000001e696b08600 JavaThread "Thread-165"                 daemon [_thread_blocked, id=34500, stack(0x00000090da900000,0x00000090daa00000) (1024K)]
  0x000001e69645bda0 JavaThread "Thread-166"                 daemon [_thread_blocked, id=30480, stack(0x00000090daa00000,0x00000090dab00000) (1024K)]
  0x000001e696460c60 JavaThread "Thread-167"                 daemon [_thread_blocked, id=45548, stack(0x00000090dab00000,0x00000090dac00000) (1024K)]
  0x000001e69645e500 JavaThread "Thread-168"                 daemon [_thread_blocked, id=36284, stack(0x00000090dac00000,0x00000090dad00000) (1024K)]
  0x000001e691000280 JavaThread "Thread-169"                 daemon [_thread_blocked, id=38244, stack(0x00000090dad00000,0x00000090dae00000) (1024K)]
  0x000001e684c937c0 JavaThread "Thread-170"                 daemon [_thread_blocked, id=11284, stack(0x00000090dae00000,0x00000090daf00000) (1024K)]
  0x000001e684c91060 JavaThread "Thread-171"                 daemon [_thread_blocked, id=43048, stack(0x00000090daf00000,0x00000090db000000) (1024K)]
  0x000001e684c93e50 JavaThread "Thread-172"                 daemon [_thread_blocked, id=32096, stack(0x00000090d6b00000,0x00000090d6c00000) (1024K)]
  0x000001e684c909d0 JavaThread "Thread-173"                 daemon [_thread_in_native, id=44484, stack(0x00000090d6f00000,0x00000090d7000000) (1024K)]
  0x000001e684c916f0 JavaThread "Thread-174"                 daemon [_thread_in_native, id=21304, stack(0x00000090d7100000,0x00000090d7200000) (1024K)]
  0x000001e684c93130 JavaThread "Thread-175"                 daemon [_thread_in_native, id=45228, stack(0x00000090d7c00000,0x00000090d7d00000) (1024K)]
  0x000001e684c91d80 JavaThread "Thread-176"                 daemon [_thread_blocked, id=14988, stack(0x00000090d8000000,0x00000090d8100000) (1024K)]
  0x000001e684c92410 JavaThread "Thread-177"                 daemon [_thread_in_native, id=36992, stack(0x00000090d8d00000,0x00000090d8e00000) (1024K)]
  0x000001e684c92aa0 JavaThread "Thread-178"                 daemon [_thread_in_native, id=42632, stack(0x00000090d8e00000,0x00000090d8f00000) (1024K)]
  0x000001e690fd2360 JavaThread "Thread-179"                 daemon [_thread_in_native, id=4532, stack(0x00000090d9600000,0x00000090d9700000) (1024K)]
  0x000001e690fcfc00 JavaThread "Thread-180"                 daemon [_thread_blocked, id=44840, stack(0x00000090db000000,0x00000090db100000) (1024K)]
  0x000001e690fd1640 JavaThread "Thread-181"                 daemon [_thread_blocked, id=19736, stack(0x00000090db100000,0x00000090db200000) (1024K)]
  0x000001e690fd6500 JavaThread "Thread-182"                 daemon [_thread_blocked, id=34132, stack(0x00000090db200000,0x00000090db300000) (1024K)]
  0x000001e690fd4ac0 JavaThread "Thread-183"                 daemon [_thread_blocked, id=42116, stack(0x00000090db300000,0x00000090db400000) (1024K)]
  0x000001e690fd3710 JavaThread "Thread-184"                 daemon [_thread_in_native, id=45428, stack(0x00000090db400000,0x00000090db500000) (1024K)]
  0x000001e690b3a400 JavaThread "Thread-185"                 daemon [_thread_blocked, id=26824, stack(0x00000090db500000,0x00000090db600000) (1024K)]
  0x000001e69171e280 JavaThread "Thread-186"                 daemon [_thread_blocked, id=32932, stack(0x00000090db600000,0x00000090db700000) (1024K)]
  0x000001e69171efa0 JavaThread "Thread-187"                 daemon [_thread_blocked, id=16768, stack(0x00000090db700000,0x00000090db800000) (1024K)]
  0x000001e69171c1b0 JavaThread "Thread-188"                 daemon [_thread_in_native, id=43512, stack(0x00000090db800000,0x00000090db900000) (1024K)]
  0x000001e69171bb20 JavaThread "Thread-189"                 daemon [_thread_blocked, id=30064, stack(0x00000090db900000,0x00000090dba00000) (1024K)]
  0x000001e69171e910 JavaThread "Thread-190"                 daemon [_thread_in_native, id=45572, stack(0x00000090dba00000,0x00000090dbb00000) (1024K)]
  0x000001e69171dbf0 JavaThread "Thread-191"                 daemon [_thread_blocked, id=13260, stack(0x00000090dbb00000,0x00000090dbc00000) (1024K)]
  0x000001e69171d560 JavaThread "Thread-192"                 daemon [_thread_in_native, id=31132, stack(0x00000090dbc00000,0x00000090dbd00000) (1024K)]
  0x000001e69171c840 JavaThread "Thread-193"                 daemon [_thread_in_native, id=44536, stack(0x00000090dbd00000,0x00000090dbe00000) (1024K)]
  0x000001e69171ced0 JavaThread "Thread-194"                 daemon [_thread_in_native, id=39312, stack(0x00000090dbe00000,0x00000090dbf00000) (1024K)]
  0x000001e6865a30f0 JavaThread "Thread-195"                 daemon [_thread_in_native, id=42432, stack(0x00000090dbf00000,0x00000090dc000000) (1024K)]
  0x000001e6865a1020 JavaThread "Thread-196"                 daemon [_thread_in_native, id=44128, stack(0x00000090dc000000,0x00000090dc100000) (1024K)]
  0x000001e6865a3780 JavaThread "Thread-197"                 daemon [_thread_in_native, id=35440, stack(0x00000090dc100000,0x00000090dc200000) (1024K)]
  0x000001e6865a3e10 JavaThread "Thread-198"                 daemon [_thread_in_native, id=2416, stack(0x00000090dc200000,0x00000090dc300000) (1024K)]
  0x000001e6865a0990 JavaThread "Thread-199"                 daemon [_thread_in_native, id=34340, stack(0x00000090dc300000,0x00000090dc400000) (1024K)]
  0x000001e6865a44a0 JavaThread "Thread-200"                 daemon [_thread_in_native, id=39144, stack(0x00000090dc400000,0x00000090dc500000) (1024K)]
  0x000001e6865a4b30 JavaThread "Thread-201"                 daemon [_thread_in_native, id=39656, stack(0x00000090d9b00000,0x00000090d9c00000) (1024K)]
  0x000001e6865a16b0 JavaThread "Thread-202"                 daemon [_thread_in_native, id=43000, stack(0x00000090d9a00000,0x00000090d9b00000) (1024K)]
  0x000001e6865a2a60 JavaThread "Thread-203"                 daemon [_thread_in_native, id=31232, stack(0x00000090d9d00000,0x00000090d9e00000) (1024K)]
  0x000001e6865a51c0 JavaThread "Thread-204"                 daemon [_thread_in_native, id=39980, stack(0x00000090d9e00000,0x00000090d9f00000) (1024K)]
Total: 149

Other Threads:
=>0x000001e6b86ab750 VMThread "VM Thread"                           [id=26912, stack(0x00000090d0b00000,0x00000090d0c00000) (1024K)]
  0x000001e6b869a070 WatcherThread "VM Periodic Task Thread"        [id=43764, stack(0x00000090d0a00000,0x00000090d0b00000) (1024K)]
  0x000001e6977f4770 WorkerThread "GC Thread#0"                     [id=40892, stack(0x00000090d0500000,0x00000090d0600000) (1024K)]
  0x000001e684088000 WorkerThread "GC Thread#1"                     [id=45376, stack(0x00000090d2500000,0x00000090d2600000) (1024K)]
  0x000001e684088bd0 WorkerThread "GC Thread#2"                     [id=17736, stack(0x00000090d2600000,0x00000090d2700000) (1024K)]
  0x000001e684089390 WorkerThread "GC Thread#3"                     [id=34976, stack(0x00000090d2700000,0x00000090d2800000) (1024K)]
  0x000001e684089b50 WorkerThread "GC Thread#4"                     [id=8152, stack(0x00000090d2800000,0x00000090d2900000) (1024K)]
  0x000001e684089f00 WorkerThread "GC Thread#5"                     [id=43608, stack(0x00000090d2900000,0x00000090d2a00000) (1024K)]
  0x000001e684811190 WorkerThread "GC Thread#6"                     [id=9528, stack(0x00000090d2d00000,0x00000090d2e00000) (1024K)]
  0x000001e684819950 WorkerThread "GC Thread#7"                     [id=27412, stack(0x00000090d2e00000,0x00000090d2f00000) (1024K)]
  0x000001e684819d00 WorkerThread "GC Thread#8"                     [id=11276, stack(0x00000090d2f00000,0x00000090d3000000) (1024K)]
  0x000001e68481a0b0 WorkerThread "GC Thread#9"                     [id=44756, stack(0x00000090d3000000,0x00000090d3100000) (1024K)]
  0x000001e697803d30 ConcurrentGCThread "G1 Main Marker"            [id=8368, stack(0x00000090d0600000,0x00000090d0700000) (1024K)]
  0x000001e697804840 WorkerThread "G1 Conc#0"                       [id=45444, stack(0x00000090d0700000,0x00000090d0800000) (1024K)]
  0x000001e68494dab0 WorkerThread "G1 Conc#1"                       [id=45692, stack(0x00000090d3500000,0x00000090d3600000) (1024K)]
  0x000001e68494c0e0 WorkerThread "G1 Conc#2"                       [id=44936, stack(0x00000090d3600000,0x00000090d3700000) (1024K)]
  0x000001e69784e8b0 ConcurrentGCThread "G1 Refine#0"               [id=29644, stack(0x00000090d0800000,0x00000090d0900000) (1024K)]
  0x000001e6b8565e90 ConcurrentGCThread "G1 Service"                [id=12660, stack(0x00000090d0900000,0x00000090d0a00000) (1024K)]
Total: 18

Threads with active compile tasks:
Total: 0

VM state: at safepoint (normal execution)

VM Mutex/Monitor currently owned by a thread:  ([mutex/lock_event])
[0x00007ff8e749f570] Threads_lock - owner thread: 0x000001e6b86ab750
[0x00007ff8e749f670] Heap_lock - owner thread: 0x000001e6fe5e3fe0

Heap address: 0x0000000722400000, size: 3548 MB, Compressed Oops mode: Zero based, Oop shift amount: 3

CDS archive(s) mapped at: [0x000001e6b9000000-0x000001e6b9c80000-0x000001e6b9c80000), size 13107200, SharedBaseAddress: 0x000001e6b9000000, ArchiveRelocationMode: 1.
Compressed class space mapped at: 0x000001e6ba000000-0x000001e6fa000000, reserved size: 1073741824
Narrow klass base: 0x000001e6b9000000, Narrow klass shift: 0, Narrow klass range: 0x100000000

GC Precious Log:
 CardTable entry size: 512
 Card Set container configuration: InlinePtr #cards 4 size 8 Array Of Cards #cards 16 size 48 Howl #buckets 8 coarsen threshold 3686 Howl Bitmap #cards 512 size 80 coarsen threshold 460 Card regions per heap region 1 cards per card region 4096
 CPUs: 12 total, 12 available
 Memory: 14188M
 Large Page Support: Disabled
 NUMA Support: Disabled
 Compressed Oops: Enabled (Zero based)
 Heap Region Size: 2M
 Heap Min Capacity: 8M
 Heap Initial Capacity: 222M
 Heap Max Capacity: 3548M
 Pre-touch: Disabled
 Parallel Workers: 10
 Concurrent Workers: 3
 Concurrent Refinement Workers: 10
 Periodic GC: Disabled

Heap:
 garbage-first heap   total 995328K, used 851438K [0x0000000722400000, 0x0000000800000000)
  region size 2048K, 5 young (10240K), 5 survivors (10240K)
 Metaspace       used 33669K, committed 34240K, reserved 1114112K
  class space    used 4276K, committed 4544K, reserved 1048576K

Heap Regions: E=young(eden), S=young(survivor), O=old, HS=humongous(starts), HC=humongous(continues), CS=collection set, F=free, TAMS=top-at-mark-start, PB=parsable bottom
|   0|0x0000000722400000, 0x0000000722600000, 0x0000000722600000|100%| O|  |TAMS 0x0000000722400000| PB 0x0000000722400000| Untracked 
|   1|0x0000000722600000, 0x0000000722800000, 0x0000000722800000|100%| O|  |TAMS 0x0000000722600000| PB 0x0000000722600000| Untracked 
|   2|0x0000000722800000, 0x0000000722a00000, 0x0000000722a00000|100%|HS|  |TAMS 0x0000000722800000| PB 0x0000000722800000| Complete 
|   3|0x0000000722a00000, 0x0000000722c00000, 0x0000000722c00000|100%|HS|  |TAMS 0x0000000722a00000| PB 0x0000000722a00000| Complete 
|   4|0x0000000722c00000, 0x0000000722e00000, 0x0000000722e00000|100%| O|  |TAMS 0x0000000722c00000| PB 0x0000000722c00000| Untracked 
|   5|0x0000000722e00000, 0x0000000723000000, 0x0000000723000000|100%| O|  |TAMS 0x0000000722e00000| PB 0x0000000722e00000| Untracked 
|   6|0x0000000723000000, 0x0000000723200000, 0x0000000723200000|100%| O|  |TAMS 0x0000000723000000| PB 0x0000000723000000| Untracked 
|   7|0x0000000723200000, 0x0000000723400000, 0x0000000723400000|100%| O|  |TAMS 0x0000000723200000| PB 0x0000000723200000| Untracked 
|   8|0x0000000723400000, 0x0000000723600000, 0x0000000723600000|100%| O|  |TAMS 0x0000000723400000| PB 0x0000000723400000| Untracked 
|   9|0x0000000723600000, 0x0000000723800000, 0x0000000723800000|100%| O|  |TAMS 0x0000000723600000| PB 0x0000000723600000| Untracked 
|  10|0x0000000723800000, 0x0000000723a00000, 0x0000000723a00000|100%| O|  |TAMS 0x0000000723800000| PB 0x0000000723800000| Untracked 
|  11|0x0000000723a00000, 0x0000000723c00000, 0x0000000723c00000|100%| O|  |TAMS 0x0000000723a00000| PB 0x0000000723a00000| Untracked 
|  12|0x0000000723c00000, 0x0000000723e00000, 0x0000000723e00000|100%| O|  |TAMS 0x0000000723c00000| PB 0x0000000723c00000| Untracked 
|  13|0x0000000723e00000, 0x0000000724000000, 0x0000000724000000|100%| O|  |TAMS 0x0000000723e00000| PB 0x0000000723e00000| Untracked 
|  14|0x0000000724000000, 0x0000000724200000, 0x0000000724200000|100%| O|  |TAMS 0x0000000724000000| PB 0x0000000724000000| Untracked 
|  15|0x0000000724200000, 0x0000000724400000, 0x0000000724400000|100%| O|  |TAMS 0x0000000724200000| PB 0x0000000724200000| Untracked 
|  16|0x0000000724400000, 0x0000000724600000, 0x0000000724600000|100%| O|  |TAMS 0x0000000724400000| PB 0x0000000724400000| Untracked 
|  17|0x0000000724600000, 0x0000000724800000, 0x0000000724800000|100%| O|  |TAMS 0x0000000724600000| PB 0x0000000724600000| Untracked 
|  18|0x0000000724800000, 0x0000000724a00000, 0x0000000724a00000|100%| O|  |TAMS 0x0000000724800000| PB 0x0000000724800000| Untracked 
|  19|0x0000000724a00000, 0x0000000724c00000, 0x0000000724c00000|100%| O|  |TAMS 0x0000000724a00000| PB 0x0000000724a00000| Untracked 
|  20|0x0000000724c00000, 0x0000000724e00000, 0x0000000724e00000|100%| O|  |TAMS 0x0000000724c00000| PB 0x0000000724c00000| Untracked 
|  21|0x0000000724e00000, 0x0000000725000000, 0x0000000725000000|100%| O|  |TAMS 0x0000000724e00000| PB 0x0000000724e00000| Untracked 
|  22|0x0000000725000000, 0x0000000725200000, 0x0000000725200000|100%| O|  |TAMS 0x0000000725000000| PB 0x0000000725000000| Untracked 
|  23|0x0000000725200000, 0x0000000725400000, 0x0000000725400000|100%| O|  |TAMS 0x0000000725200000| PB 0x0000000725200000| Untracked 
|  24|0x0000000725400000, 0x0000000725600000, 0x0000000725600000|100%| O|  |TAMS 0x0000000725400000| PB 0x0000000725400000| Untracked 
|  25|0x0000000725600000, 0x0000000725800000, 0x0000000725800000|100%| O|  |TAMS 0x0000000725600000| PB 0x0000000725600000| Untracked 
|  26|0x0000000725800000, 0x0000000725a00000, 0x0000000725a00000|100%| O|  |TAMS 0x0000000725800000| PB 0x0000000725800000| Untracked 
|  27|0x0000000725a00000, 0x0000000725c00000, 0x0000000725c00000|100%| O|  |TAMS 0x0000000725a00000| PB 0x0000000725a00000| Untracked 
|  28|0x0000000725c00000, 0x0000000725e00000, 0x0000000725e00000|100%| O|  |TAMS 0x0000000725c00000| PB 0x0000000725c00000| Untracked 
|  29|0x0000000725e00000, 0x0000000726000000, 0x0000000726000000|100%| O|  |TAMS 0x0000000725e00000| PB 0x0000000725e00000| Untracked 
|  30|0x0000000726000000, 0x0000000726200000, 0x0000000726200000|100%| O|  |TAMS 0x0000000726000000| PB 0x0000000726000000| Untracked 
|  31|0x0000000726200000, 0x0000000726400000, 0x0000000726400000|100%| O|  |TAMS 0x0000000726200000| PB 0x0000000726200000| Untracked 
|  32|0x0000000726400000, 0x0000000726600000, 0x0000000726600000|100%| O|  |TAMS 0x0000000726400000| PB 0x0000000726400000| Untracked 
|  33|0x0000000726600000, 0x0000000726800000, 0x0000000726800000|100%| O|  |TAMS 0x0000000726600000| PB 0x0000000726600000| Untracked 
|  34|0x0000000726800000, 0x0000000726a00000, 0x0000000726a00000|100%| O|  |TAMS 0x0000000726800000| PB 0x0000000726800000| Untracked 
|  35|0x0000000726a00000, 0x0000000726c00000, 0x0000000726c00000|100%| O|  |TAMS 0x0000000726a00000| PB 0x0000000726a00000| Untracked 
|  36|0x0000000726c00000, 0x0000000726e00000, 0x0000000726e00000|100%| O|  |TAMS 0x0000000726c00000| PB 0x0000000726c00000| Untracked 
|  37|0x0000000726e00000, 0x0000000727000000, 0x0000000727000000|100%| O|  |TAMS 0x0000000726e00000| PB 0x0000000726e00000| Untracked 
|  38|0x0000000727000000, 0x0000000727200000, 0x0000000727200000|100%| O|  |TAMS 0x0000000727000000| PB 0x0000000727000000| Untracked 
|  39|0x0000000727200000, 0x0000000727400000, 0x0000000727400000|100%| O|  |TAMS 0x0000000727200000| PB 0x0000000727200000| Untracked 
|  40|0x0000000727400000, 0x0000000727600000, 0x0000000727600000|100%| O|  |TAMS 0x0000000727400000| PB 0x0000000727400000| Untracked 
|  41|0x0000000727600000, 0x0000000727800000, 0x0000000727800000|100%| O|  |TAMS 0x0000000727600000| PB 0x0000000727600000| Untracked 
|  42|0x0000000727800000, 0x0000000727a00000, 0x0000000727a00000|100%| O|  |TAMS 0x0000000727800000| PB 0x0000000727800000| Untracked 
|  43|0x0000000727a00000, 0x0000000727c00000, 0x0000000727c00000|100%| O|  |TAMS 0x0000000727a00000| PB 0x0000000727a00000| Untracked 
|  44|0x0000000727c00000, 0x0000000727e00000, 0x0000000727e00000|100%| O|  |TAMS 0x0000000727c00000| PB 0x0000000727c00000| Untracked 
|  45|0x0000000727e00000, 0x0000000728000000, 0x0000000728000000|100%| O|  |TAMS 0x0000000727e00000| PB 0x0000000727e00000| Untracked 
|  46|0x0000000728000000, 0x0000000728200000, 0x0000000728200000|100%| O|  |TAMS 0x0000000728000000| PB 0x0000000728000000| Untracked 
|  47|0x0000000728200000, 0x0000000728400000, 0x0000000728400000|100%| O|  |TAMS 0x0000000728200000| PB 0x0000000728200000| Untracked 
|  48|0x0000000728400000, 0x0000000728600000, 0x0000000728600000|100%| O|  |TAMS 0x0000000728400000| PB 0x0000000728400000| Untracked 
|  49|0x0000000728600000, 0x0000000728800000, 0x0000000728800000|100%| O|  |TAMS 0x0000000728600000| PB 0x0000000728600000| Untracked 
|  50|0x0000000728800000, 0x0000000728a00000, 0x0000000728a00000|100%| O|  |TAMS 0x0000000728800000| PB 0x0000000728800000| Untracked 
|  51|0x0000000728a00000, 0x0000000728c00000, 0x0000000728c00000|100%| O|  |TAMS 0x0000000728a00000| PB 0x0000000728a00000| Untracked 
|  52|0x0000000728c00000, 0x0000000728e00000, 0x0000000728e00000|100%| O|  |TAMS 0x0000000728c00000| PB 0x0000000728c00000| Untracked 
|  53|0x0000000728e00000, 0x0000000729000000, 0x0000000729000000|100%| O|  |TAMS 0x0000000728e00000| PB 0x0000000728e00000| Untracked 
|  54|0x0000000729000000, 0x0000000729200000, 0x0000000729200000|100%| O|  |TAMS 0x0000000729000000| PB 0x0000000729000000| Untracked 
|  55|0x0000000729200000, 0x0000000729400000, 0x0000000729400000|100%| O|  |TAMS 0x0000000729200000| PB 0x0000000729200000| Untracked 
|  56|0x0000000729400000, 0x0000000729600000, 0x0000000729600000|100%| O|  |TAMS 0x0000000729400000| PB 0x0000000729400000| Untracked 
|  57|0x0000000729600000, 0x0000000729800000, 0x0000000729800000|100%| O|  |TAMS 0x0000000729600000| PB 0x0000000729600000| Untracked 
|  58|0x0000000729800000, 0x0000000729a00000, 0x0000000729a00000|100%| O|  |TAMS 0x0000000729800000| PB 0x0000000729800000| Untracked 
|  59|0x0000000729a00000, 0x0000000729c00000, 0x0000000729c00000|100%| O|  |TAMS 0x0000000729a00000| PB 0x0000000729a00000| Untracked 
|  60|0x0000000729c00000, 0x0000000729e00000, 0x0000000729e00000|100%| O|  |TAMS 0x0000000729c00000| PB 0x0000000729c00000| Untracked 
|  61|0x0000000729e00000, 0x000000072a000000, 0x000000072a000000|100%| O|  |TAMS 0x0000000729e00000| PB 0x0000000729e00000| Untracked 
|  62|0x000000072a000000, 0x000000072a200000, 0x000000072a200000|100%| O|  |TAMS 0x000000072a000000| PB 0x000000072a000000| Untracked 
|  63|0x000000072a200000, 0x000000072a400000, 0x000000072a400000|100%| O|  |TAMS 0x000000072a200000| PB 0x000000072a200000| Untracked 
|  64|0x000000072a400000, 0x000000072a600000, 0x000000072a600000|100%| O|  |TAMS 0x000000072a400000| PB 0x000000072a400000| Untracked 
|  65|0x000000072a600000, 0x000000072a800000, 0x000000072a800000|100%| O|  |TAMS 0x000000072a600000| PB 0x000000072a600000| Untracked 
|  66|0x000000072a800000, 0x000000072aa00000, 0x000000072aa00000|100%| O|  |TAMS 0x000000072a800000| PB 0x000000072a800000| Untracked 
|  67|0x000000072aa00000, 0x000000072ac00000, 0x000000072ac00000|100%| O|  |TAMS 0x000000072aa00000| PB 0x000000072aa00000| Untracked 
|  68|0x000000072ac00000, 0x000000072ae00000, 0x000000072ae00000|100%| O|  |TAMS 0x000000072ac00000| PB 0x000000072ac00000| Untracked 
|  69|0x000000072ae00000, 0x000000072b000000, 0x000000072b000000|100%| O|  |TAMS 0x000000072ae00000| PB 0x000000072ae00000| Untracked 
|  70|0x000000072b000000, 0x000000072b200000, 0x000000072b200000|100%| O|  |TAMS 0x000000072b000000| PB 0x000000072b000000| Untracked 
|  71|0x000000072b200000, 0x000000072b400000, 0x000000072b400000|100%| O|  |TAMS 0x000000072b200000| PB 0x000000072b200000| Untracked 
|  72|0x000000072b400000, 0x000000072b600000, 0x000000072b600000|100%| O|  |TAMS 0x000000072b400000| PB 0x000000072b400000| Untracked 
|  73|0x000000072b600000, 0x000000072b800000, 0x000000072b800000|100%| O|  |TAMS 0x000000072b600000| PB 0x000000072b600000| Untracked 
|  74|0x000000072b800000, 0x000000072ba00000, 0x000000072ba00000|100%| O|  |TAMS 0x000000072b800000| PB 0x000000072b800000| Untracked 
|  75|0x000000072ba00000, 0x000000072bc00000, 0x000000072bc00000|100%| O|  |TAMS 0x000000072ba00000| PB 0x000000072ba00000| Untracked 
|  76|0x000000072bc00000, 0x000000072be00000, 0x000000072be00000|100%| O|  |TAMS 0x000000072bc00000| PB 0x000000072bc00000| Untracked 
|  77|0x000000072be00000, 0x000000072c000000, 0x000000072c000000|100%| O|  |TAMS 0x000000072be00000| PB 0x000000072be00000| Untracked 
|  78|0x000000072c000000, 0x000000072c200000, 0x000000072c200000|100%| O|  |TAMS 0x000000072c000000| PB 0x000000072c000000| Untracked 
|  79|0x000000072c200000, 0x000000072c400000, 0x000000072c400000|100%| O|  |TAMS 0x000000072c200000| PB 0x000000072c200000| Untracked 
|  80|0x000000072c400000, 0x000000072c600000, 0x000000072c600000|100%| O|  |TAMS 0x000000072c400000| PB 0x000000072c400000| Untracked 
|  81|0x000000072c600000, 0x000000072c800000, 0x000000072c800000|100%| O|  |TAMS 0x000000072c600000| PB 0x000000072c600000| Untracked 
|  82|0x000000072c800000, 0x000000072ca00000, 0x000000072ca00000|100%| O|  |TAMS 0x000000072c800000| PB 0x000000072c800000| Untracked 
|  83|0x000000072ca00000, 0x000000072cc00000, 0x000000072cc00000|100%| O|  |TAMS 0x000000072ca00000| PB 0x000000072ca00000| Untracked 
|  84|0x000000072cc00000, 0x000000072ce00000, 0x000000072ce00000|100%| O|  |TAMS 0x000000072cc00000| PB 0x000000072cc00000| Untracked 
|  85|0x000000072ce00000, 0x000000072d000000, 0x000000072d000000|100%| O|  |TAMS 0x000000072ce00000| PB 0x000000072ce00000| Untracked 
|  86|0x000000072d000000, 0x000000072d200000, 0x000000072d200000|100%| O|  |TAMS 0x000000072d000000| PB 0x000000072d000000| Untracked 
|  87|0x000000072d200000, 0x000000072d400000, 0x000000072d400000|100%| O|  |TAMS 0x000000072d200000| PB 0x000000072d200000| Untracked 
|  88|0x000000072d400000, 0x000000072d600000, 0x000000072d600000|100%| O|  |TAMS 0x000000072d400000| PB 0x000000072d400000| Untracked 
|  89|0x000000072d600000, 0x000000072d800000, 0x000000072d800000|100%| O|  |TAMS 0x000000072d600000| PB 0x000000072d600000| Untracked 
|  90|0x000000072d800000, 0x000000072da00000, 0x000000072da00000|100%| O|  |TAMS 0x000000072d800000| PB 0x000000072d800000| Untracked 
|  91|0x000000072da00000, 0x000000072dc00000, 0x000000072dc00000|100%| O|  |TAMS 0x000000072da00000| PB 0x000000072da00000| Untracked 
|  92|0x000000072dc00000, 0x000000072de00000, 0x000000072de00000|100%| O|  |TAMS 0x000000072dc00000| PB 0x000000072dc00000| Untracked 
|  93|0x000000072de00000, 0x000000072e000000, 0x000000072e000000|100%| O|  |TAMS 0x000000072de00000| PB 0x000000072de00000| Untracked 
|  94|0x000000072e000000, 0x000000072e200000, 0x000000072e200000|100%| O|  |TAMS 0x000000072e000000| PB 0x000000072e000000| Untracked 
|  95|0x000000072e200000, 0x000000072e400000, 0x000000072e400000|100%| O|  |TAMS 0x000000072e200000| PB 0x000000072e200000| Untracked 
|  96|0x000000072e400000, 0x000000072e600000, 0x000000072e600000|100%| O|  |TAMS 0x000000072e400000| PB 0x000000072e400000| Untracked 
|  97|0x000000072e600000, 0x000000072e800000, 0x000000072e800000|100%| O|  |TAMS 0x000000072e600000| PB 0x000000072e600000| Untracked 
|  98|0x000000072e800000, 0x000000072ea00000, 0x000000072ea00000|100%| O|  |TAMS 0x000000072e800000| PB 0x000000072e800000| Untracked 
|  99|0x000000072ea00000, 0x000000072ec00000, 0x000000072ec00000|100%| O|  |TAMS 0x000000072ea00000| PB 0x000000072ea00000| Untracked 
| 100|0x000000072ec00000, 0x000000072ee00000, 0x000000072ee00000|100%| O|  |TAMS 0x000000072ec00000| PB 0x000000072ec00000| Untracked 
| 101|0x000000072ee00000, 0x000000072f000000, 0x000000072f000000|100%| O|  |TAMS 0x000000072ee00000| PB 0x000000072ee00000| Untracked 
| 102|0x000000072f000000, 0x000000072f200000, 0x000000072f200000|100%| O|  |TAMS 0x000000072f000000| PB 0x000000072f000000| Untracked 
| 103|0x000000072f200000, 0x000000072f400000, 0x000000072f400000|100%| O|  |TAMS 0x000000072f200000| PB 0x000000072f200000| Untracked 
| 104|0x000000072f400000, 0x000000072f600000, 0x000000072f600000|100%| O|  |TAMS 0x000000072f400000| PB 0x000000072f400000| Untracked 
| 105|0x000000072f600000, 0x000000072f800000, 0x000000072f800000|100%| O|  |TAMS 0x000000072f600000| PB 0x000000072f600000| Untracked 
| 106|0x000000072f800000, 0x000000072fa00000, 0x000000072fa00000|100%| O|  |TAMS 0x000000072f800000| PB 0x000000072f800000| Untracked 
| 107|0x000000072fa00000, 0x000000072fc00000, 0x000000072fc00000|100%| O|  |TAMS 0x000000072fa00000| PB 0x000000072fa00000| Untracked 
| 108|0x000000072fc00000, 0x000000072fe00000, 0x000000072fe00000|100%| O|  |TAMS 0x000000072fc00000| PB 0x000000072fc00000| Untracked 
| 109|0x000000072fe00000, 0x0000000730000000, 0x0000000730000000|100%| O|  |TAMS 0x000000072fe00000| PB 0x000000072fe00000| Untracked 
| 110|0x0000000730000000, 0x0000000730200000, 0x0000000730200000|100%| O|  |TAMS 0x0000000730000000| PB 0x0000000730000000| Untracked 
| 111|0x0000000730200000, 0x0000000730400000, 0x0000000730400000|100%| O|  |TAMS 0x0000000730200000| PB 0x0000000730200000| Untracked 
| 112|0x0000000730400000, 0x0000000730600000, 0x0000000730600000|100%| O|  |TAMS 0x0000000730400000| PB 0x0000000730400000| Untracked 
| 113|0x0000000730600000, 0x0000000730800000, 0x0000000730800000|100%| O|  |TAMS 0x0000000730600000| PB 0x0000000730600000| Untracked 
| 114|0x0000000730800000, 0x0000000730a00000, 0x0000000730a00000|100%| O|  |TAMS 0x0000000730800000| PB 0x0000000730800000| Untracked 
| 115|0x0000000730a00000, 0x0000000730c00000, 0x0000000730c00000|100%| O|  |TAMS 0x0000000730a00000| PB 0x0000000730a00000| Untracked 
| 116|0x0000000730c00000, 0x0000000730e00000, 0x0000000730e00000|100%| O|  |TAMS 0x0000000730c00000| PB 0x0000000730c00000| Untracked 
| 117|0x0000000730e00000, 0x0000000731000000, 0x0000000731000000|100%| O|  |TAMS 0x0000000730e00000| PB 0x0000000730e00000| Untracked 
| 118|0x0000000731000000, 0x0000000731200000, 0x0000000731200000|100%| O|  |TAMS 0x0000000731000000| PB 0x0000000731000000| Untracked 
| 119|0x0000000731200000, 0x0000000731400000, 0x0000000731400000|100%| O|  |TAMS 0x0000000731200000| PB 0x0000000731200000| Untracked 
| 120|0x0000000731400000, 0x0000000731600000, 0x0000000731600000|100%| O|  |TAMS 0x0000000731400000| PB 0x0000000731400000| Untracked 
| 121|0x0000000731600000, 0x0000000731800000, 0x0000000731800000|100%| O|  |TAMS 0x0000000731600000| PB 0x0000000731600000| Untracked 
| 122|0x0000000731800000, 0x0000000731a00000, 0x0000000731a00000|100%| O|  |TAMS 0x0000000731800000| PB 0x0000000731800000| Untracked 
| 123|0x0000000731a00000, 0x0000000731c00000, 0x0000000731c00000|100%| O|  |TAMS 0x0000000731a00000| PB 0x0000000731a00000| Untracked 
| 124|0x0000000731c00000, 0x0000000731e00000, 0x0000000731e00000|100%| O|  |TAMS 0x0000000731c00000| PB 0x0000000731c00000| Untracked 
| 125|0x0000000731e00000, 0x0000000732000000, 0x0000000732000000|100%| O|  |TAMS 0x0000000731e00000| PB 0x0000000731e00000| Untracked 
| 126|0x0000000732000000, 0x0000000732200000, 0x0000000732200000|100%| O|  |TAMS 0x0000000732000000| PB 0x0000000732000000| Untracked 
| 127|0x0000000732200000, 0x0000000732400000, 0x0000000732400000|100%| O|  |TAMS 0x0000000732200000| PB 0x0000000732200000| Untracked 
| 128|0x0000000732400000, 0x0000000732600000, 0x0000000732600000|100%| O|  |TAMS 0x0000000732400000| PB 0x0000000732400000| Untracked 
| 129|0x0000000732600000, 0x0000000732800000, 0x0000000732800000|100%| O|  |TAMS 0x0000000732600000| PB 0x0000000732600000| Untracked 
| 130|0x0000000732800000, 0x0000000732a00000, 0x0000000732a00000|100%| O|  |TAMS 0x0000000732800000| PB 0x0000000732800000| Untracked 
| 131|0x0000000732a00000, 0x0000000732c00000, 0x0000000732c00000|100%| O|  |TAMS 0x0000000732a00000| PB 0x0000000732a00000| Untracked 
| 132|0x0000000732c00000, 0x0000000732e00000, 0x0000000732e00000|100%| O|  |TAMS 0x0000000732c00000| PB 0x0000000732c00000| Untracked 
| 133|0x0000000732e00000, 0x0000000733000000, 0x0000000733000000|100%| O|  |TAMS 0x0000000732e00000| PB 0x0000000732e00000| Untracked 
| 134|0x0000000733000000, 0x0000000733200000, 0x0000000733200000|100%| O|  |TAMS 0x0000000733000000| PB 0x0000000733000000| Untracked 
| 135|0x0000000733200000, 0x0000000733400000, 0x0000000733400000|100%| O|  |TAMS 0x0000000733200000| PB 0x0000000733200000| Untracked 
| 136|0x0000000733400000, 0x0000000733600000, 0x0000000733600000|100%| O|  |TAMS 0x0000000733400000| PB 0x0000000733400000| Untracked 
| 137|0x0000000733600000, 0x0000000733800000, 0x0000000733800000|100%| O|  |TAMS 0x0000000733600000| PB 0x0000000733600000| Untracked 
| 138|0x0000000733800000, 0x0000000733a00000, 0x0000000733a00000|100%| O|  |TAMS 0x0000000733800000| PB 0x0000000733800000| Untracked 
| 139|0x0000000733a00000, 0x0000000733c00000, 0x0000000733c00000|100%| O|  |TAMS 0x0000000733a00000| PB 0x0000000733a00000| Untracked 
| 140|0x0000000733c00000, 0x0000000733e00000, 0x0000000733e00000|100%| O|  |TAMS 0x0000000733c00000| PB 0x0000000733c00000| Untracked 
| 141|0x0000000733e00000, 0x0000000734000000, 0x0000000734000000|100%| O|  |TAMS 0x0000000733e00000| PB 0x0000000733e00000| Untracked 
| 142|0x0000000734000000, 0x0000000734200000, 0x0000000734200000|100%| O|  |TAMS 0x0000000734000000| PB 0x0000000734000000| Untracked 
| 143|0x0000000734200000, 0x0000000734400000, 0x0000000734400000|100%| O|  |TAMS 0x0000000734200000| PB 0x0000000734200000| Untracked 
| 144|0x0000000734400000, 0x0000000734600000, 0x0000000734600000|100%| O|  |TAMS 0x0000000734400000| PB 0x0000000734400000| Untracked 
| 145|0x0000000734600000, 0x0000000734800000, 0x0000000734800000|100%| O|  |TAMS 0x0000000734600000| PB 0x0000000734600000| Untracked 
| 146|0x0000000734800000, 0x0000000734a00000, 0x0000000734a00000|100%| O|  |TAMS 0x0000000734800000| PB 0x0000000734800000| Untracked 
| 147|0x0000000734a00000, 0x0000000734c00000, 0x0000000734c00000|100%| O|  |TAMS 0x0000000734a00000| PB 0x0000000734a00000| Untracked 
| 148|0x0000000734c00000, 0x0000000734e00000, 0x0000000734e00000|100%| O|  |TAMS 0x0000000734c00000| PB 0x0000000734c00000| Untracked 
| 149|0x0000000734e00000, 0x0000000735000000, 0x0000000735000000|100%| O|  |TAMS 0x0000000734e00000| PB 0x0000000734e00000| Untracked 
| 150|0x0000000735000000, 0x0000000735200000, 0x0000000735200000|100%| O|  |TAMS 0x0000000735000000| PB 0x0000000735000000| Untracked 
| 151|0x0000000735200000, 0x0000000735400000, 0x0000000735400000|100%| O|  |TAMS 0x0000000735200000| PB 0x0000000735200000| Untracked 
| 152|0x0000000735400000, 0x0000000735600000, 0x0000000735600000|100%| O|  |TAMS 0x0000000735400000| PB 0x0000000735400000| Untracked 
| 153|0x0000000735600000, 0x0000000735800000, 0x0000000735800000|100%| O|  |TAMS 0x0000000735600000| PB 0x0000000735600000| Untracked 
| 154|0x0000000735800000, 0x0000000735a00000, 0x0000000735a00000|100%| O|  |TAMS 0x0000000735800000| PB 0x0000000735800000| Untracked 
| 155|0x0000000735a00000, 0x0000000735c00000, 0x0000000735c00000|100%| O|  |TAMS 0x0000000735a00000| PB 0x0000000735a00000| Untracked 
| 156|0x0000000735c00000, 0x0000000735e00000, 0x0000000735e00000|100%| O|  |TAMS 0x0000000735c00000| PB 0x0000000735c00000| Untracked 
| 157|0x0000000735e00000, 0x0000000736000000, 0x0000000736000000|100%| O|  |TAMS 0x0000000735e00000| PB 0x0000000735e00000| Untracked 
| 158|0x0000000736000000, 0x0000000736200000, 0x0000000736200000|100%| O|  |TAMS 0x0000000736000000| PB 0x0000000736000000| Untracked 
| 159|0x0000000736200000, 0x0000000736400000, 0x0000000736400000|100%| O|  |TAMS 0x0000000736200000| PB 0x0000000736200000| Untracked 
| 160|0x0000000736400000, 0x0000000736600000, 0x0000000736600000|100%| O|  |TAMS 0x0000000736400000| PB 0x0000000736400000| Untracked 
| 161|0x0000000736600000, 0x0000000736800000, 0x0000000736800000|100%| O|  |TAMS 0x0000000736600000| PB 0x0000000736600000| Untracked 
| 162|0x0000000736800000, 0x0000000736a00000, 0x0000000736a00000|100%| O|  |TAMS 0x0000000736800000| PB 0x0000000736800000| Untracked 
| 163|0x0000000736a00000, 0x0000000736c00000, 0x0000000736c00000|100%| O|  |TAMS 0x0000000736a00000| PB 0x0000000736a00000| Untracked 
| 164|0x0000000736c00000, 0x0000000736e00000, 0x0000000736e00000|100%| O|  |TAMS 0x0000000736c00000| PB 0x0000000736c00000| Untracked 
| 165|0x0000000736e00000, 0x0000000737000000, 0x0000000737000000|100%| O|  |TAMS 0x0000000736e00000| PB 0x0000000736e00000| Untracked 
| 166|0x0000000737000000, 0x0000000737200000, 0x0000000737200000|100%| O|  |TAMS 0x0000000737000000| PB 0x0000000737000000| Untracked 
| 167|0x0000000737200000, 0x0000000737400000, 0x0000000737400000|100%| O|  |TAMS 0x0000000737200000| PB 0x0000000737200000| Untracked 
| 168|0x0000000737400000, 0x0000000737600000, 0x0000000737600000|100%| O|  |TAMS 0x0000000737400000| PB 0x0000000737400000| Untracked 
| 169|0x0000000737600000, 0x0000000737800000, 0x0000000737800000|100%| O|  |TAMS 0x0000000737600000| PB 0x0000000737600000| Untracked 
| 170|0x0000000737800000, 0x0000000737a00000, 0x0000000737a00000|100%| O|  |TAMS 0x0000000737800000| PB 0x0000000737800000| Untracked 
| 171|0x0000000737a00000, 0x0000000737c00000, 0x0000000737c00000|100%| O|  |TAMS 0x0000000737a00000| PB 0x0000000737a00000| Untracked 
| 172|0x0000000737c00000, 0x0000000737e00000, 0x0000000737e00000|100%| O|  |TAMS 0x0000000737c00000| PB 0x0000000737c00000| Untracked 
| 173|0x0000000737e00000, 0x0000000738000000, 0x0000000738000000|100%| O|  |TAMS 0x0000000737e00000| PB 0x0000000737e00000| Untracked 
| 174|0x0000000738000000, 0x0000000738200000, 0x0000000738200000|100%| O|  |TAMS 0x0000000738000000| PB 0x0000000738000000| Untracked 
| 175|0x0000000738200000, 0x0000000738400000, 0x0000000738400000|100%| O|  |TAMS 0x0000000738200000| PB 0x0000000738200000| Untracked 
| 176|0x0000000738400000, 0x0000000738600000, 0x0000000738600000|100%| O|  |TAMS 0x0000000738400000| PB 0x0000000738400000| Untracked 
| 177|0x0000000738600000, 0x0000000738800000, 0x0000000738800000|100%| O|  |TAMS 0x0000000738600000| PB 0x0000000738600000| Untracked 
| 178|0x0000000738800000, 0x0000000738a00000, 0x0000000738a00000|100%| O|  |TAMS 0x0000000738800000| PB 0x0000000738800000| Untracked 
| 179|0x0000000738a00000, 0x0000000738c00000, 0x0000000738c00000|100%| O|  |TAMS 0x0000000738a00000| PB 0x0000000738a00000| Untracked 
| 180|0x0000000738c00000, 0x0000000738e00000, 0x0000000738e00000|100%| O|  |TAMS 0x0000000738c00000| PB 0x0000000738c00000| Untracked 
| 181|0x0000000738e00000, 0x0000000739000000, 0x0000000739000000|100%| O|  |TAMS 0x0000000738e00000| PB 0x0000000738e00000| Untracked 
| 182|0x0000000739000000, 0x0000000739200000, 0x0000000739200000|100%| O|  |TAMS 0x0000000739000000| PB 0x0000000739000000| Untracked 
| 183|0x0000000739200000, 0x0000000739400000, 0x0000000739400000|100%| O|  |TAMS 0x0000000739200000| PB 0x0000000739200000| Untracked 
| 184|0x0000000739400000, 0x0000000739600000, 0x0000000739600000|100%| O|  |TAMS 0x0000000739400000| PB 0x0000000739400000| Untracked 
| 185|0x0000000739600000, 0x0000000739800000, 0x0000000739800000|100%| O|  |TAMS 0x0000000739600000| PB 0x0000000739600000| Untracked 
| 186|0x0000000739800000, 0x0000000739a00000, 0x0000000739a00000|100%| O|  |TAMS 0x0000000739800000| PB 0x0000000739800000| Untracked 
| 187|0x0000000739a00000, 0x0000000739c00000, 0x0000000739c00000|100%| O|  |TAMS 0x0000000739a00000| PB 0x0000000739a00000| Untracked 
| 188|0x0000000739c00000, 0x0000000739e00000, 0x0000000739e00000|100%| O|  |TAMS 0x0000000739c00000| PB 0x0000000739c00000| Untracked 
| 189|0x0000000739e00000, 0x000000073a000000, 0x000000073a000000|100%| O|  |TAMS 0x0000000739e00000| PB 0x0000000739e00000| Untracked 
| 190|0x000000073a000000, 0x000000073a200000, 0x000000073a200000|100%| O|  |TAMS 0x000000073a000000| PB 0x000000073a000000| Untracked 
| 191|0x000000073a200000, 0x000000073a400000, 0x000000073a400000|100%| O|  |TAMS 0x000000073a200000| PB 0x000000073a200000| Untracked 
| 192|0x000000073a400000, 0x000000073a600000, 0x000000073a600000|100%| O|  |TAMS 0x000000073a400000| PB 0x000000073a400000| Untracked 
| 193|0x000000073a600000, 0x000000073a800000, 0x000000073a800000|100%| O|  |TAMS 0x000000073a600000| PB 0x000000073a600000| Untracked 
| 194|0x000000073a800000, 0x000000073aa00000, 0x000000073aa00000|100%| O|  |TAMS 0x000000073a800000| PB 0x000000073a800000| Untracked 
| 195|0x000000073aa00000, 0x000000073ac00000, 0x000000073ac00000|100%| O|  |TAMS 0x000000073aa00000| PB 0x000000073aa00000| Untracked 
| 196|0x000000073ac00000, 0x000000073ae00000, 0x000000073ae00000|100%| O|  |TAMS 0x000000073ac00000| PB 0x000000073ac00000| Untracked 
| 197|0x000000073ae00000, 0x000000073b000000, 0x000000073b000000|100%| O|  |TAMS 0x000000073ae00000| PB 0x000000073ae00000| Untracked 
| 198|0x000000073b000000, 0x000000073b200000, 0x000000073b200000|100%| O|  |TAMS 0x000000073b000000| PB 0x000000073b000000| Untracked 
| 199|0x000000073b200000, 0x000000073b400000, 0x000000073b400000|100%| O|  |TAMS 0x000000073b200000| PB 0x000000073b200000| Untracked 
| 200|0x000000073b400000, 0x000000073b600000, 0x000000073b600000|100%| O|  |TAMS 0x000000073b400000| PB 0x000000073b400000| Untracked 
| 201|0x000000073b600000, 0x000000073b800000, 0x000000073b800000|100%| O|  |TAMS 0x000000073b600000| PB 0x000000073b600000| Untracked 
| 202|0x000000073b800000, 0x000000073ba00000, 0x000000073ba00000|100%| O|  |TAMS 0x000000073b800000| PB 0x000000073b800000| Untracked 
| 203|0x000000073ba00000, 0x000000073bc00000, 0x000000073bc00000|100%| O|  |TAMS 0x000000073ba00000| PB 0x000000073ba00000| Untracked 
| 204|0x000000073bc00000, 0x000000073be00000, 0x000000073be00000|100%| O|  |TAMS 0x000000073bc00000| PB 0x000000073bc00000| Untracked 
| 205|0x000000073be00000, 0x000000073c000000, 0x000000073c000000|100%| O|  |TAMS 0x000000073be00000| PB 0x000000073be00000| Untracked 
| 206|0x000000073c000000, 0x000000073c200000, 0x000000073c200000|100%| O|  |TAMS 0x000000073c000000| PB 0x000000073c000000| Untracked 
| 207|0x000000073c200000, 0x000000073c400000, 0x000000073c400000|100%| O|  |TAMS 0x000000073c200000| PB 0x000000073c200000| Untracked 
| 208|0x000000073c400000, 0x000000073c600000, 0x000000073c600000|100%| O|  |TAMS 0x000000073c400000| PB 0x000000073c400000| Untracked 
| 209|0x000000073c600000, 0x000000073c800000, 0x000000073c800000|100%| O|  |TAMS 0x000000073c600000| PB 0x000000073c600000| Untracked 
| 210|0x000000073c800000, 0x000000073ca00000, 0x000000073ca00000|100%| O|  |TAMS 0x000000073c800000| PB 0x000000073c800000| Untracked 
| 211|0x000000073ca00000, 0x000000073cc00000, 0x000000073cc00000|100%| O|  |TAMS 0x000000073ca00000| PB 0x000000073ca00000| Untracked 
| 212|0x000000073cc00000, 0x000000073ce00000, 0x000000073ce00000|100%| O|  |TAMS 0x000000073cc00000| PB 0x000000073cc00000| Untracked 
| 213|0x000000073ce00000, 0x000000073d000000, 0x000000073d000000|100%| O|  |TAMS 0x000000073ce00000| PB 0x000000073ce00000| Untracked 
| 214|0x000000073d000000, 0x000000073d200000, 0x000000073d200000|100%| O|  |TAMS 0x000000073d000000| PB 0x000000073d000000| Untracked 
| 215|0x000000073d200000, 0x000000073d400000, 0x000000073d400000|100%| O|  |TAMS 0x000000073d200000| PB 0x000000073d200000| Untracked 
| 216|0x000000073d400000, 0x000000073d600000, 0x000000073d600000|100%| O|  |TAMS 0x000000073d400000| PB 0x000000073d400000| Untracked 
| 217|0x000000073d600000, 0x000000073d800000, 0x000000073d800000|100%| O|  |TAMS 0x000000073d600000| PB 0x000000073d600000| Untracked 
| 218|0x000000073d800000, 0x000000073da00000, 0x000000073da00000|100%| O|  |TAMS 0x000000073d800000| PB 0x000000073d800000| Untracked 
| 219|0x000000073da00000, 0x000000073dc00000, 0x000000073dc00000|100%| O|  |TAMS 0x000000073da00000| PB 0x000000073da00000| Untracked 
| 220|0x000000073dc00000, 0x000000073de00000, 0x000000073de00000|100%| O|  |TAMS 0x000000073dc00000| PB 0x000000073dc00000| Untracked 
| 221|0x000000073de00000, 0x000000073e000000, 0x000000073e000000|100%| O|  |TAMS 0x000000073de00000| PB 0x000000073de00000| Untracked 
| 222|0x000000073e000000, 0x000000073e200000, 0x000000073e200000|100%| O|  |TAMS 0x000000073e000000| PB 0x000000073e000000| Untracked 
| 223|0x000000073e200000, 0x000000073e400000, 0x000000073e400000|100%| O|  |TAMS 0x000000073e200000| PB 0x000000073e200000| Untracked 
| 224|0x000000073e400000, 0x000000073e600000, 0x000000073e600000|100%| O|  |TAMS 0x000000073e400000| PB 0x000000073e400000| Untracked 
| 225|0x000000073e600000, 0x000000073e800000, 0x000000073e800000|100%| O|  |TAMS 0x000000073e600000| PB 0x000000073e600000| Untracked 
| 226|0x000000073e800000, 0x000000073ea00000, 0x000000073ea00000|100%| O|  |TAMS 0x000000073e800000| PB 0x000000073e800000| Untracked 
| 227|0x000000073ea00000, 0x000000073ec00000, 0x000000073ec00000|100%| O|  |TAMS 0x000000073ea00000| PB 0x000000073ea00000| Untracked 
| 228|0x000000073ec00000, 0x000000073ee00000, 0x000000073ee00000|100%| O|  |TAMS 0x000000073ec00000| PB 0x000000073ec00000| Untracked 
| 229|0x000000073ee00000, 0x000000073f000000, 0x000000073f000000|100%| O|  |TAMS 0x000000073ee00000| PB 0x000000073ee00000| Untracked 
| 230|0x000000073f000000, 0x000000073f200000, 0x000000073f200000|100%| O|  |TAMS 0x000000073f000000| PB 0x000000073f000000| Untracked 
| 231|0x000000073f200000, 0x000000073f400000, 0x000000073f400000|100%| O|  |TAMS 0x000000073f200000| PB 0x000000073f200000| Untracked 
| 232|0x000000073f400000, 0x000000073f600000, 0x000000073f600000|100%| O|  |TAMS 0x000000073f400000| PB 0x000000073f400000| Untracked 
| 233|0x000000073f600000, 0x000000073f800000, 0x000000073f800000|100%| O|  |TAMS 0x000000073f600000| PB 0x000000073f600000| Untracked 
| 234|0x000000073f800000, 0x000000073fa00000, 0x000000073fa00000|100%| O|  |TAMS 0x000000073f800000| PB 0x000000073f800000| Untracked 
| 235|0x000000073fa00000, 0x000000073fc00000, 0x000000073fc00000|100%| O|  |TAMS 0x000000073fa00000| PB 0x000000073fa00000| Untracked 
| 236|0x000000073fc00000, 0x000000073fe00000, 0x000000073fe00000|100%| O|  |TAMS 0x000000073fc00000| PB 0x000000073fc00000| Untracked 
| 237|0x000000073fe00000, 0x0000000740000000, 0x0000000740000000|100%| O|  |TAMS 0x000000073fe00000| PB 0x000000073fe00000| Untracked 
| 238|0x0000000740000000, 0x0000000740200000, 0x0000000740200000|100%| O|  |TAMS 0x0000000740000000| PB 0x0000000740000000| Untracked 
| 239|0x0000000740200000, 0x0000000740400000, 0x0000000740400000|100%| O|  |TAMS 0x0000000740200000| PB 0x0000000740200000| Untracked 
| 240|0x0000000740400000, 0x0000000740600000, 0x0000000740600000|100%| O|  |TAMS 0x0000000740400000| PB 0x0000000740400000| Untracked 
| 241|0x0000000740600000, 0x0000000740800000, 0x0000000740800000|100%| O|  |TAMS 0x0000000740600000| PB 0x0000000740600000| Untracked 
| 242|0x0000000740800000, 0x0000000740a00000, 0x0000000740a00000|100%| O|  |TAMS 0x0000000740800000| PB 0x0000000740800000| Untracked 
| 243|0x0000000740a00000, 0x0000000740c00000, 0x0000000740c00000|100%| O|  |TAMS 0x0000000740a00000| PB 0x0000000740a00000| Untracked 
| 244|0x0000000740c00000, 0x0000000740e00000, 0x0000000740e00000|100%| O|  |TAMS 0x0000000740c00000| PB 0x0000000740c00000| Untracked 
| 245|0x0000000740e00000, 0x0000000741000000, 0x0000000741000000|100%| O|  |TAMS 0x0000000740e00000| PB 0x0000000740e00000| Untracked 
| 246|0x0000000741000000, 0x0000000741200000, 0x0000000741200000|100%| O|  |TAMS 0x0000000741000000| PB 0x0000000741000000| Untracked 
| 247|0x0000000741200000, 0x0000000741400000, 0x0000000741400000|100%| O|  |TAMS 0x0000000741200000| PB 0x0000000741200000| Untracked 
| 248|0x0000000741400000, 0x0000000741600000, 0x0000000741600000|100%| O|  |TAMS 0x0000000741400000| PB 0x0000000741400000| Untracked 
| 249|0x0000000741600000, 0x0000000741800000, 0x0000000741800000|100%| O|  |TAMS 0x0000000741600000| PB 0x0000000741600000| Untracked 
| 250|0x0000000741800000, 0x0000000741a00000, 0x0000000741a00000|100%| O|  |TAMS 0x0000000741800000| PB 0x0000000741800000| Untracked 
| 251|0x0000000741a00000, 0x0000000741c00000, 0x0000000741c00000|100%| O|  |TAMS 0x0000000741a00000| PB 0x0000000741a00000| Untracked 
| 252|0x0000000741c00000, 0x0000000741e00000, 0x0000000741e00000|100%| O|  |TAMS 0x0000000741c00000| PB 0x0000000741c00000| Untracked 
| 253|0x0000000741e00000, 0x0000000742000000, 0x0000000742000000|100%| O|  |TAMS 0x0000000741e00000| PB 0x0000000741e00000| Untracked 
| 254|0x0000000742000000, 0x0000000742200000, 0x0000000742200000|100%| O|  |TAMS 0x0000000742000000| PB 0x0000000742000000| Untracked 
| 255|0x0000000742200000, 0x0000000742400000, 0x0000000742400000|100%| O|  |TAMS 0x0000000742200000| PB 0x0000000742200000| Untracked 
| 256|0x0000000742400000, 0x0000000742600000, 0x0000000742600000|100%| O|  |TAMS 0x0000000742400000| PB 0x0000000742400000| Untracked 
| 257|0x0000000742600000, 0x0000000742800000, 0x0000000742800000|100%| O|  |TAMS 0x0000000742600000| PB 0x0000000742600000| Untracked 
| 258|0x0000000742800000, 0x0000000742a00000, 0x0000000742a00000|100%| O|  |TAMS 0x0000000742800000| PB 0x0000000742800000| Untracked 
| 259|0x0000000742a00000, 0x0000000742c00000, 0x0000000742c00000|100%| O|  |TAMS 0x0000000742a00000| PB 0x0000000742a00000| Untracked 
| 260|0x0000000742c00000, 0x0000000742e00000, 0x0000000742e00000|100%| O|  |TAMS 0x0000000742c00000| PB 0x0000000742c00000| Untracked 
| 261|0x0000000742e00000, 0x0000000743000000, 0x0000000743000000|100%| O|  |TAMS 0x0000000742e00000| PB 0x0000000742e00000| Untracked 
| 262|0x0000000743000000, 0x0000000743200000, 0x0000000743200000|100%| O|  |TAMS 0x0000000743000000| PB 0x0000000743000000| Untracked 
| 263|0x0000000743200000, 0x0000000743400000, 0x0000000743400000|100%| O|  |TAMS 0x0000000743200000| PB 0x0000000743200000| Untracked 
| 264|0x0000000743400000, 0x0000000743600000, 0x0000000743600000|100%| O|  |TAMS 0x0000000743400000| PB 0x0000000743400000| Untracked 
| 265|0x0000000743600000, 0x0000000743800000, 0x0000000743800000|100%| O|  |TAMS 0x0000000743600000| PB 0x0000000743600000| Untracked 
| 266|0x0000000743800000, 0x0000000743a00000, 0x0000000743a00000|100%| O|  |TAMS 0x0000000743800000| PB 0x0000000743800000| Untracked 
| 267|0x0000000743a00000, 0x0000000743c00000, 0x0000000743c00000|100%| O|  |TAMS 0x0000000743a00000| PB 0x0000000743a00000| Untracked 
| 268|0x0000000743c00000, 0x0000000743e00000, 0x0000000743e00000|100%| O|  |TAMS 0x0000000743c00000| PB 0x0000000743c00000| Untracked 
| 269|0x0000000743e00000, 0x0000000744000000, 0x0000000744000000|100%| O|  |TAMS 0x0000000743e00000| PB 0x0000000743e00000| Untracked 
| 270|0x0000000744000000, 0x0000000744200000, 0x0000000744200000|100%| O|  |TAMS 0x0000000744000000| PB 0x0000000744000000| Untracked 
| 271|0x0000000744200000, 0x0000000744400000, 0x0000000744400000|100%| O|  |TAMS 0x0000000744200000| PB 0x0000000744200000| Untracked 
| 272|0x0000000744400000, 0x0000000744600000, 0x0000000744600000|100%| O|  |TAMS 0x0000000744400000| PB 0x0000000744400000| Untracked 
| 273|0x0000000744600000, 0x0000000744800000, 0x0000000744800000|100%| O|  |TAMS 0x0000000744600000| PB 0x0000000744600000| Untracked 
| 274|0x0000000744800000, 0x0000000744a00000, 0x0000000744a00000|100%| O|  |TAMS 0x0000000744800000| PB 0x0000000744800000| Untracked 
| 275|0x0000000744a00000, 0x0000000744c00000, 0x0000000744c00000|100%| O|  |TAMS 0x0000000744a00000| PB 0x0000000744a00000| Untracked 
| 276|0x0000000744c00000, 0x0000000744e00000, 0x0000000744e00000|100%| O|  |TAMS 0x0000000744c00000| PB 0x0000000744c00000| Untracked 
| 277|0x0000000744e00000, 0x0000000745000000, 0x0000000745000000|100%| O|  |TAMS 0x0000000744e00000| PB 0x0000000744e00000| Untracked 
| 278|0x0000000745000000, 0x0000000745200000, 0x0000000745200000|100%| O|  |TAMS 0x0000000745000000| PB 0x0000000745000000| Untracked 
| 279|0x0000000745200000, 0x0000000745400000, 0x0000000745400000|100%| O|  |TAMS 0x0000000745200000| PB 0x0000000745200000| Untracked 
| 280|0x0000000745400000, 0x0000000745600000, 0x0000000745600000|100%| O|  |TAMS 0x0000000745400000| PB 0x0000000745400000| Untracked 
| 281|0x0000000745600000, 0x0000000745800000, 0x0000000745800000|100%| O|  |TAMS 0x0000000745600000| PB 0x0000000745600000| Untracked 
| 282|0x0000000745800000, 0x0000000745a00000, 0x0000000745a00000|100%| O|  |TAMS 0x0000000745800000| PB 0x0000000745800000| Untracked 
| 283|0x0000000745a00000, 0x0000000745c00000, 0x0000000745c00000|100%| O|  |TAMS 0x0000000745a00000| PB 0x0000000745a00000| Untracked 
| 284|0x0000000745c00000, 0x0000000745e00000, 0x0000000745e00000|100%| O|  |TAMS 0x0000000745c00000| PB 0x0000000745c00000| Untracked 
| 285|0x0000000745e00000, 0x0000000746000000, 0x0000000746000000|100%| O|  |TAMS 0x0000000745e00000| PB 0x0000000745e00000| Untracked 
| 286|0x0000000746000000, 0x0000000746200000, 0x0000000746200000|100%| O|  |TAMS 0x0000000746000000| PB 0x0000000746000000| Untracked 
| 287|0x0000000746200000, 0x0000000746400000, 0x0000000746400000|100%| O|  |TAMS 0x0000000746200000| PB 0x0000000746200000| Untracked 
| 288|0x0000000746400000, 0x0000000746600000, 0x0000000746600000|100%| O|  |TAMS 0x0000000746400000| PB 0x0000000746400000| Untracked 
| 289|0x0000000746600000, 0x0000000746800000, 0x0000000746800000|100%| O|  |TAMS 0x0000000746600000| PB 0x0000000746600000| Untracked 
| 290|0x0000000746800000, 0x0000000746a00000, 0x0000000746a00000|100%| O|  |TAMS 0x0000000746800000| PB 0x0000000746800000| Untracked 
| 291|0x0000000746a00000, 0x0000000746c00000, 0x0000000746c00000|100%| O|  |TAMS 0x0000000746a00000| PB 0x0000000746a00000| Untracked 
| 292|0x0000000746c00000, 0x0000000746e00000, 0x0000000746e00000|100%| O|  |TAMS 0x0000000746c00000| PB 0x0000000746c00000| Untracked 
| 293|0x0000000746e00000, 0x0000000747000000, 0x0000000747000000|100%| O|  |TAMS 0x0000000746e00000| PB 0x0000000746e00000| Untracked 
| 294|0x0000000747000000, 0x0000000747200000, 0x0000000747200000|100%| O|  |TAMS 0x0000000747000000| PB 0x0000000747000000| Untracked 
| 295|0x0000000747200000, 0x0000000747400000, 0x0000000747400000|100%| O|  |TAMS 0x0000000747200000| PB 0x0000000747200000| Untracked 
| 296|0x0000000747400000, 0x0000000747600000, 0x0000000747600000|100%| O|  |TAMS 0x0000000747400000| PB 0x0000000747400000| Untracked 
| 297|0x0000000747600000, 0x0000000747800000, 0x0000000747800000|100%| O|  |TAMS 0x0000000747600000| PB 0x0000000747600000| Untracked 
| 298|0x0000000747800000, 0x0000000747a00000, 0x0000000747a00000|100%| O|  |TAMS 0x0000000747800000| PB 0x0000000747800000| Untracked 
| 299|0x0000000747a00000, 0x0000000747c00000, 0x0000000747c00000|100%| O|  |TAMS 0x0000000747a00000| PB 0x0000000747a00000| Untracked 
| 300|0x0000000747c00000, 0x0000000747e00000, 0x0000000747e00000|100%| O|  |TAMS 0x0000000747c00000| PB 0x0000000747c00000| Untracked 
| 301|0x0000000747e00000, 0x0000000748000000, 0x0000000748000000|100%| O|  |TAMS 0x0000000747e00000| PB 0x0000000747e00000| Untracked 
| 302|0x0000000748000000, 0x0000000748200000, 0x0000000748200000|100%| O|  |TAMS 0x0000000748000000| PB 0x0000000748000000| Untracked 
| 303|0x0000000748200000, 0x0000000748400000, 0x0000000748400000|100%| O|  |TAMS 0x0000000748200000| PB 0x0000000748200000| Untracked 
| 304|0x0000000748400000, 0x0000000748600000, 0x0000000748600000|100%| O|  |TAMS 0x0000000748400000| PB 0x0000000748400000| Untracked 
| 305|0x0000000748600000, 0x0000000748800000, 0x0000000748800000|100%| O|  |TAMS 0x0000000748600000| PB 0x0000000748600000| Untracked 
| 306|0x0000000748800000, 0x0000000748a00000, 0x0000000748a00000|100%| O|  |TAMS 0x0000000748800000| PB 0x0000000748800000| Untracked 
| 307|0x0000000748a00000, 0x0000000748c00000, 0x0000000748c00000|100%| O|  |TAMS 0x0000000748a00000| PB 0x0000000748a00000| Untracked 
| 308|0x0000000748c00000, 0x0000000748e00000, 0x0000000748e00000|100%| O|  |TAMS 0x0000000748c00000| PB 0x0000000748c00000| Untracked 
| 309|0x0000000748e00000, 0x0000000749000000, 0x0000000749000000|100%| O|  |TAMS 0x0000000748e00000| PB 0x0000000748e00000| Untracked 
| 310|0x0000000749000000, 0x0000000749200000, 0x0000000749200000|100%| O|  |TAMS 0x0000000749000000| PB 0x0000000749000000| Untracked 
| 311|0x0000000749200000, 0x0000000749400000, 0x0000000749400000|100%| O|  |TAMS 0x0000000749200000| PB 0x0000000749200000| Untracked 
| 312|0x0000000749400000, 0x0000000749600000, 0x0000000749600000|100%| O|  |TAMS 0x0000000749400000| PB 0x0000000749400000| Untracked 
| 313|0x0000000749600000, 0x0000000749800000, 0x0000000749800000|100%| O|  |TAMS 0x0000000749600000| PB 0x0000000749600000| Untracked 
| 314|0x0000000749800000, 0x0000000749a00000, 0x0000000749a00000|100%| O|  |TAMS 0x0000000749800000| PB 0x0000000749800000| Untracked 
| 315|0x0000000749a00000, 0x0000000749c00000, 0x0000000749c00000|100%| O|  |TAMS 0x0000000749a00000| PB 0x0000000749a00000| Untracked 
| 316|0x0000000749c00000, 0x0000000749e00000, 0x0000000749e00000|100%| O|  |TAMS 0x0000000749c00000| PB 0x0000000749c00000| Untracked 
| 317|0x0000000749e00000, 0x000000074a000000, 0x000000074a000000|100%| O|  |TAMS 0x0000000749e00000| PB 0x0000000749e00000| Untracked 
| 318|0x000000074a000000, 0x000000074a200000, 0x000000074a200000|100%| O|  |TAMS 0x000000074a000000| PB 0x000000074a000000| Untracked 
| 319|0x000000074a200000, 0x000000074a400000, 0x000000074a400000|100%| O|  |TAMS 0x000000074a200000| PB 0x000000074a200000| Untracked 
| 320|0x000000074a400000, 0x000000074a600000, 0x000000074a600000|100%| O|  |TAMS 0x000000074a400000| PB 0x000000074a400000| Untracked 
| 321|0x000000074a600000, 0x000000074a800000, 0x000000074a800000|100%| O|  |TAMS 0x000000074a600000| PB 0x000000074a600000| Untracked 
| 322|0x000000074a800000, 0x000000074aa00000, 0x000000074aa00000|100%| O|  |TAMS 0x000000074a800000| PB 0x000000074a800000| Untracked 
| 323|0x000000074aa00000, 0x000000074ac00000, 0x000000074ac00000|100%| O|  |TAMS 0x000000074aa00000| PB 0x000000074aa00000| Untracked 
| 324|0x000000074ac00000, 0x000000074ae00000, 0x000000074ae00000|100%| O|  |TAMS 0x000000074ac00000| PB 0x000000074ac00000| Untracked 
| 325|0x000000074ae00000, 0x000000074b000000, 0x000000074b000000|100%| O|  |TAMS 0x000000074ae00000| PB 0x000000074ae00000| Untracked 
| 326|0x000000074b000000, 0x000000074b200000, 0x000000074b200000|100%| O|  |TAMS 0x000000074b000000| PB 0x000000074b000000| Untracked 
| 327|0x000000074b200000, 0x000000074b400000, 0x000000074b400000|100%| O|  |TAMS 0x000000074b200000| PB 0x000000074b200000| Untracked 
| 328|0x000000074b400000, 0x000000074b600000, 0x000000074b600000|100%| O|  |TAMS 0x000000074b400000| PB 0x000000074b400000| Untracked 
| 329|0x000000074b600000, 0x000000074b800000, 0x000000074b800000|100%| O|  |TAMS 0x000000074b600000| PB 0x000000074b600000| Untracked 
| 330|0x000000074b800000, 0x000000074ba00000, 0x000000074ba00000|100%| O|  |TAMS 0x000000074b800000| PB 0x000000074b800000| Untracked 
| 331|0x000000074ba00000, 0x000000074bc00000, 0x000000074bc00000|100%| O|  |TAMS 0x000000074ba00000| PB 0x000000074ba00000| Untracked 
| 332|0x000000074bc00000, 0x000000074be00000, 0x000000074be00000|100%| O|  |TAMS 0x000000074bc00000| PB 0x000000074bc00000| Untracked 
| 333|0x000000074be00000, 0x000000074c000000, 0x000000074c000000|100%| O|  |TAMS 0x000000074be00000| PB 0x000000074be00000| Untracked 
| 334|0x000000074c000000, 0x000000074c200000, 0x000000074c200000|100%| O|  |TAMS 0x000000074c000000| PB 0x000000074c000000| Untracked 
| 335|0x000000074c200000, 0x000000074c400000, 0x000000074c400000|100%| O|  |TAMS 0x000000074c200000| PB 0x000000074c200000| Untracked 
| 336|0x000000074c400000, 0x000000074c600000, 0x000000074c600000|100%| O|  |TAMS 0x000000074c400000| PB 0x000000074c400000| Untracked 
| 337|0x000000074c600000, 0x000000074c800000, 0x000000074c800000|100%| O|  |TAMS 0x000000074c600000| PB 0x000000074c600000| Untracked 
| 338|0x000000074c800000, 0x000000074ca00000, 0x000000074ca00000|100%| O|  |TAMS 0x000000074c800000| PB 0x000000074c800000| Untracked 
| 339|0x000000074ca00000, 0x000000074cc00000, 0x000000074cc00000|100%| O|  |TAMS 0x000000074ca00000| PB 0x000000074ca00000| Untracked 
| 340|0x000000074cc00000, 0x000000074ce00000, 0x000000074ce00000|100%| O|  |TAMS 0x000000074cc00000| PB 0x000000074cc00000| Untracked 
| 341|0x000000074ce00000, 0x000000074d000000, 0x000000074d000000|100%| O|  |TAMS 0x000000074ce00000| PB 0x000000074ce00000| Untracked 
| 342|0x000000074d000000, 0x000000074d200000, 0x000000074d200000|100%| O|  |TAMS 0x000000074d000000| PB 0x000000074d000000| Untracked 
| 343|0x000000074d200000, 0x000000074d400000, 0x000000074d400000|100%| O|  |TAMS 0x000000074d200000| PB 0x000000074d200000| Untracked 
| 344|0x000000074d400000, 0x000000074d600000, 0x000000074d600000|100%| O|  |TAMS 0x000000074d400000| PB 0x000000074d400000| Untracked 
| 345|0x000000074d600000, 0x000000074d800000, 0x000000074d800000|100%| O|  |TAMS 0x000000074d600000| PB 0x000000074d600000| Untracked 
| 346|0x000000074d800000, 0x000000074da00000, 0x000000074da00000|100%| O|  |TAMS 0x000000074d800000| PB 0x000000074d800000| Untracked 
| 347|0x000000074da00000, 0x000000074dc00000, 0x000000074dc00000|100%| O|  |TAMS 0x000000074da00000| PB 0x000000074da00000| Untracked 
| 348|0x000000074dc00000, 0x000000074de00000, 0x000000074de00000|100%| O|  |TAMS 0x000000074dc00000| PB 0x000000074dc00000| Untracked 
| 349|0x000000074de00000, 0x000000074e000000, 0x000000074e000000|100%| O|  |TAMS 0x000000074de00000| PB 0x000000074de00000| Untracked 
| 350|0x000000074e000000, 0x000000074e200000, 0x000000074e200000|100%| O|  |TAMS 0x000000074e000000| PB 0x000000074e000000| Untracked 
| 351|0x000000074e200000, 0x000000074e400000, 0x000000074e400000|100%| O|  |TAMS 0x000000074e200000| PB 0x000000074e200000| Untracked 
| 352|0x000000074e400000, 0x000000074e600000, 0x000000074e600000|100%| O|  |TAMS 0x000000074e400000| PB 0x000000074e400000| Untracked 
| 353|0x000000074e600000, 0x000000074e800000, 0x000000074e800000|100%| O|  |TAMS 0x000000074e600000| PB 0x000000074e600000| Untracked 
| 354|0x000000074e800000, 0x000000074ea00000, 0x000000074ea00000|100%| O|  |TAMS 0x000000074e800000| PB 0x000000074e800000| Untracked 
| 355|0x000000074ea00000, 0x000000074ec00000, 0x000000074ec00000|100%| O|  |TAMS 0x000000074ea00000| PB 0x000000074ea00000| Untracked 
| 356|0x000000074ec00000, 0x000000074ee00000, 0x000000074ee00000|100%| O|  |TAMS 0x000000074ec00000| PB 0x000000074ec00000| Untracked 
| 357|0x000000074ee00000, 0x000000074f000000, 0x000000074f000000|100%| O|  |TAMS 0x000000074ee00000| PB 0x000000074ee00000| Untracked 
| 358|0x000000074f000000, 0x000000074f200000, 0x000000074f200000|100%| O|  |TAMS 0x000000074f000000| PB 0x000000074f000000| Untracked 
| 359|0x000000074f200000, 0x000000074f400000, 0x000000074f400000|100%| O|  |TAMS 0x000000074f200000| PB 0x000000074f200000| Untracked 
| 360|0x000000074f400000, 0x000000074f600000, 0x000000074f600000|100%| O|  |TAMS 0x000000074f400000| PB 0x000000074f400000| Untracked 
| 361|0x000000074f600000, 0x000000074f800000, 0x000000074f800000|100%| O|  |TAMS 0x000000074f600000| PB 0x000000074f600000| Untracked 
| 362|0x000000074f800000, 0x000000074fa00000, 0x000000074fa00000|100%| O|  |TAMS 0x000000074f800000| PB 0x000000074f800000| Untracked 
| 363|0x000000074fa00000, 0x000000074fc00000, 0x000000074fc00000|100%| O|  |TAMS 0x000000074fa00000| PB 0x000000074fa00000| Untracked 
| 364|0x000000074fc00000, 0x000000074fe00000, 0x000000074fe00000|100%| O|  |TAMS 0x000000074fc00000| PB 0x000000074fc00000| Untracked 
| 365|0x000000074fe00000, 0x0000000750000000, 0x0000000750000000|100%| O|  |TAMS 0x000000074fe00000| PB 0x000000074fe00000| Untracked 
| 366|0x0000000750000000, 0x0000000750200000, 0x0000000750200000|100%| O|  |TAMS 0x0000000750000000| PB 0x0000000750000000| Untracked 
| 367|0x0000000750200000, 0x0000000750400000, 0x0000000750400000|100%| O|  |TAMS 0x0000000750200000| PB 0x0000000750200000| Untracked 
| 368|0x0000000750400000, 0x0000000750600000, 0x0000000750600000|100%| O|  |TAMS 0x0000000750400000| PB 0x0000000750400000| Untracked 
| 369|0x0000000750600000, 0x0000000750800000, 0x0000000750800000|100%| O|  |TAMS 0x0000000750600000| PB 0x0000000750600000| Untracked 
| 370|0x0000000750800000, 0x0000000750a00000, 0x0000000750a00000|100%| O|  |TAMS 0x0000000750800000| PB 0x0000000750800000| Untracked 
| 371|0x0000000750a00000, 0x0000000750c00000, 0x0000000750c00000|100%| O|  |TAMS 0x0000000750a00000| PB 0x0000000750a00000| Untracked 
| 372|0x0000000750c00000, 0x0000000750e00000, 0x0000000750e00000|100%| O|  |TAMS 0x0000000750c00000| PB 0x0000000750c00000| Untracked 
| 373|0x0000000750e00000, 0x0000000751000000, 0x0000000751000000|100%| O|  |TAMS 0x0000000750e00000| PB 0x0000000750e00000| Untracked 
| 374|0x0000000751000000, 0x0000000751200000, 0x0000000751200000|100%| O|  |TAMS 0x0000000751000000| PB 0x0000000751000000| Untracked 
| 375|0x0000000751200000, 0x0000000751400000, 0x0000000751400000|100%| O|  |TAMS 0x0000000751200000| PB 0x0000000751200000| Untracked 
| 376|0x0000000751400000, 0x0000000751600000, 0x0000000751600000|100%| O|  |TAMS 0x0000000751400000| PB 0x0000000751400000| Untracked 
| 377|0x0000000751600000, 0x0000000751800000, 0x0000000751800000|100%| O|  |TAMS 0x0000000751600000| PB 0x0000000751600000| Untracked 
| 378|0x0000000751800000, 0x0000000751a00000, 0x0000000751a00000|100%| O|  |TAMS 0x0000000751800000| PB 0x0000000751800000| Untracked 
| 379|0x0000000751a00000, 0x0000000751c00000, 0x0000000751c00000|100%| O|  |TAMS 0x0000000751a00000| PB 0x0000000751a00000| Untracked 
| 380|0x0000000751c00000, 0x0000000751e00000, 0x0000000751e00000|100%| O|  |TAMS 0x0000000751c00000| PB 0x0000000751c00000| Untracked 
| 381|0x0000000751e00000, 0x0000000752000000, 0x0000000752000000|100%| O|  |TAMS 0x0000000751e00000| PB 0x0000000751e00000| Untracked 
| 382|0x0000000752000000, 0x0000000752200000, 0x0000000752200000|100%| O|  |TAMS 0x0000000752000000| PB 0x0000000752000000| Untracked 
| 383|0x0000000752200000, 0x0000000752400000, 0x0000000752400000|100%| O|  |TAMS 0x0000000752200000| PB 0x0000000752200000| Untracked 
| 384|0x0000000752400000, 0x0000000752600000, 0x0000000752600000|100%| O|  |TAMS 0x0000000752400000| PB 0x0000000752400000| Untracked 
| 385|0x0000000752600000, 0x0000000752800000, 0x0000000752800000|100%| O|  |TAMS 0x0000000752600000| PB 0x0000000752600000| Untracked 
| 386|0x0000000752800000, 0x0000000752a00000, 0x0000000752a00000|100%| O|  |TAMS 0x0000000752800000| PB 0x0000000752800000| Untracked 
| 387|0x0000000752a00000, 0x0000000752c00000, 0x0000000752c00000|100%| O|  |TAMS 0x0000000752a00000| PB 0x0000000752a00000| Untracked 
| 388|0x0000000752c00000, 0x0000000752e00000, 0x0000000752e00000|100%| O|  |TAMS 0x0000000752c00000| PB 0x0000000752c00000| Untracked 
| 389|0x0000000752e00000, 0x0000000753000000, 0x0000000753000000|100%| O|  |TAMS 0x0000000752e00000| PB 0x0000000752e00000| Untracked 
| 390|0x0000000753000000, 0x0000000753200000, 0x0000000753200000|100%| O|  |TAMS 0x0000000753000000| PB 0x0000000753000000| Untracked 
| 391|0x0000000753200000, 0x0000000753400000, 0x0000000753400000|100%| O|  |TAMS 0x0000000753200000| PB 0x0000000753200000| Untracked 
| 392|0x0000000753400000, 0x0000000753600000, 0x0000000753600000|100%| O|  |TAMS 0x0000000753400000| PB 0x0000000753400000| Untracked 
| 393|0x0000000753600000, 0x0000000753800000, 0x0000000753800000|100%| O|  |TAMS 0x0000000753600000| PB 0x0000000753600000| Untracked 
| 394|0x0000000753800000, 0x0000000753a00000, 0x0000000753a00000|100%| O|  |TAMS 0x0000000753800000| PB 0x0000000753800000| Untracked 
| 395|0x0000000753a00000, 0x0000000753c00000, 0x0000000753c00000|100%| O|  |TAMS 0x0000000753a00000| PB 0x0000000753a00000| Untracked 
| 396|0x0000000753c00000, 0x0000000753e00000, 0x0000000753e00000|100%| O|  |TAMS 0x0000000753c00000| PB 0x0000000753c00000| Untracked 
| 397|0x0000000753e00000, 0x0000000754000000, 0x0000000754000000|100%| O|  |TAMS 0x0000000753e00000| PB 0x0000000753e00000| Untracked 
| 398|0x0000000754000000, 0x0000000754200000, 0x0000000754200000|100%| O|  |TAMS 0x0000000754000000| PB 0x0000000754000000| Untracked 
| 399|0x0000000754200000, 0x0000000754400000, 0x0000000754400000|100%| O|  |TAMS 0x0000000754200000| PB 0x0000000754200000| Untracked 
| 400|0x0000000754400000, 0x0000000754600000, 0x0000000754600000|100%| O|  |TAMS 0x0000000754400000| PB 0x0000000754400000| Untracked 
| 401|0x0000000754600000, 0x0000000754800000, 0x0000000754800000|100%| O|  |TAMS 0x0000000754600000| PB 0x0000000754600000| Untracked 
| 402|0x0000000754800000, 0x0000000754a00000, 0x0000000754a00000|100%| O|  |TAMS 0x0000000754800000| PB 0x0000000754800000| Untracked 
| 403|0x0000000754a00000, 0x0000000754c00000, 0x0000000754c00000|100%| O|  |TAMS 0x0000000754a00000| PB 0x0000000754a00000| Untracked 
| 404|0x0000000754c00000, 0x0000000754e00000, 0x0000000754e00000|100%| O|  |TAMS 0x0000000754c00000| PB 0x0000000754c00000| Untracked 
| 405|0x0000000754e00000, 0x0000000755000000, 0x0000000755000000|100%| O|  |TAMS 0x0000000754e00000| PB 0x0000000754e00000| Untracked 
| 406|0x0000000755000000, 0x0000000755200000, 0x0000000755200000|100%| O|  |TAMS 0x0000000755000000| PB 0x0000000755000000| Untracked 
| 407|0x0000000755200000, 0x0000000755400000, 0x0000000755400000|100%| O|  |TAMS 0x0000000755200000| PB 0x0000000755200000| Untracked 
| 408|0x0000000755400000, 0x0000000755600000, 0x0000000755600000|100%| O|  |TAMS 0x0000000755400000| PB 0x0000000755400000| Untracked 
| 409|0x0000000755600000, 0x0000000755800000, 0x0000000755800000|100%| O|  |TAMS 0x0000000755600000| PB 0x0000000755600000| Untracked 
| 410|0x0000000755800000, 0x000000075597bb30, 0x0000000755a00000| 74%| O|  |TAMS 0x0000000755800000| PB 0x0000000755800000| Untracked 
| 411|0x0000000755a00000, 0x0000000755a00000, 0x0000000755c00000|  0%| F|  |TAMS 0x0000000755a00000| PB 0x0000000755a00000| Untracked 
| 412|0x0000000755c00000, 0x0000000755c00000, 0x0000000755e00000|  0%| F|  |TAMS 0x0000000755c00000| PB 0x0000000755c00000| Untracked 
| 413|0x0000000755e00000, 0x0000000755e00000, 0x0000000756000000|  0%| F|  |TAMS 0x0000000755e00000| PB 0x0000000755e00000| Untracked 
| 414|0x0000000756000000, 0x0000000756000000, 0x0000000756200000|  0%| F|  |TAMS 0x0000000756000000| PB 0x0000000756000000| Untracked 
| 415|0x0000000756200000, 0x0000000756200000, 0x0000000756400000|  0%| F|  |TAMS 0x0000000756200000| PB 0x0000000756200000| Untracked 
| 416|0x0000000756400000, 0x0000000756400000, 0x0000000756600000|  0%| F|  |TAMS 0x0000000756400000| PB 0x0000000756400000| Untracked 
| 417|0x0000000756600000, 0x0000000756600000, 0x0000000756800000|  0%| F|  |TAMS 0x0000000756600000| PB 0x0000000756600000| Untracked 
| 418|0x0000000756800000, 0x0000000756800000, 0x0000000756a00000|  0%| F|  |TAMS 0x0000000756800000| PB 0x0000000756800000| Untracked 
| 419|0x0000000756a00000, 0x0000000756a00000, 0x0000000756c00000|  0%| F|  |TAMS 0x0000000756a00000| PB 0x0000000756a00000| Untracked 
| 420|0x0000000756c00000, 0x0000000756c00000, 0x0000000756e00000|  0%| F|  |TAMS 0x0000000756c00000| PB 0x0000000756c00000| Untracked 
| 421|0x0000000756e00000, 0x0000000756e00000, 0x0000000757000000|  0%| F|  |TAMS 0x0000000756e00000| PB 0x0000000756e00000| Untracked 
| 422|0x0000000757000000, 0x0000000757000000, 0x0000000757200000|  0%| F|  |TAMS 0x0000000757000000| PB 0x0000000757000000| Untracked 
| 423|0x0000000757200000, 0x0000000757200000, 0x0000000757400000|  0%| F|  |TAMS 0x0000000757200000| PB 0x0000000757200000| Untracked 
| 424|0x0000000757400000, 0x0000000757400000, 0x0000000757600000|  0%| F|  |TAMS 0x0000000757400000| PB 0x0000000757400000| Untracked 
| 425|0x0000000757600000, 0x0000000757600000, 0x0000000757800000|  0%| F|  |TAMS 0x0000000757600000| PB 0x0000000757600000| Untracked 
| 426|0x0000000757800000, 0x0000000757800000, 0x0000000757a00000|  0%| F|  |TAMS 0x0000000757800000| PB 0x0000000757800000| Untracked 
| 427|0x0000000757a00000, 0x0000000757a00000, 0x0000000757c00000|  0%| F|  |TAMS 0x0000000757a00000| PB 0x0000000757a00000| Untracked 
| 428|0x0000000757c00000, 0x0000000757c00000, 0x0000000757e00000|  0%| F|  |TAMS 0x0000000757c00000| PB 0x0000000757c00000| Untracked 
| 429|0x0000000757e00000, 0x0000000757e00000, 0x0000000758000000|  0%| F|  |TAMS 0x0000000757e00000| PB 0x0000000757e00000| Untracked 
| 430|0x0000000758000000, 0x0000000758000000, 0x0000000758200000|  0%| F|  |TAMS 0x0000000758000000| PB 0x0000000758000000| Untracked 
| 431|0x0000000758200000, 0x0000000758200000, 0x0000000758400000|  0%| F|  |TAMS 0x0000000758200000| PB 0x0000000758200000| Untracked 
| 432|0x0000000758400000, 0x0000000758400000, 0x0000000758600000|  0%| F|  |TAMS 0x0000000758400000| PB 0x0000000758400000| Untracked 
| 433|0x0000000758600000, 0x0000000758600000, 0x0000000758800000|  0%| F|  |TAMS 0x0000000758600000| PB 0x0000000758600000| Untracked 
| 434|0x0000000758800000, 0x0000000758800000, 0x0000000758a00000|  0%| F|  |TAMS 0x0000000758800000| PB 0x0000000758800000| Untracked 
| 435|0x0000000758a00000, 0x0000000758a00000, 0x0000000758c00000|  0%| F|  |TAMS 0x0000000758a00000| PB 0x0000000758a00000| Untracked 
| 436|0x0000000758c00000, 0x0000000758c00000, 0x0000000758e00000|  0%| F|  |TAMS 0x0000000758c00000| PB 0x0000000758c00000| Untracked 
| 437|0x0000000758e00000, 0x0000000758e00000, 0x0000000759000000|  0%| F|  |TAMS 0x0000000758e00000| PB 0x0000000758e00000| Untracked 
| 438|0x0000000759000000, 0x0000000759000000, 0x0000000759200000|  0%| F|  |TAMS 0x0000000759000000| PB 0x0000000759000000| Untracked 
| 439|0x0000000759200000, 0x0000000759200000, 0x0000000759400000|  0%| F|  |TAMS 0x0000000759200000| PB 0x0000000759200000| Untracked 
| 440|0x0000000759400000, 0x0000000759400000, 0x0000000759600000|  0%| F|  |TAMS 0x0000000759400000| PB 0x0000000759400000| Untracked 
| 441|0x0000000759600000, 0x0000000759600000, 0x0000000759800000|  0%| F|  |TAMS 0x0000000759600000| PB 0x0000000759600000| Untracked 
| 442|0x0000000759800000, 0x0000000759800000, 0x0000000759a00000|  0%| F|  |TAMS 0x0000000759800000| PB 0x0000000759800000| Untracked 
| 443|0x0000000759a00000, 0x0000000759a00000, 0x0000000759c00000|  0%| F|  |TAMS 0x0000000759a00000| PB 0x0000000759a00000| Untracked 
| 444|0x0000000759c00000, 0x0000000759c00000, 0x0000000759e00000|  0%| F|  |TAMS 0x0000000759c00000| PB 0x0000000759c00000| Untracked 
| 445|0x0000000759e00000, 0x0000000759e00000, 0x000000075a000000|  0%| F|  |TAMS 0x0000000759e00000| PB 0x0000000759e00000| Untracked 
| 446|0x000000075a000000, 0x000000075a000000, 0x000000075a200000|  0%| F|  |TAMS 0x000000075a000000| PB 0x000000075a000000| Untracked 
| 447|0x000000075a200000, 0x000000075a200000, 0x000000075a400000|  0%| F|  |TAMS 0x000000075a200000| PB 0x000000075a200000| Untracked 
| 448|0x000000075a400000, 0x000000075a400000, 0x000000075a600000|  0%| F|  |TAMS 0x000000075a400000| PB 0x000000075a400000| Untracked 
| 449|0x000000075a600000, 0x000000075a800000, 0x000000075a800000|100%| S|CS|TAMS 0x000000075a600000| PB 0x000000075a600000| Complete 
| 450|0x000000075a800000, 0x000000075aa00000, 0x000000075aa00000|100%| S|CS|TAMS 0x000000075a800000| PB 0x000000075a800000| Complete 
| 451|0x000000075aa00000, 0x000000075ac00000, 0x000000075ac00000|100%| S|CS|TAMS 0x000000075aa00000| PB 0x000000075aa00000| Complete 
| 452|0x000000075ac00000, 0x000000075ae00000, 0x000000075ae00000|100%| S|CS|TAMS 0x000000075ac00000| PB 0x000000075ac00000| Complete 
| 453|0x000000075ae00000, 0x000000075b000000, 0x000000075b000000|100%| S|CS|TAMS 0x000000075ae00000| PB 0x000000075ae00000| Complete 
| 454|0x000000075b000000, 0x000000075b000000, 0x000000075b200000|  0%| F|  |TAMS 0x000000075b000000| PB 0x000000075b000000| Untracked 
| 455|0x000000075b200000, 0x000000075b200000, 0x000000075b400000|  0%| F|  |TAMS 0x000000075b200000| PB 0x000000075b200000| Untracked 
| 456|0x000000075b400000, 0x000000075b400000, 0x000000075b600000|  0%| F|  |TAMS 0x000000075b400000| PB 0x000000075b400000| Untracked 
| 457|0x000000075b600000, 0x000000075b600000, 0x000000075b800000|  0%| F|  |TAMS 0x000000075b600000| PB 0x000000075b600000| Untracked 
| 458|0x000000075b800000, 0x000000075b800000, 0x000000075ba00000|  0%| F|  |TAMS 0x000000075b800000| PB 0x000000075b800000| Untracked 
| 459|0x000000075ba00000, 0x000000075ba00000, 0x000000075bc00000|  0%| F|  |TAMS 0x000000075ba00000| PB 0x000000075ba00000| Untracked 
| 460|0x000000075bc00000, 0x000000075bc00000, 0x000000075be00000|  0%| F|  |TAMS 0x000000075bc00000| PB 0x000000075bc00000| Untracked 
| 461|0x000000075be00000, 0x000000075be00000, 0x000000075c000000|  0%| F|  |TAMS 0x000000075be00000| PB 0x000000075be00000| Untracked 
| 462|0x000000075c000000, 0x000000075c000000, 0x000000075c200000|  0%| F|  |TAMS 0x000000075c000000| PB 0x000000075c000000| Untracked 
| 463|0x000000075c200000, 0x000000075c200000, 0x000000075c400000|  0%| F|  |TAMS 0x000000075c200000| PB 0x000000075c200000| Untracked 
| 464|0x000000075c400000, 0x000000075c400000, 0x000000075c600000|  0%| F|  |TAMS 0x000000075c400000| PB 0x000000075c400000| Untracked 
| 465|0x000000075c600000, 0x000000075c600000, 0x000000075c800000|  0%| F|  |TAMS 0x000000075c600000| PB 0x000000075c600000| Untracked 
| 466|0x000000075c800000, 0x000000075c800000, 0x000000075ca00000|  0%| F|  |TAMS 0x000000075c800000| PB 0x000000075c800000| Untracked 
| 467|0x000000075ca00000, 0x000000075ca00000, 0x000000075cc00000|  0%| F|  |TAMS 0x000000075ca00000| PB 0x000000075ca00000| Untracked 
| 468|0x000000075cc00000, 0x000000075cc00000, 0x000000075ce00000|  0%| F|  |TAMS 0x000000075cc00000| PB 0x000000075cc00000| Untracked 
| 469|0x000000075ce00000, 0x000000075ce00000, 0x000000075d000000|  0%| F|  |TAMS 0x000000075ce00000| PB 0x000000075ce00000| Untracked 
| 470|0x000000075d000000, 0x000000075d000000, 0x000000075d200000|  0%| F|  |TAMS 0x000000075d000000| PB 0x000000075d000000| Untracked 
| 471|0x000000075d200000, 0x000000075d200000, 0x000000075d400000|  0%| F|  |TAMS 0x000000075d200000| PB 0x000000075d200000| Untracked 
| 472|0x000000075d400000, 0x000000075d400000, 0x000000075d600000|  0%| F|  |TAMS 0x000000075d400000| PB 0x000000075d400000| Untracked 
| 473|0x000000075d600000, 0x000000075d600000, 0x000000075d800000|  0%| F|  |TAMS 0x000000075d600000| PB 0x000000075d600000| Untracked 
| 474|0x000000075d800000, 0x000000075d800000, 0x000000075da00000|  0%| F|  |TAMS 0x000000075d800000| PB 0x000000075d800000| Untracked 
| 475|0x000000075da00000, 0x000000075da00000, 0x000000075dc00000|  0%| F|  |TAMS 0x000000075da00000| PB 0x000000075da00000| Untracked 
| 476|0x000000075dc00000, 0x000000075dc00000, 0x000000075de00000|  0%| F|  |TAMS 0x000000075dc00000| PB 0x000000075dc00000| Untracked 
| 477|0x000000075de00000, 0x000000075de00000, 0x000000075e000000|  0%| F|  |TAMS 0x000000075de00000| PB 0x000000075de00000| Untracked 
| 478|0x000000075e000000, 0x000000075e000000, 0x000000075e200000|  0%| F|  |TAMS 0x000000075e000000| PB 0x000000075e000000| Untracked 
| 479|0x000000075e200000, 0x000000075e200000, 0x000000075e400000|  0%| F|  |TAMS 0x000000075e200000| PB 0x000000075e200000| Untracked 
| 480|0x000000075e400000, 0x000000075e400000, 0x000000075e600000|  0%| F|  |TAMS 0x000000075e400000| PB 0x000000075e400000| Untracked 
| 481|0x000000075e600000, 0x000000075e600000, 0x000000075e800000|  0%| F|  |TAMS 0x000000075e600000| PB 0x000000075e600000| Untracked 
| 482|0x000000075e800000, 0x000000075e800000, 0x000000075ea00000|  0%| F|  |TAMS 0x000000075e800000| PB 0x000000075e800000| Untracked 
| 483|0x000000075ea00000, 0x000000075ea00000, 0x000000075ec00000|  0%| F|  |TAMS 0x000000075ea00000| PB 0x000000075ea00000| Untracked 
| 484|0x000000075ec00000, 0x000000075ec00000, 0x000000075ee00000|  0%| F|  |TAMS 0x000000075ec00000| PB 0x000000075ec00000| Untracked 
| 485|0x000000075ee00000, 0x000000075ee00000, 0x000000075f000000|  0%| F|  |TAMS 0x000000075ee00000| PB 0x000000075ee00000| Untracked 

Card table byte_map: [0x000001e6b1b80000,0x000001e6b2270000] _byte_map_base: 0x000001e6ae26e000

Marking Bits: (CMBitMap*) 0x000001e6977f4e80
 Bits: [0x000001e6b2270000, 0x000001e6b59e0000)

Polling page: 0x000001e697850000

Metaspace:

Usage:
  Non-class:     28.70 MB used.
      Class:      4.18 MB used.
       Both:     32.88 MB used.

Virtual space:
  Non-class space:       64.00 MB reserved,      29.00 MB ( 45%) committed,  1 nodes.
      Class space:        1.00 GB reserved,       4.44 MB ( <1%) committed,  1 nodes.
             Both:        1.06 GB reserved,      33.44 MB (  3%) committed. 

Chunk freelists:
   Non-Class:  2.61 MB
       Class:  11.51 MB
        Both:  14.12 MB

MaxMetaspaceSize: unlimited
CompressedClassSpaceSize: 1.00 GB
Initial GC threshold: 21.00 MB
Current GC threshold: 55.44 MB
CDS: on
 - commit_granule_bytes: 65536.
 - commit_granule_words: 8192.
 - virtual_space_node_default_size: 8388608.
 - enlarge_chunks_in_place: 1.
 - use_allocation_guard: 0.


Internal statistics:

num_allocs_failed_limit: 3.
num_arena_births: 804.
num_arena_deaths: 24.
num_vsnodes_births: 2.
num_vsnodes_deaths: 0.
num_space_committed: 535.
num_space_uncommitted: 0.
num_chunks_returned_to_freelist: 38.
num_chunks_taken_from_freelist: 1938.
num_chunk_merges: 14.
num_chunk_splits: 1290.
num_chunks_enlarged: 868.
num_inconsistent_stats: 0.

CodeHeap 'non-profiled nmethods': size=120000Kb used=3890Kb max_used=4302Kb free=116109Kb
 bounds [0x000001e6a92d0000, 0x000001e6a9720000, 0x000001e6b0800000]
CodeHeap 'profiled nmethods': size=120000Kb used=12398Kb max_used=16253Kb free=107601Kb
 bounds [0x000001e6a1800000, 0x000001e6a2800000, 0x000001e6a8d30000]
CodeHeap 'non-nmethods': size=5760Kb used=1893Kb max_used=1967Kb free=3867Kb
 bounds [0x000001e6a8d30000, 0x000001e6a8fa0000, 0x000001e6a92d0000]
CodeCache: size=245760Kb, used=18181Kb, max_used=22522Kb, free=227577Kb
 total_blobs=6737, nmethods=5715, adapters=923, full_count=0
Compilation: enabled, stopped_count=0, restarted_count=0

Compilation events (20 events):
Event: 78.099 Thread 0x000001e6b86dd1d0 nmethod 9061 0x000001e6a1f49c10 code [0x000001e6a1f49e40, 0x000001e6a1f4a698]
Event: 78.099 Thread 0x000001e6b86dd1d0 9063       3       com.sun.javafx.geom.DirtyRegionContainer::grow (37 bytes)
Event: 78.099 Thread 0x000001e6b86dd1d0 nmethod 9063 0x000001e6a1f77690 code [0x000001e6a1f77860, 0x000001e6a1f77b70]
Event: 78.099 Thread 0x000001e6b86dd1d0 9062       3       com.sun.scenario.effect.Offset::getDirtyRegions (72 bytes)
Event: 78.100 Thread 0x000001e6b86dd1d0 nmethod 9062 0x000001e6a1dd3910 code [0x000001e6a1dd3b20, 0x000001e6a1dd4288]
Event: 78.100 Thread 0x000001e6b86dd1d0 9060       3       com.sun.scenario.effect.DelegateEffect::getDirtyRegions (10 bytes)
Event: 78.100 Thread 0x000001e6b86dd1d0 nmethod 9060 0x000001e6a1a9d510 code [0x000001e6a1a9d6c0, 0x000001e6a1a9d8b8]
Event: 78.100 Thread 0x000001e6b86dd1d0 9059       3       com.sun.javafx.geom.transform.AffineBase::inverseTransform (40 bytes)
Event: 78.100 Thread 0x000001e6b86dd1d0 nmethod 9059 0x000001e6a1b56410 code [0x000001e6a1b56620, 0x000001e6a1b56bd8]
Event: 78.101 Thread 0x000001e6b86dd1d0 9064       3       java.lang.StackTraceElement::length (13 bytes)
Event: 78.101 Thread 0x000001e6b86dd1d0 nmethod 9064 0x000001e6a1dde510 code [0x000001e6a1dde6c0, 0x000001e6a1dde918]
Event: 78.110 Thread 0x000001e6b86d4af0 nmethod 9055 0x000001e6a9343790 code [0x000001e6a9343a80, 0x000001e6a9344778]
Event: 78.110 Thread 0x000001e6b86d4af0 9065       4       java.lang.StringBuilder::append (8 bytes)
Event: 78.113 Thread 0x000001e6b86d4af0 nmethod 9065 0x000001e6a9380c90 code [0x000001e6a9380e60, 0x000001e6a9381378]
Event: 78.113 Thread 0x000001e6b86d4af0 9056       4       javafx.scene.Node::updateBounds (174 bytes)
Event: 78.121 Thread 0x000001e6b86d4af0 nmethod 9056 0x000001e6a95cca10 code [0x000001e6a95ccc40, 0x000001e6a95cd390]
Event: 78.202 Thread 0x000001e6b86d4af0 9066       4       java.lang.Thread::interrupted (7 bytes)
Event: 78.203 Thread 0x000001e6b86d4af0 nmethod 9066 0x000001e6a9433490 code [0x000001e6a9433620, 0x000001e6a94336b8]
Event: 78.211 Thread 0x000001e6b86dd1d0 9067       3       javafx.scene.web.WebView::isTreeReallyVisible (84 bytes)
Event: 78.213 Thread 0x000001e6b86dd1d0 nmethod 9067 0x000001e6a219dd90 code [0x000001e6a219e120, 0x000001e6a21a0030]

GC Heap History (20 events):
Event: 74.110 GC heap after
{Heap after GC invocations=34 (full 0):
 garbage-first heap   total 669696K, used 357872K [0x0000000722400000, 0x0000000800000000)
  region size 2048K, 11 young (22528K), 11 survivors (22528K)
 Metaspace       used 33515K, committed 34112K, reserved 1114112K
  class space    used 4268K, committed 4544K, reserved 1048576K
}
Event: 74.516 GC heap before
{Heap before GC invocations=34 (full 0):
 garbage-first heap   total 669696K, used 497136K [0x0000000722400000, 0x0000000800000000)
  region size 2048K, 80 young (163840K), 11 survivors (22528K)
 Metaspace       used 33548K, committed 34112K, reserved 1114112K
  class space    used 4273K, committed 4544K, reserved 1048576K
}
Event: 74.544 GC heap after
{Heap after GC invocations=35 (full 0):
 garbage-first heap   total 669696K, used 431598K [0x0000000722400000, 0x0000000800000000)
  region size 2048K, 10 young (20480K), 10 survivors (20480K)
 Metaspace       used 33548K, committed 34112K, reserved 1114112K
  class space    used 4273K, committed 4544K, reserved 1048576K
}
Event: 74.841 GC heap before
{Heap before GC invocations=35 (full 0):
 garbage-first heap   total 669696K, used 523758K [0x0000000722400000, 0x0000000800000000)
  region size 2048K, 57 young (116736K), 10 survivors (20480K)
 Metaspace       used 33580K, committed 34176K, reserved 1114112K
  class space    used 4273K, committed 4544K, reserved 1048576K
}
Event: 74.857 GC heap after
{Heap after GC invocations=36 (full 0):
 garbage-first heap   total 669696K, used 475642K [0x0000000722400000, 0x0000000800000000)
  region size 2048K, 7 young (14336K), 7 survivors (14336K)
 Metaspace       used 33580K, committed 34176K, reserved 1114112K
  class space    used 4273K, committed 4544K, reserved 1048576K
}
Event: 75.071 GC heap before
{Heap before GC invocations=36 (full 0):
 garbage-first heap   total 669696K, used 549370K [0x0000000722400000, 0x0000000800000000)
  region size 2048K, 44 young (90112K), 7 survivors (14336K)
 Metaspace       used 33595K, committed 34176K, reserved 1114112K
  class space    used 4273K, committed 4544K, reserved 1048576K
}
Event: 75.095 GC heap after
{Heap after GC invocations=37 (full 0):
 garbage-first heap   total 669696K, used 513518K [0x0000000722400000, 0x0000000800000000)
  region size 2048K, 6 young (12288K), 6 survivors (12288K)
 Metaspace       used 33595K, committed 34176K, reserved 1114112K
  class space    used 4273K, committed 4544K, reserved 1048576K
}
Event: 75.475 GC heap before
{Heap before GC invocations=38 (full 0):
 garbage-first heap   total 849920K, used 568814K [0x0000000722400000, 0x0000000800000000)
  region size 2048K, 37 young (75776K), 6 survivors (12288K)
 Metaspace       used 33610K, committed 34176K, reserved 1114112K
  class space    used 4274K, committed 4544K, reserved 1048576K
}
Event: 75.492 GC heap after
{Heap after GC invocations=39 (full 0):
 garbage-first heap   total 849920K, used 546288K [0x0000000722400000, 0x0000000800000000)
  region size 2048K, 5 young (10240K), 5 survivors (10240K)
 Metaspace       used 33610K, committed 34176K, reserved 1114112K
  class space    used 4274K, committed 4544K, reserved 1048576K
}
Event: 75.964 GC heap before
{Heap before GC invocations=39 (full 0):
 garbage-first heap   total 849920K, used 669168K [0x0000000722400000, 0x0000000800000000)
  region size 2048K, 66 young (135168K), 5 survivors (10240K)
 Metaspace       used 33626K, committed 34176K, reserved 1114112K
  class space    used 4274K, committed 4544K, reserved 1048576K
}
Event: 76.024 GC heap after
{Heap after GC invocations=40 (full 0):
 garbage-first heap   total 995328K, used 553466K [0x0000000722400000, 0x0000000800000000)
  region size 2048K, 9 young (18432K), 9 survivors (18432K)
 Metaspace       used 33626K, committed 34176K, reserved 1114112K
  class space    used 4274K, committed 4544K, reserved 1048576K
}
Event: 76.962 GC heap before
{Heap before GC invocations=40 (full 0):
 garbage-first heap   total 995328K, used 748026K [0x0000000722400000, 0x0000000800000000)
  region size 2048K, 104 young (212992K), 9 survivors (18432K)
 Metaspace       used 33633K, committed 34176K, reserved 1114112K
  class space    used 4275K, committed 4544K, reserved 1048576K
}
Event: 76.994 GC heap after
{Heap after GC invocations=41 (full 0):
 garbage-first heap   total 995328K, used 624617K [0x0000000722400000, 0x0000000800000000)
  region size 2048K, 13 young (26624K), 13 survivors (26624K)
 Metaspace       used 33633K, committed 34176K, reserved 1114112K
  class space    used 4275K, committed 4544K, reserved 1048576K
}
Event: 77.518 GC heap before
{Heap before GC invocations=41 (full 0):
 garbage-first heap   total 995328K, used 782313K [0x0000000722400000, 0x0000000800000000)
  region size 2048K, 92 young (188416K), 13 survivors (26624K)
 Metaspace       used 33643K, committed 34176K, reserved 1114112K
  class space    used 4275K, committed 4544K, reserved 1048576K
}
Event: 77.547 GC heap after
{Heap after GC invocations=42 (full 0):
 garbage-first heap   total 995328K, used 708082K [0x0000000722400000, 0x0000000800000000)
  region size 2048K, 12 young (24576K), 12 survivors (24576K)
 Metaspace       used 33643K, committed 34176K, reserved 1114112K
  class space    used 4275K, committed 4544K, reserved 1048576K
}
Event: 77.880 GC heap before
{Heap before GC invocations=42 (full 0):
 garbage-first heap   total 995328K, used 818674K [0x0000000722400000, 0x0000000800000000)
  region size 2048K, 67 young (137216K), 12 survivors (24576K)
 Metaspace       used 33644K, committed 34176K, reserved 1114112K
  class space    used 4275K, committed 4544K, reserved 1048576K
}
Event: 77.903 GC heap after
{Heap after GC invocations=43 (full 0):
 garbage-first heap   total 995328K, used 778217K [0x0000000722400000, 0x0000000800000000)
  region size 2048K, 9 young (18432K), 9 survivors (18432K)
 Metaspace       used 33644K, committed 34176K, reserved 1114112K
  class space    used 4275K, committed 4544K, reserved 1048576K
}
Event: 78.079 GC heap before
{Heap before GC invocations=43 (full 0):
 garbage-first heap   total 995328K, used 860137K [0x0000000722400000, 0x0000000800000000)
  region size 2048K, 50 young (102400K), 9 survivors (18432K)
 Metaspace       used 33658K, committed 34176K, reserved 1114112K
  class space    used 4276K, committed 4544K, reserved 1048576K
}
Event: 78.094 GC heap after
{Heap after GC invocations=44 (full 0):
 garbage-first heap   total 995328K, used 823802K [0x0000000722400000, 0x0000000800000000)
  region size 2048K, 7 young (14336K), 7 survivors (14336K)
 Metaspace       used 33658K, committed 34176K, reserved 1114112K
  class space    used 4276K, committed 4544K, reserved 1048576K
}
Event: 78.222 GC heap before
{Heap before GC invocations=44 (full 0):
 garbage-first heap   total 995328K, used 887290K [0x0000000722400000, 0x0000000800000000)
  region size 2048K, 39 young (79872K), 7 survivors (14336K)
 Metaspace       used 33669K, committed 34240K, reserved 1114112K
  class space    used 4276K, committed 4544K, reserved 1048576K
}

Dll operation events (20 events):
Event: 1.473 Loaded shared library C:\Users\LENOVO\.openjfx\cache\17.0.2-ea\api-ms-win-crt-math-l1-1-0.dll
Event: 1.486 Loaded shared library C:\Users\LENOVO\.openjfx\cache\17.0.2-ea\api-ms-win-crt-multibyte-l1-1-0.dll
Event: 1.499 Loaded shared library C:\Users\LENOVO\.openjfx\cache\17.0.2-ea\api-ms-win-crt-private-l1-1-0.dll
Event: 1.508 Loaded shared library C:\Users\LENOVO\.openjfx\cache\17.0.2-ea\api-ms-win-crt-process-l1-1-0.dll
Event: 1.526 Loaded shared library C:\Users\LENOVO\.openjfx\cache\17.0.2-ea\api-ms-win-crt-runtime-l1-1-0.dll
Event: 1.532 Loaded shared library C:\Users\LENOVO\.openjfx\cache\17.0.2-ea\api-ms-win-crt-stdio-l1-1-0.dll
Event: 1.541 Loaded shared library C:\Users\LENOVO\.openjfx\cache\17.0.2-ea\api-ms-win-crt-string-l1-1-0.dll
Event: 1.551 Loaded shared library C:\Users\LENOVO\.openjfx\cache\17.0.2-ea\api-ms-win-crt-time-l1-1-0.dll
Event: 1.556 Loaded shared library C:\Users\LENOVO\.openjfx\cache\17.0.2-ea\api-ms-win-crt-utility-l1-1-0.dll
Event: 1.583 Loaded shared library C:\Users\LENOVO\.openjfx\cache\17.0.2-ea\ucrtbase.dll
Event: 1.592 Loaded shared library C:\Users\LENOVO\.openjfx\cache\17.0.2-ea\vcruntime140.dll
Event: 1.599 Loaded shared library C:\Users\LENOVO\.openjfx\cache\17.0.2-ea\vcruntime140_1.dll
Event: 1.618 Loaded shared library C:\Users\LENOVO\.openjfx\cache\17.0.2-ea\msvcp140.dll
Event: 1.704 Loaded shared library C:\Users\LENOVO\.openjfx\cache\17.0.2-ea\prism_d3d.dll
Event: 1.867 Loaded shared library C:\Users\LENOVO\.openjfx\cache\17.0.2-ea\glass.dll
Event: 2.434 Loaded shared library C:\Program Files\Eclipse Adoptium\jdk-21.0.11.10-hotspot\bin\jimage.dll
Event: 3.062 Loaded shared library C:\Program Files\Eclipse Adoptium\jdk-21.0.11.10-hotspot\bin\extnet.dll
Event: 3.992 Loaded shared library C:\Program Files\Eclipse Adoptium\jdk-21.0.11.10-hotspot\bin\sunmscapi.dll
Event: 4.761 Loaded shared library C:\Users\LENOVO\.openjfx\cache\17.0.2-ea\javafx_font.dll
Event: 65.744 Loaded shared library C:\Users\LENOVO\.openjfx\cache\17.0.2-ea\jfxwebkit.dll

Deoptimization events (20 events):
Event: 76.949 Thread 0x000001e6fe288550 Uncommon trap: trap_request=0xffffff6e fr.pc=0x000001e6a956c600 relative=0x0000000000003dc0
Event: 76.949 Thread 0x000001e6fe288550 Uncommon trap: reason=loop_limit_check action=maybe_recompile pc=0x000001e6a956c600 method=com.sun.marlin.Renderer._endRendering(IILcom/sun/marlin/MarlinAlphaConsumer;)V @ 1092 c2
Event: 76.949 Thread 0x000001e6fe288550 DEOPT PACKING pc=0x000001e6a956c600 sp=0x00000090d15fcf10
Event: 76.949 Thread 0x000001e6fe288550 DEOPT UNPACKING pc=0x000001e6a8d84422 sp=0x00000090d15fcd40 mode 2
Event: 77.314 Thread 0x000001e6fe5e3fe0 Uncommon trap: trap_request=0xffffff45 fr.pc=0x000001e6a9303458 relative=0x0000000000000698
Event: 77.314 Thread 0x000001e6fe5e3fe0 Uncommon trap: reason=unstable_if action=reinterpret pc=0x000001e6a9303458 method=javafx.scene.Node.updateBounds()V @ 37 c2
Event: 77.314 Thread 0x000001e6fe5e3fe0 DEOPT PACKING pc=0x000001e6a9303458 sp=0x00000090d1afe100
Event: 77.314 Thread 0x000001e6fe5e3fe0 DEOPT UNPACKING pc=0x000001e6a8d84422 sp=0x00000090d1afe0b8 mode 2
Event: 78.100 Thread 0x000001e6fe288550 Uncommon trap: trap_request=0xffffff45 fr.pc=0x000001e6a93a4ca8 relative=0x0000000000000be8
Event: 78.100 Thread 0x000001e6fe288550 Uncommon trap: reason=unstable_if action=reinterpret pc=0x000001e6a93a4ca8 method=com.sun.prism.impl.ManagedResource.assertLocked()V @ 4 c2
Event: 78.100 Thread 0x000001e6fe288550 DEOPT PACKING pc=0x000001e6a93a4ca8 sp=0x00000090d15fcd50
Event: 78.100 Thread 0x000001e6fe288550 DEOPT UNPACKING pc=0x000001e6a8d84422 sp=0x00000090d15fcb68 mode 2
Event: 78.221 Thread 0x000001e6fe288550 Uncommon trap: trap_request=0xffffff45 fr.pc=0x000001e6a9650f24 relative=0x0000000000001b44
Event: 78.221 Thread 0x000001e6fe288550 Uncommon trap: reason=unstable_if action=reinterpret pc=0x000001e6a9650f24 method=com.sun.prism.impl.ps.BaseShaderContext.validatePaintOp(Lcom/sun/prism/impl/ps/BaseShaderGraphics;Lcom/sun/javafx/geom/transform/BaseTransform;Lcom/sun/prism/impl/ps/BaseSha
Event: 78.221 Thread 0x000001e6fe288550 DEOPT PACKING pc=0x000001e6a9650f24 sp=0x00000090d15fe4e0
Event: 78.221 Thread 0x000001e6fe288550 DEOPT UNPACKING pc=0x000001e6a8d84422 sp=0x00000090d15fe4e8 mode 2
Event: 78.221 Thread 0x000001e6fe288550 Uncommon trap: trap_request=0xfffffff4 fr.pc=0x000001e6a93c6fe8 relative=0x00000000000028c8
Event: 78.221 Thread 0x000001e6fe288550 Uncommon trap: reason=null_check action=make_not_entrant pc=0x000001e6a93c6fe8 method=com.sun.prism.d3d.D3DShader.getRegister(Ljava/lang/String;)I @ 10 c2
Event: 78.221 Thread 0x000001e6fe288550 DEOPT PACKING pc=0x000001e6a93c6fe8 sp=0x00000090d15fd310
Event: 78.221 Thread 0x000001e6fe288550 DEOPT UNPACKING pc=0x000001e6a8d84422 sp=0x00000090d15fd038 mode 2

Classes loaded (20 events):
Event: 70.112 Loading class sun/text/resources/cldr/FormatData_en_US
Event: 70.112 Loading class sun/text/resources/cldr/FormatData_en_US done
Event: 70.112 Loading class sun/text/resources/cldr/FormatData_en_US
Event: 70.112 Loading class sun/text/resources/cldr/FormatData_en_US done
Event: 70.112 Loading class sun/text/resources/cldr/FormatData_en_US
Event: 70.112 Loading class sun/text/resources/cldr/FormatData_en_US done
Event: 70.112 Loading class sun/text/resources/cldr/FormatData_en_US
Event: 70.112 Loading class sun/text/resources/cldr/FormatData_en_US done
Event: 70.112 Loading class sun/text/resources/cldr/FormatData_en_US
Event: 70.112 Loading class sun/text/resources/cldr/FormatData_en_US done
Event: 70.126 Loading class java/util/concurrent/Semaphore
Event: 70.127 Loading class java/util/concurrent/Semaphore done
Event: 70.127 Loading class java/util/concurrent/Semaphore$NonfairSync
Event: 70.127 Loading class java/util/concurrent/Semaphore$Sync
Event: 70.127 Loading class java/util/concurrent/Semaphore$Sync done
Event: 70.128 Loading class java/util/concurrent/Semaphore$NonfairSync done
Event: 77.925 Loading class java/lang/Throwable$WrappedPrintStream
Event: 77.925 Loading class java/lang/Throwable$PrintStreamOrWriter
Event: 77.925 Loading class java/lang/Throwable$PrintStreamOrWriter done
Event: 77.925 Loading class java/lang/Throwable$WrappedPrintStream done

Classes unloaded (12 events):
Event: 71.361 Thread 0x000001e6b86ab750 Unloading class 0x000001e6ba451400 'java/lang/invoke/LambdaForm$MH+0x000001e6ba451400'
Event: 71.361 Thread 0x000001e6b86ab750 Unloading class 0x000001e6ba451000 'java/lang/invoke/LambdaForm$MH+0x000001e6ba451000'
Event: 71.361 Thread 0x000001e6b86ab750 Unloading class 0x000001e6ba450c00 'java/lang/invoke/LambdaForm$MH+0x000001e6ba450c00'
Event: 71.361 Thread 0x000001e6b86ab750 Unloading class 0x000001e6ba450400 'java/lang/invoke/LambdaForm$DMH+0x000001e6ba450400'
Event: 71.361 Thread 0x000001e6b86ab750 Unloading class 0x000001e6ba450000 'java/lang/invoke/LambdaForm$DMH+0x000001e6ba450000'
Event: 71.361 Thread 0x000001e6b86ab750 Unloading class 0x000001e6ba44b800 'java/lang/invoke/LambdaForm$DMH+0x000001e6ba44b800'
Event: 71.361 Thread 0x000001e6b86ab750 Unloading class 0x000001e6ba44b400 'java/lang/invoke/LambdaForm$DMH+0x000001e6ba44b400'
Event: 71.361 Thread 0x000001e6b86ab750 Unloading class 0x000001e6ba44ac00 'java/lang/invoke/LambdaForm$DMH+0x000001e6ba44ac00'
Event: 71.361 Thread 0x000001e6b86ab750 Unloading class 0x000001e6ba44a800 'java/lang/invoke/LambdaForm$DMH+0x000001e6ba44a800'
Event: 71.361 Thread 0x000001e6b86ab750 Unloading class 0x000001e6ba44a400 'java/lang/invoke/LambdaForm$DMH+0x000001e6ba44a400'
Event: 71.361 Thread 0x000001e6b86ab750 Unloading class 0x000001e6ba44a000 'java/lang/invoke/LambdaForm$DMH+0x000001e6ba44a000'
Event: 71.361 Thread 0x000001e6b86ab750 Unloading class 0x000001e6ba449800 'java/lang/invoke/LambdaForm$DMH+0x000001e6ba449800'

Classes redefined (0 events):
No events

Internal exceptions (20 events):
Event: 70.120 Thread 0x000001e6869ec950 Exception <a 'java/lang/NoSuchMethodError'{0x000000072bd23c28}: 'void java.lang.invoke.DirectMethodHandle$Holder.invokeSpecial(java.lang.Object, java.lang.Object, int, java.lang.Object, java.lang.Object, long, java.lang.Object, java.lang.Object)'> (0x000000072bd23c28) 
thrown [s\src\hotspot\share\interpreter\linkResolver.cpp, line 773]
Event: 70.120 Thread 0x000001e6869eb5a0 Exception <a 'java/lang/NoSuchMethodError'{0x000000072bd51b40}: 'void java.lang.invoke.DirectMethodHandle$Holder.invokeSpecial(java.lang.Object, java.lang.Object, int, java.lang.Object, java.lang.Object, long, java.lang.Object, java.lang.Object)'> (0x000000072bd51b40) 
thrown [s\src\hotspot\share\interpreter\linkResolver.cpp, line 773]
Event: 70.122 Thread 0x000001e6869ea1f0 Exception <a 'java/lang/NoSuchMethodError'{0x000000072bd81280}: 'java.lang.Object java.lang.invoke.DirectMethodHandle$Holder.newInvokeSpecial(java.lang.Object, java.lang.Object, int, java.lang.Object, java.lang.Object, long, java.lang.Object, java.lang.Object)'> (0x000000072bd81280) 
thrown [s\src\hotspot\share\interpreter\linkResolver.cpp, line 773]
Event: 70.123 Thread 0x000001e6869ec950 Exception <a 'java/lang/NoSuchMethodError'{0x000000072bda17f0}: 'java.lang.Object java.lang.invoke.DirectMethodHandle$Holder.invokeSpecial(java.lang.Object, java.lang.Object, java.lang.Object, int, java.lang.Object, java.lang.Object, long, java.lang.Object, java.lang.Object)'> (0x000000072bda17f0) 
thrown [s\src\hotspot\share\interpreter\linkResolver.cpp, line 773]
Event: 70.124 Thread 0x000001e6869ebc30 Exception <a 'java/lang/NoSuchMethodError'{0x000000072bd7c5f0}: 'java.lang.Object java.lang.invoke.Invokers$Holder.linkToTargetMethod(java.lang.Object, int, java.lang.Object, java.lang.Object, long, java.lang.Object, java.lang.Object, java.lang.Object)'> (0x000000072bd7c5f0) 
thrown [s\src\hotspot\share\interpreter\linkResolver.cpp, line 773]
Event: 70.124 Thread 0x000001e6869ec950 Exception <a 'java/lang/NoSuchMethodError'{0x000000072bda4d28}: 'java.lang.Object java.lang.invoke.Invokers$Holder.linkToTargetMethod(java.lang.Object, int, java.lang.Object, java.lang.Object, long, java.lang.Object, java.lang.Object, java.lang.Object)'> (0x000000072bda4d28) 
thrown [s\src\hotspot\share\interpreter\linkResolver.cpp, line 773]
Event: 70.238 Thread 0x000001e6fe5e3fe0 Exception <a 'java/io/FileNotFoundException'{0x0000000730025758}> (0x0000000730025758) 
thrown [s\src\hotspot\share\prims\jni.cpp, line 520]
Event: 70.238 Thread 0x000001e6fe5e3fe0 Exception <a 'java/io/FileNotFoundException'{0x0000000730026578}> (0x0000000730026578) 
thrown [s\src\hotspot\share\prims\jni.cpp, line 520]
Event: 70.239 Thread 0x000001e6fe5e3fe0 Exception <a 'java/io/FileNotFoundException'{0x0000000730027380}> (0x0000000730027380) 
thrown [s\src\hotspot\share\prims\jni.cpp, line 520]
Event: 70.239 Thread 0x000001e6fe5e3fe0 Exception <a 'java/io/FileNotFoundException'{0x0000000730028198}> (0x0000000730028198) 
thrown [s\src\hotspot\share\prims\jni.cpp, line 520]
Event: 70.239 Thread 0x000001e6fe5e3fe0 Exception <a 'java/io/FileNotFoundException'{0x0000000730029058}> (0x0000000730029058) 
thrown [s\src\hotspot\share\prims\jni.cpp, line 520]
Event: 70.239 Thread 0x000001e6fe5e3fe0 Exception <a 'java/io/FileNotFoundException'{0x000000073002a038}> (0x000000073002a038) 
thrown [s\src\hotspot\share\prims\jni.cpp, line 520]
Event: 70.239 Thread 0x000001e6fe5e3fe0 Exception <a 'java/io/FileNotFoundException'{0x000000073002afd8}> (0x000000073002afd8) 
thrown [s\src\hotspot\share\prims\jni.cpp, line 520]
Event: 70.333 Thread 0x000001e6fe288550 Implicit null exception at 0x000001e6a9588b6a to 0x000001e6a9588bf8
Event: 70.333 Thread 0x000001e6fe288550 Implicit null exception at 0x000001e6a959f83a to 0x000001e6a959f8cc
Event: 70.511 Thread 0x000001e6fe288550 Implicit null exception at 0x000001e6a959ad9d to 0x000001e6a959d50c
Event: 71.094 Thread 0x000001e6fe288550 Implicit null exception at 0x000001e6a95edce6 to 0x000001e6a95ef7e4
Event: 71.389 Thread 0x000001e6fe5e3fe0 Exception <a 'java/lang/NoSuchMethodError'{0x000000072c4f0708}: 'void java.lang.invoke.DirectMethodHandle$Holder.invokeStaticInit(java.lang.Object, java.lang.Object, java.lang.Object)'> (0x000000072c4f0708) 
thrown [s\src\hotspot\share\interpreter\linkResolver.cpp, line 773]
Event: 74.210 Thread 0x000001e6fe5e3fe0 Exception <a 'java/lang/NoSuchMethodError'{0x0000000748d77490}: 'java.lang.Object java.lang.invoke.DirectMethodHandle$Holder.newInvokeSpecial(java.lang.Object, java.lang.Object, java.lang.Object, double, double, double, double, int, int, int, int, int, int, int, int, int)'> (0x0000000748d77490) 
thrown [s\src\hotspot\share\interpreter\linkResolver.cpp, line 773]
Event: 78.221 Thread 0x000001e6fe288550 Implicit null exception at 0x000001e6a93c51cd to 0x000001e6a93c6e27

ZGC Phase Switch (0 events):
No events

VM Operations (20 events):
Event: 75.184 Executing safepoint VM operation: G1PauseRemark done
Event: 75.208 Executing safepoint VM operation: G1PauseCleanup
Event: 75.211 Executing safepoint VM operation: G1PauseCleanup done
Event: 75.411 Executing safepoint VM operation: G1CollectForAllocation (G1 Evacuation Pause)
Event: 75.412 Executing safepoint VM operation: G1CollectForAllocation (G1 Evacuation Pause) done
Event: 75.475 Executing safepoint VM operation: G1CollectForAllocation (GCLocker Initiated GC)
Event: 75.492 Executing safepoint VM operation: G1CollectForAllocation (GCLocker Initiated GC) done
Event: 75.964 Executing safepoint VM operation: G1CollectForAllocation (G1 Evacuation Pause)
Event: 76.024 Executing safepoint VM operation: G1CollectForAllocation (G1 Evacuation Pause) done
Event: 76.962 Executing safepoint VM operation: G1CollectForAllocation (G1 Evacuation Pause)
Event: 76.994 Executing safepoint VM operation: G1CollectForAllocation (G1 Evacuation Pause) done
Event: 77.517 Executing safepoint VM operation: G1CollectForAllocation (G1 Evacuation Pause)
Event: 77.518 Executing safepoint VM operation: G1CollectForAllocation (G1 Evacuation Pause) done
Event: 77.518 Executing safepoint VM operation: G1CollectForAllocation (GCLocker Initiated GC)
Event: 77.547 Executing safepoint VM operation: G1CollectForAllocation (GCLocker Initiated GC) done
Event: 77.874 Executing safepoint VM operation: G1CollectForAllocation (G1 Evacuation Pause)
Event: 77.903 Executing safepoint VM operation: G1CollectForAllocation (G1 Evacuation Pause) done
Event: 78.079 Executing safepoint VM operation: G1CollectForAllocation (G1 Evacuation Pause)
Event: 78.094 Executing safepoint VM operation: G1CollectForAllocation (G1 Evacuation Pause) done
Event: 78.222 Executing safepoint VM operation: G1CollectForAllocation (G1 Evacuation Pause)

Memory protections (0 events):
No events

Nmethod flushes (20 events):
Event: 75.178 Thread 0x000001e6b86ab750 flushing  nmethod 0x000001e6a21dc590
Event: 75.178 Thread 0x000001e6b86ab750 flushing  nmethod 0x000001e6a93b0290
Event: 75.178 Thread 0x000001e6b86ab750 flushing  nmethod 0x000001e6a227c590
Event: 75.178 Thread 0x000001e6b86ab750 flushing  nmethod 0x000001e6a227f410
Event: 75.178 Thread 0x000001e6b86ab750 flushing  nmethod 0x000001e6a2281810
Event: 75.178 Thread 0x000001e6b86ab750 flushing  nmethod 0x000001e6a2487310
Event: 75.178 Thread 0x000001e6b86ab750 flushing  nmethod 0x000001e6a25f3310
Event: 75.178 Thread 0x000001e6b86ab750 flushing  nmethod 0x000001e6a950d390
Event: 75.178 Thread 0x000001e6b86ab750 flushing  nmethod 0x000001e6a1960290
Event: 75.178 Thread 0x000001e6b86ab750 flushing  nmethod 0x000001e6a19e4490
Event: 75.178 Thread 0x000001e6b86ab750 flushing  nmethod 0x000001e6a1ab5a90
Event: 75.178 Thread 0x000001e6b86ab750 flushing  nmethod 0x000001e6a2074190
Event: 75.178 Thread 0x000001e6b86ab750 flushing  nmethod 0x000001e6a21f6f10
Event: 75.178 Thread 0x000001e6b86ab750 flushing  nmethod 0x000001e6a21fcc10
Event: 75.178 Thread 0x000001e6b86ab750 flushing  nmethod 0x000001e6a24a8110
Event: 75.178 Thread 0x000001e6b86ab750 flushing  nmethod 0x000001e6a24b0390
Event: 75.178 Thread 0x000001e6b86ab750 flushing  nmethod 0x000001e6a1925b90
Event: 75.178 Thread 0x000001e6b86ab750 flushing  nmethod 0x000001e6a208a490
Event: 75.178 Thread 0x000001e6b86ab750 flushing  nmethod 0x000001e6a2313390
Event: 75.178 Thread 0x000001e6b86ab750 flushing  nmethod 0x000001e6a240fa10

Events (20 events):
Event: 77.907 Thread 0x000001e6fe5e3fe0 Thread added: 0x000001e69171dbf0
Event: 77.910 Thread 0x000001e69171d560 Thread added: 0x000001e69171d560
Event: 77.911 Thread 0x000001e69171c840 Thread added: 0x000001e69171c840
Event: 77.913 Thread 0x000001e69171ced0 Thread added: 0x000001e69171ced0
Event: 78.052 Thread 0x000001e6865a30f0 Thread added: 0x000001e6865a30f0
Event: 78.055 Thread 0x000001e6865a1020 Thread added: 0x000001e6865a1020
Event: 78.058 Thread 0x000001e6865a3780 Thread added: 0x000001e6865a3780
Event: 78.059 Thread 0x000001e6865a3e10 Thread added: 0x000001e6865a3e10
Event: 78.061 Thread 0x000001e6865a0990 Thread added: 0x000001e6865a0990
Event: 78.078 Thread 0x000001e6865a44a0 Thread added: 0x000001e6865a44a0
Event: 78.143 Thread 0x000001e690b3be40 Thread exited: 0x000001e690b3be40
Event: 78.153 Thread 0x000001e696bed190 Thread exited: 0x000001e696bed190
Event: 78.171 Thread 0x000001e690b3c4d0 Thread exited: 0x000001e690b3c4d0
Event: 78.172 Thread 0x000001e696beb0c0 Thread exited: 0x000001e696beb0c0
Event: 78.180 Thread 0x000001e6865a4b30 Thread added: 0x000001e6865a4b30
Event: 78.184 Thread 0x000001e690b3b7b0 Thread exited: 0x000001e690b3b7b0
Event: 78.196 Thread 0x000001e6865a16b0 Thread added: 0x000001e6865a16b0
Event: 78.202 Thread 0x000001e696bf0ca0 Thread exited: 0x000001e696bf0ca0
Event: 78.213 Thread 0x000001e6865a2a60 Thread added: 0x000001e6865a2a60
Event: 78.217 Thread 0x000001e6865a51c0 Thread added: 0x000001e6865a51c0


Dynamic libraries:
0x00007ff764b30000 - 0x00007ff764b3e000 	C:\Program Files\Eclipse Adoptium\jdk-21.0.11.10-hotspot\bin\java.exe
0x00007ffa10a40000 - 0x00007ffa10ca7000 	C:\WINDOWS\SYSTEM32\ntdll.dll
0x00007ffa0f2b0000 - 0x00007ffa0f379000 	C:\WINDOWS\System32\KERNEL32.DLL
0x00007ffa0e260000 - 0x00007ffa0e654000 	C:\WINDOWS\System32\KERNELBASE.dll
0x00007ffa0d640000 - 0x00007ffa0d78b000 	C:\WINDOWS\System32\ucrtbase.dll
0x00007ff9f25a0000 - 0x00007ff9f25be000 	C:\Program Files\Eclipse Adoptium\jdk-21.0.11.10-hotspot\bin\VCRUNTIME140.dll
0x00007ff9f25c0000 - 0x00007ff9f25d8000 	C:\Program Files\Eclipse Adoptium\jdk-21.0.11.10-hotspot\bin\jli.dll
0x00007ffa0ed90000 - 0x00007ffa0ef55000 	C:\WINDOWS\System32\USER32.dll
0x00007ff9fca00000 - 0x00007ff9fcc93000 	C:\WINDOWS\WinSxS\amd64_microsoft.windows.common-controls_6595b64144ccf1df_6.0.26100.8115_none_3e075c82e3354f9c\COMCTL32.dll
0x00007ffa0e0b0000 - 0x00007ffa0e0d7000 	C:\WINDOWS\System32\win32u.dll
0x00007ffa0fa60000 - 0x00007ffa0fb09000 	C:\WINDOWS\System32\msvcrt.dll
0x00007ffa109d0000 - 0x00007ffa109fb000 	C:\WINDOWS\System32\GDI32.dll
0x00007ffa0d310000 - 0x00007ffa0d43b000 	C:\WINDOWS\System32\gdi32full.dll
0x00007ffa0e660000 - 0x00007ffa0e703000 	C:\WINDOWS\System32\msvcp_win.dll
0x00007ffa0e8f0000 - 0x00007ffa0e922000 	C:\WINDOWS\System32\IMM32.DLL
0x00007ff9f7bc0000 - 0x00007ff9f7bcc000 	C:\Program Files\Eclipse Adoptium\jdk-21.0.11.10-hotspot\bin\vcruntime140_1.dll
0x00007ff94f7d0000 - 0x00007ff94f85d000 	C:\Program Files\Eclipse Adoptium\jdk-21.0.11.10-hotspot\bin\msvcp140.dll
0x00007ff8e67e0000 - 0x00007ff8e7582000 	C:\Program Files\Eclipse Adoptium\jdk-21.0.11.10-hotspot\bin\server\jvm.dll
0x00007ffa0fba0000 - 0x00007ffa0fc56000 	C:\WINDOWS\System32\ADVAPI32.dll
0x00007ffa0f0b0000 - 0x00007ffa0f157000 	C:\WINDOWS\System32\sechost.dll
0x00007ffa0ec60000 - 0x00007ffa0ed78000 	C:\WINDOWS\System32\RPCRT4.dll
0x00007ffa0e7d0000 - 0x00007ffa0e850000 	C:\WINDOWS\System32\WS2_32.dll
0x00007ffa0d190000 - 0x00007ffa0d1ee000 	C:\WINDOWS\SYSTEM32\POWRPROF.dll
0x00007ffa06640000 - 0x00007ffa06676000 	C:\WINDOWS\SYSTEM32\WINMM.dll
0x00007ffa07210000 - 0x00007ffa0721b000 	C:\WINDOWS\SYSTEM32\VERSION.dll
0x00007ffa0d170000 - 0x00007ffa0d184000 	C:\WINDOWS\SYSTEM32\UMPDC.dll
0x00007ffa0c070000 - 0x00007ffa0c08b000 	C:\WINDOWS\SYSTEM32\kernel.appcore.dll
0x00007ff9f2590000 - 0x00007ff9f259a000 	C:\Program Files\Eclipse Adoptium\jdk-21.0.11.10-hotspot\bin\jimage.dll
0x00007ffa0b2f0000 - 0x00007ffa0b532000 	C:\WINDOWS\SYSTEM32\DBGHELP.DLL
0x00007ffa0f3b0000 - 0x00007ffa0f732000 	C:\WINDOWS\System32\combase.dll
0x00007ffa0eb80000 - 0x00007ffa0ec58000 	C:\WINDOWS\System32\OLEAUT32.dll
0x00007ff9f3c20000 - 0x00007ff9f3c5b000 	C:\WINDOWS\SYSTEM32\dbgcore.DLL
0x00007ffa0e000000 - 0x00007ffa0e0a5000 	C:\WINDOWS\System32\bcryptPrimitives.dll
0x00007ff98ef70000 - 0x00007ff98ef90000 	C:\Program Files\Eclipse Adoptium\jdk-21.0.11.10-hotspot\bin\java.dll
0x00007ffa10100000 - 0x00007ffa10867000 	C:\WINDOWS\System32\SHELL32.dll
0x00007ffa0d4d0000 - 0x00007ffa0d63a000 	C:\WINDOWS\System32\wintypes.dll
0x00007ffa0d790000 - 0x00007ffa0dff8000 	C:\WINDOWS\System32\windows.storage.dll
0x00007ffa0f160000 - 0x00007ffa0f258000 	C:\WINDOWS\System32\SHCORE.dll
0x00007ffa0e860000 - 0x00007ffa0e8c6000 	C:\WINDOWS\System32\shlwapi.dll
0x00007ffa0d230000 - 0x00007ffa0d259000 	C:\WINDOWS\SYSTEM32\profapi.dll
0x00007ff91b7a0000 - 0x00007ff91b877000 	C:\Program Files\Eclipse Adoptium\jdk-21.0.11.10-hotspot\bin\jsvml.dll
0x00007ff9f2580000 - 0x00007ff9f2590000 	C:\Program Files\Eclipse Adoptium\jdk-21.0.11.10-hotspot\bin\net.dll
0x00007ffa062d0000 - 0x00007ffa063fd000 	C:\WINDOWS\SYSTEM32\WINHTTP.dll
0x00007ffa0c680000 - 0x00007ffa0c6ec000 	C:\WINDOWS\system32\mswsock.dll
0x00007ff98ef50000 - 0x00007ff98ef66000 	C:\Program Files\Eclipse Adoptium\jdk-21.0.11.10-hotspot\bin\nio.dll
0x00007ff98d3e0000 - 0x00007ff98d3f8000 	C:\Program Files\Eclipse Adoptium\jdk-21.0.11.10-hotspot\bin\zip.dll
0x000001e697c30000 - 0x000001e697c33000 	C:\Users\LENOVO\.openjfx\cache\17.0.2-ea\api-ms-win-core-console-l1-1-0.dll
0x000001e6b8b10000 - 0x000001e6b8b13000 	C:\Users\LENOVO\.openjfx\cache\17.0.2-ea\api-ms-win-core-console-l1-2-0.dll
0x000001e6b8b20000 - 0x000001e6b8b23000 	C:\Users\LENOVO\.openjfx\cache\17.0.2-ea\api-ms-win-core-datetime-l1-1-0.dll
0x000001e6b8b30000 - 0x000001e6b8b33000 	C:\Users\LENOVO\.openjfx\cache\17.0.2-ea\api-ms-win-core-debug-l1-1-0.dll
0x000001e6b8b40000 - 0x000001e6b8b43000 	C:\Users\LENOVO\.openjfx\cache\17.0.2-ea\api-ms-win-core-errorhandling-l1-1-0.dll
0x000001e6b8b50000 - 0x000001e6b8b54000 	C:\Users\LENOVO\.openjfx\cache\17.0.2-ea\api-ms-win-core-file-l1-1-0.dll
0x000001e6b8b60000 - 0x000001e6b8b63000 	C:\Users\LENOVO\.openjfx\cache\17.0.2-ea\api-ms-win-core-file-l1-2-0.dll
0x000001e6b8b70000 - 0x000001e6b8b73000 	C:\Users\LENOVO\.openjfx\cache\17.0.2-ea\api-ms-win-core-file-l2-1-0.dll
0x000001e6b8b80000 - 0x000001e6b8b83000 	C:\Users\LENOVO\.openjfx\cache\17.0.2-ea\api-ms-win-core-handle-l1-1-0.dll
0x000001e6b8b90000 - 0x000001e6b8b93000 	C:\Users\LENOVO\.openjfx\cache\17.0.2-ea\api-ms-win-core-heap-l1-1-0.dll
0x000001e6b8ba0000 - 0x000001e6b8ba3000 	C:\Users\LENOVO\.openjfx\cache\17.0.2-ea\api-ms-win-core-interlocked-l1-1-0.dll
0x000001e6b8bb0000 - 0x000001e6b8bb3000 	C:\Users\LENOVO\.openjfx\cache\17.0.2-ea\api-ms-win-core-libraryloader-l1-1-0.dll
0x000001e6b8bc0000 - 0x000001e6b8bc3000 	C:\Users\LENOVO\.openjfx\cache\17.0.2-ea\api-ms-win-core-localization-l1-2-0.dll
0x000001e6b8bd0000 - 0x000001e6b8bd3000 	C:\Users\LENOVO\.openjfx\cache\17.0.2-ea\api-ms-win-core-memory-l1-1-0.dll
0x000001e6b8be0000 - 0x000001e6b8be3000 	C:\Users\LENOVO\.openjfx\cache\17.0.2-ea\api-ms-win-core-namedpipe-l1-1-0.dll
0x000001e6b8bf0000 - 0x000001e6b8bf3000 	C:\Users\LENOVO\.openjfx\cache\17.0.2-ea\api-ms-win-core-processenvironment-l1-1-0.dll
0x000001e6b8c00000 - 0x000001e6b8c03000 	C:\Users\LENOVO\.openjfx\cache\17.0.2-ea\api-ms-win-core-processthreads-l1-1-0.dll
0x000001e6b8c10000 - 0x000001e6b8c13000 	C:\Users\LENOVO\.openjfx\cache\17.0.2-ea\api-ms-win-core-processthreads-l1-1-1.dll
0x000001e6b8c20000 - 0x000001e6b8c23000 	C:\Users\LENOVO\.openjfx\cache\17.0.2-ea\api-ms-win-core-profile-l1-1-0.dll
0x000001e6b8c30000 - 0x000001e6b8c33000 	C:\Users\LENOVO\.openjfx\cache\17.0.2-ea\api-ms-win-core-rtlsupport-l1-1-0.dll
0x000001e6b8c40000 - 0x000001e6b8c43000 	C:\Users\LENOVO\.openjfx\cache\17.0.2-ea\api-ms-win-core-string-l1-1-0.dll
0x000001e6b8c50000 - 0x000001e6b8c53000 	C:\Users\LENOVO\.openjfx\cache\17.0.2-ea\api-ms-win-core-synch-l1-1-0.dll
0x000001e6b8c60000 - 0x000001e6b8c63000 	C:\Users\LENOVO\.openjfx\cache\17.0.2-ea\api-ms-win-core-synch-l1-2-0.dll
0x000001e6b8c70000 - 0x000001e6b8c73000 	C:\Users\LENOVO\.openjfx\cache\17.0.2-ea\api-ms-win-core-sysinfo-l1-1-0.dll
0x000001e6b8c80000 - 0x000001e6b8c83000 	C:\Users\LENOVO\.openjfx\cache\17.0.2-ea\api-ms-win-core-timezone-l1-1-0.dll
0x000001e6b8c90000 - 0x000001e6b8c93000 	C:\Users\LENOVO\.openjfx\cache\17.0.2-ea\api-ms-win-core-util-l1-1-0.dll
0x000001e6b8ca0000 - 0x000001e6b8ca3000 	C:\Users\LENOVO\.openjfx\cache\17.0.2-ea\api-ms-win-crt-conio-l1-1-0.dll
0x000001e6b8cb0000 - 0x000001e6b8cb4000 	C:\Users\LENOVO\.openjfx\cache\17.0.2-ea\api-ms-win-crt-convert-l1-1-0.dll
0x000001e6b8cc0000 - 0x000001e6b8cc3000 	C:\Users\LENOVO\.openjfx\cache\17.0.2-ea\api-ms-win-crt-environment-l1-1-0.dll
0x000001e6b8cd0000 - 0x000001e6b8cd3000 	C:\Users\LENOVO\.openjfx\cache\17.0.2-ea\api-ms-win-crt-filesystem-l1-1-0.dll
0x000001e6b8ce0000 - 0x000001e6b8ce3000 	C:\Users\LENOVO\.openjfx\cache\17.0.2-ea\api-ms-win-crt-heap-l1-1-0.dll
0x000001e6b8cf0000 - 0x000001e6b8cf3000 	C:\Users\LENOVO\.openjfx\cache\17.0.2-ea\api-ms-win-crt-locale-l1-1-0.dll
0x000001e6b8d00000 - 0x000001e6b8d05000 	C:\Users\LENOVO\.openjfx\cache\17.0.2-ea\api-ms-win-crt-math-l1-1-0.dll
0x000001e6b8d10000 - 0x000001e6b8d15000 	C:\Users\LENOVO\.openjfx\cache\17.0.2-ea\api-ms-win-crt-multibyte-l1-1-0.dll
0x000001e6b8d20000 - 0x000001e6b8d30000 	C:\Users\LENOVO\.openjfx\cache\17.0.2-ea\api-ms-win-crt-private-l1-1-0.dll
0x000001e6b8d30000 - 0x000001e6b8d33000 	C:\Users\LENOVO\.openjfx\cache\17.0.2-ea\api-ms-win-crt-process-l1-1-0.dll
0x000001e6b8d40000 - 0x000001e6b8d44000 	C:\Users\LENOVO\.openjfx\cache\17.0.2-ea\api-ms-win-crt-runtime-l1-1-0.dll
0x000001e6b8d50000 - 0x000001e6b8d54000 	C:\Users\LENOVO\.openjfx\cache\17.0.2-ea\api-ms-win-crt-stdio-l1-1-0.dll
0x000001e6b8d60000 - 0x000001e6b8d64000 	C:\Users\LENOVO\.openjfx\cache\17.0.2-ea\api-ms-win-crt-string-l1-1-0.dll
0x000001e6b8d70000 - 0x000001e6b8d73000 	C:\Users\LENOVO\.openjfx\cache\17.0.2-ea\api-ms-win-crt-time-l1-1-0.dll
0x000001e6b8d80000 - 0x000001e6b8d83000 	C:\Users\LENOVO\.openjfx\cache\17.0.2-ea\api-ms-win-crt-utility-l1-1-0.dll
0x00007ff9054e0000 - 0x00007ff9055dc000 	C:\Users\LENOVO\.openjfx\cache\17.0.2-ea\ucrtbase.dll
0x00007ff9e3ec0000 - 0x00007ff9e3eda000 	C:\Users\LENOVO\.openjfx\cache\17.0.2-ea\vcruntime140.dll
0x00007ff9e3eb0000 - 0x00007ff9e3ebc000 	C:\Users\LENOVO\.openjfx\cache\17.0.2-ea\vcruntime140_1.dll
0x00007ff91b6d0000 - 0x00007ff91b75d000 	C:\Users\LENOVO\.openjfx\cache\17.0.2-ea\msvcp140.dll
0x00007ff9e3e80000 - 0x00007ff9e3eaa000 	C:\Users\LENOVO\.openjfx\cache\17.0.2-ea\prism_d3d.dll
0x00007ff9b7f70000 - 0x00007ff9b8122000 	C:\WINDOWS\system32\d3d9.dll
0x00007ffa0acc0000 - 0x00007ffa0acef000 	C:\WINDOWS\SYSTEM32\dwmapi.dll
0x00007ffa0ab00000 - 0x00007ffa0ab43000 	C:\WINDOWS\SYSTEM32\dxcore.dll
0x00007ffa0aa00000 - 0x00007ffa0aaa9000 	C:\WINDOWS\system32\uxtheme.dll
0x00007ffa06110000 - 0x00007ffa062cb000 	C:\WINDOWS\System32\DriverStore\FileRepository\u0417253.inf_amd64_a9b363c4f94f001d\B417132\aticfx64.dll
0x00007ff9459c0000 - 0x00007ff9459f4000 	C:\WINDOWS\System32\DriverStore\FileRepository\u0417253.inf_amd64_a9b363c4f94f001d\B417132\atiu9p64.dll
0x00007ff8e4170000 - 0x00007ff8e4eb7000 	C:\WINDOWS\System32\DriverStore\FileRepository\u0417253.inf_amd64_a9b363c4f94f001d\B417132\atiumd64.dll
0x00007ffa0f8c0000 - 0x00007ffa0fa57000 	C:\WINDOWS\System32\ole32.dll
0x0000000055b00000 - 0x0000000056a13000 	C:\WINDOWS\System32\DriverStore\FileRepository\u0417253.inf_amd64_a9b363c4f94f001d\B417132\atiumd6a.dll
0x00007ffa0fc60000 - 0x00007ffa100e7000 	C:\WINDOWS\System32\SETUPAPI.dll
0x00007ffa03cf0000 - 0x00007ffa03d25000 	C:\WINDOWS\SYSTEM32\amdihk64.dll
0x00007ffa079d0000 - 0x00007ffa07a31000 	C:\WINDOWS\SYSTEM32\directxdatabasehelper.dll
0x00007ffa0cec0000 - 0x00007ffa0cf11000 	C:\WINDOWS\SYSTEM32\cfgmgr32.dll
0x00007ff91b650000 - 0x00007ff91b692000 	C:\Users\LENOVO\.openjfx\cache\17.0.2-ea\glass.dll
0x00007ffa0f740000 - 0x00007ffa0f82f000 	C:\WINDOWS\System32\COMDLG32.dll
0x00007ff9e71a0000 - 0x00007ff9e72d3000 	C:\ProgramData\A-Volute\A-Volute.Nahimic\Modules\Scheduled\x64\AudioDevProps2.dll
0x00007ffa10870000 - 0x00007ffa109cc000 	C:\WINDOWS\System32\MSCTF.dll
0x00007ffa0bad0000 - 0x00007ffa0bc02000 	C:\WINDOWS\SYSTEM32\DNSAPI.dll
0x00007ffa0ba40000 - 0x00007ffa0ba72000 	C:\WINDOWS\SYSTEM32\IPHLPAPI.DLL
0x00007ffa0ed80000 - 0x00007ffa0ed8a000 	C:\WINDOWS\System32\NSI.dll
0x00007ffa06450000 - 0x00007ffa0645b000 	C:\Windows\System32\rasadhlp.dll
0x00007ffa03b00000 - 0x00007ffa03b86000 	C:\WINDOWS\System32\fwpuclnt.dll
0x00007ff996f70000 - 0x00007ff996f79000 	C:\Program Files\Eclipse Adoptium\jdk-21.0.11.10-hotspot\bin\extnet.dll
0x00007ffa0c960000 - 0x00007ffa0c97b000 	C:\WINDOWS\SYSTEM32\CRYPTSP.dll
0x00007ffa0bfd0000 - 0x00007ffa0c009000 	C:\WINDOWS\system32\rsaenh.dll
0x00007ffa0c730000 - 0x00007ffa0c763000 	C:\WINDOWS\SYSTEM32\USERENV.dll
0x00007ffa0d200000 - 0x00007ffa0d22a000 	C:\WINDOWS\SYSTEM32\bcrypt.dll
0x00007ffa0c980000 - 0x00007ffa0c98c000 	C:\WINDOWS\SYSTEM32\CRYPTBASE.dll
0x00007ff996f60000 - 0x00007ff996f6e000 	C:\Program Files\Eclipse Adoptium\jdk-21.0.11.10-hotspot\bin\sunmscapi.dll
0x00007ffa0e0e0000 - 0x00007ffa0e257000 	C:\WINDOWS\System32\CRYPT32.dll
0x00007ffa0cb80000 - 0x00007ffa0cbb0000 	C:\WINDOWS\SYSTEM32\ncrypt.dll
0x00007ffa0cb30000 - 0x00007ffa0cb6f000 	C:\WINDOWS\SYSTEM32\NTASN1.dll
0x00007ff9ef5e0000 - 0x00007ff9ef5e8000 	C:\WINDOWS\system32\wshunix.dll
0x00007ff98bc20000 - 0x00007ff98bc34000 	C:\Users\LENOVO\.openjfx\cache\17.0.2-ea\javafx_font.dll
0x00007ffa09190000 - 0x00007ffa093f7000 	C:\WINDOWS\SYSTEM32\dwrite.dll
0x00007ffa0eff0000 - 0x00007ffa0f09e000 	C:\WINDOWS\System32\clbcatq.dll

JVMTI agents: none

dbghelp: loaded successfully - version: 4.0.5 - missing functions: none
symbol engine: initialized successfully - sym options: 0x614 - pdb path: .;C:\Program Files\Eclipse Adoptium\jdk-21.0.11.10-hotspot\bin;C:\WINDOWS\SYSTEM32;C:\WINDOWS\WinSxS\amd64_microsoft.windows.common-controls_6595b64144ccf1df_6.0.26100.8115_none_3e075c82e3354f9c;C:\Program Files\Eclipse Adoptium\jdk-21.0.11.10-hotspot\bin\server;C:\Users\LENOVO\.openjfx\cache\17.0.2-ea;C:\WINDOWS\System32\DriverStore\FileRepository\u0417253.inf_amd64_a9b363c4f94f001d\B417132;C:\ProgramData\A-Volute\A-Volute.Nahimic\Modules\Scheduled\x64;C:\Program Files\Common Files\Microsoft Shared\Ink

VM Arguments:
jvm_args: --module-path=C:\Users\LENOVO\.m2\repository\org\openjfx\javafx-base\17.0.2\javafx-base-17.0.2-win.jar;C:\Users\LENOVO\.m2\repository\org\openjfx\javafx-base\17.0.2\javafx-base-17.0.2.jar;C:\Users\LENOVO\.m2\repository\org\openjfx\javafx-controls\17.0.2\javafx-controls-17.0.2-win.jar;C:\Users\LENOVO\.m2\repository\org\openjfx\javafx-controls\17.0.2\javafx-controls-17.0.2.jar;C:\Users\LENOVO\.m2\repository\org\openjfx\javafx-fxml\17.0.2\javafx-fxml-17.0.2-win.jar;C:\Users\LENOVO\.m2\repository\org\openjfx\javafx-graphics\17.0.2\javafx-graphics-17.0.2-win.jar;C:\Users\LENOVO\.m2\repository\org\openjfx\javafx-graphics\17.0.2\javafx-graphics-17.0.2.jar;C:\Users\LENOVO\.m2\repository\org\openjfx\javafx-media\17.0.2\javafx-media-17.0.2-win.jar;C:\Users\LENOVO\.m2\repository\org\openjfx\javafx-media\17.0.2\javafx-media-17.0.2.jar;C:\Users\LENOVO\.m2\repository\org\openjfx\javafx-swing\17.0.2\javafx-swing-17.0.2-win.jar;C:\Users\LENOVO\.m2\repository\org\openjfx\javafx-swing\17.0.2\javafx-swing-17.0.2.jar;C:\Users\LENOVO\.m2\repository\org\openjfx\javafx-web\17.0.2\javafx-web-17.0.2-win.jar;C:\Users\LENOVO\.m2\repository\org\openjfx\javafx-web\17.0.2\javafx-web-17.0.2.jar --add-modules=javafx.base,javafx.controls,javafx.fxml,javafx.graphics,javafx.media,javafx.swing,javafx.web 
java_command: com.wellcare.Main
java_class_path (initial): C:\Users\LENOVO\Desktop\projetjavafinal\finalprojetjava\target\classes;C:\Users\LENOVO\.m2\repository\antlr\antlr\2.7.7\antlr-2.7.7.jar;C:\Users\LENOVO\.m2\repository\at\favre\lib\bcrypt\0.10.2\bcrypt-0.10.2.jar;C:\Users\LENOVO\.m2\repository\at\favre\lib\bytes\1.5.0\bytes-1.5.0.jar;C:\Users\LENOVO\.m2\repository\com\fasterxml\classmate\1.5.1\classmate-1.5.1.jar;C:\Users\LENOVO\.m2\repository\com\fasterxml\jackson\core\jackson-annotations\2.14.2\jackson-annotations-2.14.2.jar;C:\Users\LENOVO\.m2\repository\com\fasterxml\jackson\core\jackson-core\2.14.2\jackson-core-2.14.2.jar;C:\Users\LENOVO\.m2\repository\com\fasterxml\jackson\core\jackson-databind\2.14.2\jackson-databind-2.14.2.jar;C:\Users\LENOVO\.m2\repository\com\github\ben-manes\caffeine\caffeine\2.9.3\caffeine-2.9.3.jar;C:\Users\LENOVO\.m2\repository\com\github\librepdf\openpdf\1.3.30\openpdf-1.3.30.jar;C:\Users\LENOVO\.m2\repository\com\github\waffle\waffle-jna\3.3.0\waffle-jna-3.3.0.jar;C:\Users\LENOVO\.m2\repository\com\google\code\findbugs\jsr305\3.0.2\jsr305-3.0.2.jar;C:\Users\LENOVO\.m2\repository\com\google\errorprone\error_prone_annotations\2.10.0\error_prone_annotations-2.10.0.jar;C:\Users\LENOVO\.m2\repository\com\google\protobuf\protobuf-java\3.21.9\protobuf-java-3.21.9.jar;C:\Users\LENOVO\.m2\repository\com\googlecode\json-simple\json-simple\1.1.1\json-simple-1.1.1.jar;C:\Users\LENOVO\.m2\repository\com\itextpdf\barcodes\7.2.5\barcodes-7.2.5.jar;C:\Users\LENOVO\.m2\repository\com\itextpdf\commons\7.2.5\commons-7.2.5.jar;C:\Users\LENOVO\.m2\repository\com\itextpdf\font-asian\7.2.5\font-asian-7.2.5.jar;C:\Users\LENOVO\.m2\repository\com\itextpdf\forms\7.2.5\forms-7.2.5.jar;C:\Users\LENOVO\.m2\repository\com\itextpdf\hyph\7.2.5\hyph-7.2.5.jar;C:\Users\LENOVO\.m2\repository\com\itextpdf\io\7.2.5\io-7.2.5.jar;C:\Users\LENOVO\.m2\repository\com\itextpdf\itextpdf\5.5.13.3\itextpdf-5.5.13.3.jar;C:\Users\LENOVO\.m2\repository\com\itextpdf\kernel\7.2.5\kernel-7.2.5.jar;C:\Users\LENOVO\.m2\repository\com\itextpdf\layout\7.2.5\layout-7.2.5.jar;C:\Users\LENOVO\.m2\repository\com\itextpdf\pdfa\7.2.5\pdfa-7.2.5.jar;C:\Users\LENOVO\.m2\repository\com\itextpdf\sign\7.2.5\sign-7.2.5.jar;C:\Users\LENOVO\.m2\repository\com\itextpdf\styled-xml-parser\7.2.5\styled-xml-parser-7.2.5.jar;C:\Users\LENOVO\.m2\repository\com\itextpdf\svg\7.2.5\svg-7.2.5.jar;C:\Users\LENOVO\.m2\repository\com\mysql\mysql-connector-j\8.0.33\mysql-connector-j-8.0.33.jar;C:\Users\LENOVO\.m2\repository\com\sothawo\mapjfx\3.1.0\mapjfx-3.1.0.jar;C:\Users\LENOVO\.m2\repository\com\squareup\okhttp3\okhttp\4.12.0\okhttp-4.12.0.jar;C:\Users\LENOVO\.m2\repository\com\squareup\okio\okio\3.6.0\okio-3.6.0.jar;C:\Users\LENOVO\.m2\repository\com\squareup\okio\okio-jvm\3.6.0\okio-jvm-3.6.0.jar;C:\Users\LENOVO\.m2\repository\com\sun\activation\jakarta.activation\2.0.1\jakarta.activation-2.0.1.jar;C:\Users\LENOVO\.m2\repository\com\sun\istack\istack-commons-runtime\3.0.7\istack-commons-runtime-3.0.7.jar;C:\Users\LENOVO\.m2\repository\com\sun\mail\jakarta.mail\2.0.1\jakarta.mail-2.0.1.jar;C:\Users\LENOVO\.m2\repository\com\sun\xml\fastinfoset\FastInfoset\1.2.15\FastInfoset-1.2.15.jar;C:\Users\LENOVO\.m2\repository\jakarta\servlet\jakarta.servlet-api\6.0.0\jakarta.servlet-api-6.0.0.jar;C:\Users\LENOVO\.m2\repository\javax\activation\javax.activation-api\1.2.0\javax.activation-api-1.2.0.jar;C:\Users\LENOVO\.m2\repository\javax\persistence\javax.persistence-api\2.2\javax.persistence-api-2.2.jar;C:\Users\LENOVO\.m2\repository\javax\xml\bind\jaxb-api\2.3.1\jaxb-api-2.3.1.jar;C:\Users\LENOVO\.m2\repository\junit\junit\4.10\junit-4.10.jar;C:\Users\LENOVO\.m2\repository\net\bytebuddy\byte-buddy\1.12.18\byte-buddy-1.12.18.jar;C:\Users\LENOVO\.m2\repository\net\java\dev\jna\jna\5.13.0\jna-5.13.0.jar;C:\Users\LENOVO\.m2\repository\net\java\dev\jna\jna-platform\5.13.0\jna-platform-5.13.0.jar;C:\Users\LENOVO\.m2\repository\org\bouncycastle\bcpkix-jdk15on\1.70\bcpkix-jdk15on-1.70.jar;C:\Users\LENOVO\.m2\repository\org\bouncycastle\bcprov-jdk15on\1.70\bcprov-jdk15on-1.70.jar;C:\Users\LENOVO\.m2\repository\org\bouncycastle\bcutil-jdk15on\1.70\bcutil-jdk15on-1.70.jar;C:\Users\LENOVO\.m2\repository\org\checkerframework\checker-qual\3.32.0\checker-qual-3.32.0.jar;C:\Users\LENOVO\.m2\repository\org\controlsfx\controlsfx\11.2.1\controlsfx-11.2.1.jar;C:\Users\LENOVO\.m2\repository\org\glassfish\jaxb\jaxb-runtime\2.3.1\jaxb-runtime-2.3.1.jar;C:\Users\LENOVO\.m2\repository\org\glassfish\jaxb\txw2\2.3.1\txw2-2.3.1.jar;C:\Users\LENOVO\.m2\repository\org\hamcrest\hamcrest-core\1.1\hamcrest-core-1.1.jar;C:\Users\LENOVO\.m2\repository\org\hibernate\hibernate-core\5.6.15.Final\hibernate-core-5.6.15.Final.jar;C:\Users\LENOVO\.m2\repository\org\hibernate\common\hibernate-commons-annotations\5.1.2.Final\hibernate-commons-annotations-5.1.2.Final.jar;C:\Users\LENOVO\.m2\repository\org\java-websocket\Java-WebSocket\1.5.3\Java-WebSocket-1.5.3.jar;C:\Users\LENOVO\.m2\repository\org\jboss\jandex\2.4.2.Final\jandex-2.4.2.Final.jar;C:\Users\LENOVO\.m2\repository\org\jboss\logging\jboss-logging\3.4.3.Final\jboss-logging-3.4.3.Final.jar;C:\Users\LENOVO\.m2\repository\org\jboss\spec\javax\transaction\jboss-transaction-api_1.2_spec\1.1.1.Final\jboss-transaction-api_1.2_spec-1.1.1.Final.jar;C:\Users\LENOVO\.m2\repository\org\jetbrains\annotations\13.0\annotations-13.0.jar;C:\Users\LENOVO\.m2\repository\org\jetbrains\kotlin\kotlin-stdlib\1.8.21\kotlin-stdlib-1.8.21.jar;C:\Users\LENOVO\.m2\repository\org\jetbrains\kotlin\kotlin-stdlib-common\1.9.10\kotlin-stdlib-common-1.9.10.jar;C:\Users\LENOVO\.m2\repository\org\jetbrains\kotlin\kotlin-stdlib-jdk7\1.8.21\kotlin-stdlib-jdk7-1.8.21.jar;C:\Users\LENOVO\.m2\repository\org\jetbrains\kotlin\kotlin-stdlib-jdk8\1.8.21\kotlin-stdlib-jdk8-1.8.21.jar;C:\Users\LENOVO\.m2\repository\org\json\json\20231013\json-20231013.jar;C:\Users\LENOVO\.m2\repository\org\jvnet\staxex\stax-ex\1.8\stax-ex-1.8.jar;C:\Users\LENOVO\.m2\repository\org\mariadb\jdbc\mariadb-java-client\3.3.3\mariadb-java-client-3.3.3.jar;C:\Users\LENOVO\.m2\repository\org\slf4j\jcl-over-slf4j\2.0.7\jcl-over-slf4j-2.0.7.jar;C:\Users\LENOVO\.m2\repository\org\slf4j\slf4j-api\1.7.31\slf4j-api-1.7.31.jar;C:\Users\LENOVO\.m2\repository\org\slf4j\slf4j-simple\1.7.36\slf4j-simple-1.7.36.jar
Launcher Type: SUN_STANDARD

[Global flags]
     intx CICompilerCount                          = 4                                         {product} {ergonomic}
     uint ConcGCThreads                            = 3                                         {product} {ergonomic}
     uint G1ConcRefinementThreads                  = 10                                        {product} {ergonomic}
   size_t G1HeapRegionSize                         = 2097152                                   {product} {ergonomic}
    uintx GCDrainStackTargetSize                   = 64                                        {product} {ergonomic}
   size_t InitialHeapSize                          = 232783872                                 {product} {ergonomic}
   size_t MarkStackSize                            = 4194304                                   {product} {ergonomic}
   size_t MaxHeapSize                              = 3720347648                                {product} {ergonomic}
   size_t MaxNewSize                               = 2231369728                                {product} {ergonomic}
   size_t MinHeapDeltaBytes                        = 2097152                                   {product} {ergonomic}
   size_t MinHeapSize                              = 8388608                                   {product} {ergonomic}
    uintx NonNMethodCodeHeapSize                   = 5839372                                {pd product} {ergonomic}
    uintx NonProfiledCodeHeapSize                  = 122909434                              {pd product} {ergonomic}
    uintx ProfiledCodeHeapSize                     = 122909434                              {pd product} {ergonomic}
    uintx ReservedCodeCacheSize                    = 251658240                              {pd product} {ergonomic}
     bool SegmentedCodeCache                       = true                                      {product} {ergonomic}
   size_t SoftMaxHeapSize                          = 3720347648                             {manageable} {ergonomic}
     bool UseCompressedOops                        = true                           {product lp64_product} {ergonomic}
     bool UseG1GC                                  = true                                      {product} {ergonomic}
     bool UseLargePagesIndividualAllocation        = false                                  {pd product} {ergonomic}

Logging:
Log output configuration:
 #0: stdout all=warning uptime,level,tags foldmultilines=false
 #1: stderr all=off uptime,level,tags foldmultilines=false

Release file:
IMPLEMENTOR="Eclipse Adoptium" 
IMPLEMENTOR_VERSION="Temurin-21.0.11+10" 
JAVA_RUNTIME_VERSION="21.0.11+10-LTS" 
JAVA_VERSION="21.0.11" 
JAVA_VERSION_DATE="2026-04-21" 
LIBC="default" 
MODULES="java.base java.compiler java.datatransfer java.xml java.prefs java.desktop java.instrument java.logging java.management java.security.sasl java.naming java.rmi java.management.rmi java.net.http java.scripting java.security.jgss java.transaction.xa java.sql java.sql.rowset java.xml.crypto java.se java.smartcardio jdk.accessibility jdk.internal.jvmstat jdk.attach jdk.charsets jdk.internal.opt jdk.zipfs jdk.compiler jdk.crypto.ec jdk.crypto.cryptoki jdk.crypto.mscapi jdk.dynalink jdk.internal.ed jdk.editpad jdk.hotspot.agent jdk.httpserver jdk.incubator.vector jdk.internal.le jdk.internal.vm.ci jdk.internal.vm.compiler jdk.internal.vm.compiler.management jdk.jartool jdk.javadoc jdk.jcmd jdk.management jdk.management.agent jdk.jconsole jdk.jdeps jdk.jdwp.agent jdk.jdi jdk.jfr jdk.jlink jdk.jpackage jdk.jshell jdk.jsobject jdk.jstatd jdk.localedata jdk.management.jfr jdk.naming.dns jdk.naming.rmi jdk.net jdk.nio.mapmode jdk.random jdk.sctp jdk.security.auth jdk.security.jgss jdk.unsupported jdk.unsupported.desktop jdk.xml.dom" 
OS_ARCH="x86_64" 
OS_NAME="Windows" 
SOURCE=".:git:254494ad7d75" 
BUILD_SOURCE="git:a612825ee82a20ac872d60958c349854c1f29a8e"
BUILD_SOURCE_REPO="https://github.com/adoptium/temurin-build.git"
SOURCE_REPO="https://github.com/adoptium/jdk21u.git"
FULL_VERSION="21.0.11+10-LTS"
SEMANTIC_VERSION="21.0.11+10"
BUILD_INFO="OS: Windows Server 2022 Version: 10.0"
JVM_VARIANT="Hotspot"
JVM_VERSION="21.0.11+10-LTS"
IMAGE_TYPE="JDK"

Environment Variables:
JAVA_HOME=C:\Program Files\Eclipse Adoptium\jdk-21.0.11.10-hotspot
PATH=C:\oraclexe\app\oracle\product\11.2.0\server\bin;;C:\Program Files (x86)\VMware\VMware Workstation\bin\;C:\Program Files\Common Files\Oracle\Java\javapath;C:\ProgramData\Oracle\Java\javapath;C:\Windows\system32;C:\Windows;C:\Windows\System32\Wbem;C:\Windows\System32\WindowsPowerShell\v1.0\;C:\Windows\System32\OpenSSH\;C:\Program Files (x86)\NVIDIA Corporation\PhysX\Common;C:\Program Files\NVIDIA Corporation\NVIDIA NvDLISR;C:\Program Files (x86)\dotnet\;C:\WINDOWS\system32;C:\WINDOWS;C:\WINDOWS\System32\Wbem;C:\WINDOWS\System32\WindowsPowerShell\v1.0\;C:\WINDOWS\System32\OpenSSH\;C:\php-8.3.2-;C:\Program Files\Git\cmd;C:\Program Files\nodejs\;C:\sqlite;C:\Program Files (x86)\Git\cmd;C:\Users\LENOVO\AppData\Local\Android\Sdk\platform-tools;C:\Users\LENOVO\AppData\Local\Android\Sdk\emulator;C:\Users\LENOVO\AppData\Local\Android\Sdk\tools;C:\Users\LENOVO\AppData\Local\Android\Sdk\tools\bin;C:\ProgramData\ComposerSetup\bin;C:\Program Files (x86)\Microsoft SQL Server\150\Tools\Binn\;C:\Program Files\Microsoft SQL Server\150\Tools\Binn\;C:\Program Files (x86)\Microsoft SQL Server\150\DTS\Binn\;C:\Program Files\Microsoft SQL Server\150\DTS\Binn\;C:\Program Files\Microsoft SQL Server\Client SDK\ODBC\170\Tools\Binn\;C:\Program Files (x86)\Microsoft SQL Server\160\DTS\Binn\;C:\Program Files\Docker\Docker\resources\bin;C:\Users\LENOVO\scoop\shims;C:\Users\LENOVO\AppData\Local\Programs\Python\Python312\Scripts\;C:\Users\LENOVO\AppData\Local\Programs\Python\Python312\;C:\Users\LENOVO\AppData\Local\Programs\Python\Launcher\;C:\Users\LENOVO\AppData\Local\Microsoft\WindowsApps;C:\Users\LENOVO\AppData\Local\Programs\Microsoft VS Code\bin;C:\Users\LENOVO\AppData\Roaming\npm;C:\Users\LENOVO\AppData\Roaming\Composer\vendor\bin;C:\Users\LENOVO\AppData\Local\Google\Cloud SDK\google-cloud-sdk\bin;C:\xampp\php;C:\Users\LENOVO\AppData\Local\Programs\cursor\resources\app\bin;
USERNAME=LENOVO
OS=Windows_NT
PROCESSOR_IDENTIFIER=AMD64 Family 25 Model 80 Stepping 0, AuthenticAMD
TMP=C:\Users\LENOVO\AppData\Local\Temp
TEMP=C:\Users\LENOVO\AppData\Local\Temp




Periodic native trim disabled

---------------  S Y S T E M  ---------------

OS:
 Windows 11 , 64 bit Build 26100 (10.0.26100.8246)
OS uptime: 1 days 7:01 hours
Hyper-V role detected

CPU: total 12 (initial active 12) (12 cores per cpu, 2 threads per core) family 25 model 80 stepping 0 microcode 0xa50000c, cx8, cmov, fxsr, ht, mmx, 3dnowpref, sse, sse2, sse3, ssse3, sse4a, sse4.1, sse4.2, popcnt, lzcnt, tsc, tscinvbit, avx, avx2, aes, erms, clmul, bmi1, bmi2, adx, sha, fma, vzeroupper, clflush, clflushopt, hv, rdtscp, rdpid, fsrm, f16c, cet_ss
Processor Information for processor 0
  Max Mhz: 3301, Current Mhz: 2630, Mhz Limit: 3301
Processor Information for processor 1
  Max Mhz: 3301, Current Mhz: 2630, Mhz Limit: 3301
Processor Information for processor 2
  Max Mhz: 3301, Current Mhz: 2630, Mhz Limit: 3301
Processor Information for processor 3
  Max Mhz: 3301, Current Mhz: 3301, Mhz Limit: 3301
Processor Information for processor 4
  Max Mhz: 3301, Current Mhz: 3301, Mhz Limit: 3301
Processor Information for processor 5
  Max Mhz: 3301, Current Mhz: 3301, Mhz Limit: 3301
Processor Information for processor 6
  Max Mhz: 3301, Current Mhz: 3301, Mhz Limit: 3301
Processor Information for processor 7
  Max Mhz: 3301, Current Mhz: 2630, Mhz Limit: 3301
Processor Information for processor 8
  Max Mhz: 3301, Current Mhz: 2630, Mhz Limit: 3301
Processor Information for processor 9
  Max Mhz: 3301, Current Mhz: 2630, Mhz Limit: 3301
Processor Information for processor 10
  Max Mhz: 3301, Current Mhz: 2630, Mhz Limit: 3301
Processor Information for processor 11
  Max Mhz: 3301, Current Mhz: 2630, Mhz Limit: 3301

Memory: 4k page, system-wide physical 14188M (1358M free)
TotalPageFile size 46897M (AvailPageFile size 168M)
current process WorkingSet (physical memory assigned to process): 1287M, peak: 1288M
current process commit charge ("private bytes"): 1716M, peak: 1948M

vm_info: OpenJDK 64-Bit Server VM (21.0.11+10-LTS) for windows-amd64 JRE (21.0.11+10-LTS), built on 2026-04-21T00:00:00Z by "admin" with MS VC++ 17.12 (VS2022)

END.
