#
# There is insufficient memory for the Java Runtime Environment to continue.
# Native memory allocation (malloc) failed to allocate 873152 bytes. Error detail: Chunk::new
# Possible reasons:
#   The system is out of physical RAM or swap space
#   This process is running with CompressedOops enabled, and the Java Heap may be blocking the growth of the native heap
# Possible solutions:
#   Reduce memory load on the system
#   Increase physical memory or swap space
#   Check if swap backing store is full
#   Decrease Java heap size (-Xmx/-Xms)
#   Decrease number of Java threads
#   Decrease Java thread stack sizes (-Xss)
#   Set larger code cache with -XX:ReservedCodeCacheSize=
#   JVM is running with Zero Based Compressed Oops mode in which the Java heap is
#     placed in the first 32GB address space. The Java Heap base address is the
#     maximum limit for the native heap growth. Please use -XX:HeapBaseMinAddress
#     to set the Java Heap base and to place the Java Heap above 32GB virtual address.
# This output file may be truncated or incomplete.
#
#  Out of Memory Error (arena.cpp:168), pid=21400, tid=38960
#
# JRE version: OpenJDK Runtime Environment Temurin-21.0.11+10 (21.0.11+10) (build 21.0.11+10-LTS)
# Java VM: OpenJDK 64-Bit Server VM Temurin-21.0.11+10 (21.0.11+10-LTS, mixed mode, sharing, tiered, compressed oops, compressed class ptrs, g1 gc, windows-amd64)
# No core dump will be written. Minidumps are not enabled by default on client versions of Windows
#

---------------  S U M M A R Y ------------

Command Line: --module-path=C:\Users\LENOVO\.m2\repository\org\openjfx\javafx-base\17.0.2\javafx-base-17.0.2-win.jar;C:\Users\LENOVO\.m2\repository\org\openjfx\javafx-base\17.0.2\javafx-base-17.0.2.jar;C:\Users\LENOVO\.m2\repository\org\openjfx\javafx-controls\17.0.2\javafx-controls-17.0.2-win.jar;C:\Users\LENOVO\.m2\repository\org\openjfx\javafx-controls\17.0.2\javafx-controls-17.0.2.jar;C:\Users\LENOVO\.m2\repository\org\openjfx\javafx-fxml\17.0.2\javafx-fxml-17.0.2-win.jar;C:\Users\LENOVO\.m2\repository\org\openjfx\javafx-graphics\17.0.2\javafx-graphics-17.0.2-win.jar;C:\Users\LENOVO\.m2\repository\org\openjfx\javafx-graphics\17.0.2\javafx-graphics-17.0.2.jar;C:\Users\LENOVO\.m2\repository\org\openjfx\javafx-media\17.0.2\javafx-media-17.0.2-win.jar;C:\Users\LENOVO\.m2\repository\org\openjfx\javafx-media\17.0.2\javafx-media-17.0.2.jar;C:\Users\LENOVO\.m2\repository\org\openjfx\javafx-swing\17.0.2\javafx-swing-17.0.2-win.jar;C:\Users\LENOVO\.m2\repository\org\openjfx\javafx-swing\17.0.2\javafx-swing-17.0.2.jar;C:\Users\LENOVO\.m2\repository\org\openjfx\javafx-web\17.0.2\javafx-web-17.0.2-win.jar;C:\Users\LENOVO\.m2\repository\org\openjfx\javafx-web\17.0.2\javafx-web-17.0.2.jar --add-modules=javafx.base,javafx.controls,javafx.fxml,javafx.graphics,javafx.media,javafx.swing,javafx.web com.wellcare.Main

Host: AMD Ryzen 5 5600H with Radeon Graphics         , 12 cores, 13G,  Windows 11 , 64 bit Build 26100 (10.0.26100.8246)
Time: Thu May  7 00:04:34 2026 Afr. centrale Ouest elapsed time: 80.098623 seconds (0d 0h 1m 20s)

---------------  T H R E A D  ---------------

Current thread (0x000001d05b5e2980):  JavaThread "C2 CompilerThread0" daemon [_thread_in_native, id=38960, stack(0x0000005591d00000,0x0000005591e00000) (1024K)]


Current CompileTask:
C2:80098 9765   !   4       java.util.concurrent.LinkedBlockingDeque::takeFirst (47 bytes)

Stack: [0x0000005591d00000,0x0000005591e00000]
Native frames: (J=compiled Java code, j=interpreted, Vv=VM code, C=native code)
V  [jvm.dll+0x6d7e19]
V  [jvm.dll+0x8b5096]
V  [jvm.dll+0x8b764e]
V  [jvm.dll+0x8b7d33]
V  [jvm.dll+0x284596]
V  [jvm.dll+0xc685d]
V  [jvm.dll+0xc6da1]
V  [jvm.dll+0x3bed6b]
V  [jvm.dll+0x38b2b2]
V  [jvm.dll+0x38a6fa]
V  [jvm.dll+0x24c700]
V  [jvm.dll+0x24bce0]
V  [jvm.dll+0x1cb4ae]
V  [jvm.dll+0x25baad]
V  [jvm.dll+0x25a03a]
V  [jvm.dll+0x3f868e]
V  [jvm.dll+0x85fb0d]
V  [jvm.dll+0x6d664d]
C  [ucrtbase.dll+0x37b0]
C  [KERNEL32.DLL+0x2e8d7]
C  [ntdll.dll+0x8c3fc]


---------------  P R O C E S S  ---------------

Threads class SMR info:
_java_thread_list=0x000001d0065957c0, length=137, elements={
0x000001d03acbd990, 0x000001d05b5ce4d0, 0x000001d05b5d10f0, 0x000001d05b5d5440,
0x000001d05b5d6200, 0x000001d05b5d6e10, 0x000001d05b5d7a20, 0x000001d05b5e2980,
0x000001d0a10290b0, 0x000001d0a1135ab0, 0x000001d0a1141170, 0x000001d0a1408090,
0x000001d0a1a3c050, 0x000001d0a1a3d2e0, 0x000001d0a1be22b0, 0x000001d0a1be2920,
0x000001d0a6a37ac0, 0x000001d0a6ffd8f0, 0x000001d0a70041b0, 0x000001d0a7046fb0,
0x000001d0a7046920, 0x000001d0a7044850, 0x000001d0a7045570, 0x000001d0a7044ee0,
0x000001d0a968d8f0, 0x000001d0a968b190, 0x000001d0a968e610, 0x000001d0a968c540,
0x000001d0a968eca0, 0x000001d0a968df80, 0x000001d0a968d260, 0x000001d0a968cbd0,
0x000001d0a968beb0, 0x000001d0a968f330, 0x000001d0a9691a90, 0x000001d0a9691400,
0x000001d0a9692120, 0x000001d0a968f9c0, 0x000001d0a9690d70, 0x000001d0a96906e0,
0x000001d0a9690050, 0x000001d0ae67e590, 0x000001d0ae67df00, 0x000001d0ae67b7a0,
0x000001d0ae67be30, 0x000001d0ae67ffd0, 0x000001d0ae67d1e0, 0x000001d0ae67d870,
0x000001d0ae67f2b0, 0x000001d0f961c010, 0x000001d0f9619220, 0x000001d0a9ad21b0,
0x000001d0a9ad2840, 0x000001d0a9ad5cc0, 0x000001d0a9ad6350, 0x000001d0a9ad3bf0,
0x000001d0a9ad69e0, 0x000001d0a9ad3560, 0x000001d0a9ad7d90, 0x000001d0a9ad8420,
0x000001d0a9ad2ed0, 0x000001d0a9ad4910, 0x000001d0a9ad1490, 0x000001d0a9ad8ab0,
0x000001d0f9616430, 0x000001d0f9618500, 0x000001d0f96177e0, 0x000001d0f961b980,
0x000001d0f9619f40, 0x000001d0ae6820a0, 0x000001d0f9616ac0, 0x000001d0f9615080,
0x000001d0f9617150, 0x000001d0f9618b90, 0x000001d0f9615710, 0x000001d0f961c6a0,
0x000001d0f96198b0, 0x000001d0f961a5d0, 0x000001d0f961ac60, 0x000001d0f961b2f0,
0x000001d0ae67cb50, 0x000001d0ae67f940, 0x000001d0ae681380, 0x000001d0ae67ec20,
0x000001d0a9ad7070, 0x000001d0a9ad5630, 0x000001d0a7046290, 0x000001d0f9615da0,
0x000001d0a968b820, 0x000001d0fcc83730, 0x000001d0fcc84ae0, 0x000001d0fcc85170,
0x000001d0fcc85e90, 0x000001d0fcc80fd0, 0x000001d0fcc885f0, 0x000001d0ae682730,
0x000001d0ae681a10, 0x000001d0ae680660, 0x000001d0fcc82a10, 0x000001d0fcc830a0,
0x000001d0fcc83dc0, 0x000001d0fcc81cf0, 0x000001d0fcc878d0, 0x000001d0fcc84450,
0x000001d0fcc86520, 0x000001d0ae6f8140, 0x000001d0ae6f5350, 0x000001d0ae6f6700,
0x000001d0ae6f7420, 0x000001d0ae6fc2e0, 0x000001d0ae6faf30, 0x000001d0ae6f94f0,
0x000001d0ae6fb5c0, 0x000001d0fcc85800, 0x000001d0fcc87f60, 0x000001d0ae6f59e0,
0x000001d0ae6f6070, 0x000001d0ae6f9b80, 0x000001d0ae6f6d90, 0x000001d0ae6f8e60,
0x000001d0ae6fa8a0, 0x000001d0ae6fbc50, 0x000001d0a9ad7700, 0x000001d0a9ad4280,
0x000001d0a9ad4fa0, 0x000001d0fcc82380, 0x000001d0fcc86bb0, 0x000001d0fcc87240,
0x000001d0ae67b110, 0x000001d0f72fb290, 0x000001d0f72fac00, 0x000001d0f72f91c0,
0x000001d0f72f9850, 0x000001d0f72fb920, 0x000001d0f72fd360, 0x000001d0f72fa570,
0x000001d0f72fbfb0
}

Java Threads: ( => current thread )
  0x000001d03acbd990 JavaThread "main"                              [_thread_blocked, id=37596, stack(0x0000005590f00000,0x0000005591000000) (1024K)]
  0x000001d05b5ce4d0 JavaThread "Reference Handler"          daemon [_thread_blocked, id=41092, stack(0x0000005591700000,0x0000005591800000) (1024K)]
  0x000001d05b5d10f0 JavaThread "Finalizer"                  daemon [_thread_blocked, id=45196, stack(0x0000005591800000,0x0000005591900000) (1024K)]
  0x000001d05b5d5440 JavaThread "Signal Dispatcher"          daemon [_thread_blocked, id=13364, stack(0x0000005591900000,0x0000005591a00000) (1024K)]
  0x000001d05b5d6200 JavaThread "Attach Listener"            daemon [_thread_blocked, id=44568, stack(0x0000005591a00000,0x0000005591b00000) (1024K)]
  0x000001d05b5d6e10 JavaThread "Service Thread"             daemon [_thread_blocked, id=5276, stack(0x0000005591b00000,0x0000005591c00000) (1024K)]
  0x000001d05b5d7a20 JavaThread "Monitor Deflation Thread"   daemon [_thread_blocked, id=45000, stack(0x0000005591c00000,0x0000005591d00000) (1024K)]
=>0x000001d05b5e2980 JavaThread "C2 CompilerThread0"         daemon [_thread_in_native, id=38960, stack(0x0000005591d00000,0x0000005591e00000) (1024K)]
  0x000001d0a10290b0 JavaThread "C1 CompilerThread0"         daemon [_thread_blocked, id=43964, stack(0x0000005591e00000,0x0000005591f00000) (1024K)]
  0x000001d0a1135ab0 JavaThread "Common-Cleaner"             daemon [_thread_blocked, id=38860, stack(0x0000005591f00000,0x0000005592000000) (1024K)]
  0x000001d0a1141170 JavaThread "Notification Thread"        daemon [_thread_blocked, id=34520, stack(0x0000005592200000,0x0000005592300000) (1024K)]
  0x000001d0a1408090 JavaThread "QuantumRenderer-0"          daemon [_thread_in_native, id=39664, stack(0x0000005592000000,0x0000005592100000) (1024K)]
  0x000001d0a1a3c050 JavaThread "InvokeLaterDispatcher"      daemon [_thread_blocked, id=42848, stack(0x0000005592400000,0x0000005592500000) (1024K)]
  0x000001d0a1a3d2e0 JavaThread "JavaFX Application Thread"         [_thread_blocked, id=44008, stack(0x0000005592500000,0x0000005592600000) (1024K)]
  0x000001d0a1be22b0 JavaThread "Thread-1"                   daemon [_thread_in_native, id=19940, stack(0x0000005592d00000,0x0000005592e00000) (1024K)]
  0x000001d0a1be2920 JavaThread "JavaFX-Launcher"                   [_thread_blocked, id=44124, stack(0x0000005592f00000,0x0000005593000000) (1024K)]
  0x000001d0a6a37ac0 JavaThread "mysql-cj-abandoned-connection-cleanup" daemon [_thread_blocked, id=41276, stack(0x0000005593500000,0x0000005593600000) (1024K)]
  0x000001d0a6ffd8f0 JavaThread "HttpClient-1-SelectorManager" daemon [_thread_in_native, id=32280, stack(0x0000005593600000,0x0000005593700000) (1024K)]
  0x000001d0a70041b0 JavaThread "HttpClient-2-SelectorManager" daemon [_thread_in_native, id=36804, stack(0x0000005593700000,0x0000005593800000) (1024K)]
  0x000001d0a7046fb0 JavaThread "Prism Font Disposer"        daemon [_thread_blocked, id=45380, stack(0x0000005594100000,0x0000005594200000) (1024K)]
  0x000001d0a7046920 JavaThread "Cleaner-0"                  daemon [_thread_blocked, id=33780, stack(0x0000005594400000,0x0000005594500000) (1024K)]
  0x000001d0a7044850 JavaThread "HttpClient-3-SelectorManager" daemon [_thread_in_native, id=43976, stack(0x0000005594600000,0x0000005594700000) (1024K)]
  0x000001d0a7045570 JavaThread "HttpClient-4-SelectorManager" daemon [_thread_in_native, id=17348, stack(0x0000005594800000,0x0000005594900000) (1024K)]
  0x000001d0a7044ee0 JavaThread "Disposer"                   daemon [_thread_blocked, id=30316, stack(0x0000005590e00000,0x0000005590f00000) (1024K)]
  0x000001d0a968d8f0 JavaThread "HttpClient-5-SelectorManager" daemon [_thread_in_native, id=29560, stack(0x0000005594a00000,0x0000005594b00000) (1024K)]
  0x000001d0a968b190 JavaThread "URL-Loader-1"               daemon [_thread_blocked, id=26884, stack(0x0000005594b00000,0x0000005594c00000) (1024K)]
  0x000001d0a968e610 JavaThread "URL-Loader-2"               daemon [_thread_blocked, id=36936, stack(0x0000005594c00000,0x0000005594d00000) (1024K)]
  0x000001d0a968c540 JavaThread "URL-Loader-3"               daemon [_thread_blocked, id=43732, stack(0x0000005594d00000,0x0000005594e00000) (1024K)]
  0x000001d0a968eca0 JavaThread "URL-Loader-4"               daemon [_thread_blocked, id=41632, stack(0x0000005594e00000,0x0000005594f00000) (1024K)]
  0x000001d0a968df80 JavaThread "URL-Loader-5"               daemon [_thread_blocked, id=43704, stack(0x0000005594f00000,0x0000005595000000) (1024K)]
  0x000001d0a968d260 JavaThread "URL-Loader-6"               daemon [_thread_blocked, id=14704, stack(0x0000005595000000,0x0000005595100000) (1024K)]
  0x000001d0a968cbd0 JavaThread "URL-Loader-7"               daemon [_thread_blocked, id=18692, stack(0x0000005595100000,0x0000005595200000) (1024K)]
  0x000001d0a968beb0 JavaThread "URL-Loader-8"               daemon [_thread_blocked, id=7128, stack(0x0000005595200000,0x0000005595300000) (1024K)]
  0x000001d0a968f330 JavaThread "URL-Loader-9"               daemon [_thread_blocked, id=42276, stack(0x0000005595300000,0x0000005595400000) (1024K)]
  0x000001d0a9691a90 JavaThread "URL-Loader-10"              daemon [_thread_blocked, id=33320, stack(0x0000005595400000,0x0000005595500000) (1024K)]
  0x000001d0a9691400 JavaThread "URL-Loader-11"              daemon [_thread_blocked, id=13764, stack(0x0000005595500000,0x0000005595600000) (1024K)]
  0x000001d0a9692120 JavaThread "URL-Loader-12"              daemon [_thread_blocked, id=45136, stack(0x0000005595600000,0x0000005595700000) (1024K)]
  0x000001d0a968f9c0 JavaThread "URL-Loader-13"              daemon [_thread_blocked, id=42460, stack(0x0000005595700000,0x0000005595800000) (1024K)]
  0x000001d0a9690d70 JavaThread "URL-Loader-14"              daemon [_thread_blocked, id=43960, stack(0x0000005595800000,0x0000005595900000) (1024K)]
  0x000001d0a96906e0 JavaThread "URL-Loader-15"              daemon [_thread_blocked, id=40384, stack(0x0000005595900000,0x0000005595a00000) (1024K)]
  0x000001d0a9690050 JavaThread "URL-Loader-16"              daemon [_thread_blocked, id=42680, stack(0x0000005595a00000,0x0000005595b00000) (1024K)]
  0x000001d0ae67e590 JavaThread "URL-Loader-17"              daemon [_thread_blocked, id=29704, stack(0x0000005595b00000,0x0000005595c00000) (1024K)]
  0x000001d0ae67df00 JavaThread "URL-Loader-18"              daemon [_thread_blocked, id=36772, stack(0x0000005595c00000,0x0000005595d00000) (1024K)]
  0x000001d0ae67b7a0 JavaThread "URL-Loader-19"              daemon [_thread_blocked, id=44232, stack(0x0000005595d00000,0x0000005595e00000) (1024K)]
  0x000001d0ae67be30 JavaThread "URL-Loader-20"              daemon [_thread_blocked, id=23468, stack(0x0000005595e00000,0x0000005595f00000) (1024K)]
  0x000001d0ae67ffd0 JavaThread "Thread-24"                  daemon [_thread_in_native, id=41892, stack(0x0000005597b00000,0x0000005597c00000) (1024K)]
  0x000001d0ae67d1e0 JavaThread "Thread-25"                  daemon [_thread_in_native, id=44984, stack(0x0000005597c00000,0x0000005597d00000) (1024K)]
  0x000001d0ae67d870 JavaThread "Thread-26"                  daemon [_thread_in_native, id=8136, stack(0x0000005597d00000,0x0000005597e00000) (1024K)]
  0x000001d0ae67f2b0 JavaThread "Thread-28"                  daemon [_thread_in_native, id=42760, stack(0x0000005597f00000,0x0000005598000000) (1024K)]
  0x000001d0f961c010 JavaThread "Thread-29"                  daemon [_thread_in_native, id=43440, stack(0x0000005598000000,0x0000005598100000) (1024K)]
  0x000001d0f9619220 JavaThread "Thread-32"                  daemon [_thread_in_native, id=44532, stack(0x0000005598300000,0x0000005598400000) (1024K)]
  0x000001d0a9ad21b0 JavaThread "Thread-33"                  daemon [_thread_in_native, id=43436, stack(0x0000005598400000,0x0000005598500000) (1024K)]
  0x000001d0a9ad2840 JavaThread "Thread-34"                  daemon [_thread_in_native, id=19436, stack(0x0000005598500000,0x0000005598600000) (1024K)]
  0x000001d0a9ad5cc0 JavaThread "HttpClient-6-SelectorManager" daemon [_thread_in_native, id=42812, stack(0x0000005596800000,0x0000005596900000) (1024K)]
  0x000001d0a9ad6350 JavaThread "Thread-36"                  daemon [_thread_in_native, id=44684, stack(0x0000005596900000,0x0000005596a00000) (1024K)]
  0x000001d0a9ad3bf0 JavaThread "Thread-37"                  daemon [_thread_in_native, id=43556, stack(0x0000005596a00000,0x0000005596b00000) (1024K)]
  0x000001d0a9ad69e0 JavaThread "Thread-38"                  daemon [_thread_in_native, id=41220, stack(0x0000005596b00000,0x0000005596c00000) (1024K)]
  0x000001d0a9ad3560 JavaThread "Thread-39"                  daemon [_thread_in_native, id=44316, stack(0x0000005596d00000,0x0000005596e00000) (1024K)]
  0x000001d0a9ad7d90 JavaThread "HttpClient-6-Worker-0"      daemon [_thread_blocked, id=42520, stack(0x0000005597100000,0x0000005597200000) (1024K)]
  0x000001d0a9ad8420 JavaThread "Thread-42"                  daemon [_thread_in_native, id=43120, stack(0x0000005597000000,0x0000005597100000) (1024K)]
  0x000001d0a9ad2ed0 JavaThread "HttpClient-6-Worker-1"      daemon [_thread_blocked, id=20020, stack(0x0000005597200000,0x0000005597300000) (1024K)]
  0x000001d0a9ad4910 JavaThread "Thread-44"                  daemon [_thread_in_native, id=46064, stack(0x0000005597400000,0x0000005597500000) (1024K)]
  0x000001d0a9ad1490 JavaThread "Thread-45"                  daemon [_thread_in_native, id=38140, stack(0x0000005597500000,0x0000005597600000) (1024K)]
  0x000001d0a9ad8ab0 JavaThread "Thread-47"                  daemon [_thread_in_native, id=33528, stack(0x0000005597700000,0x0000005597800000) (1024K)]
  0x000001d0f9616430 JavaThread "Thread-50"                  daemon [_thread_in_native, id=45776, stack(0x0000005597a00000,0x0000005597b00000) (1024K)]
  0x000001d0f9618500 JavaThread "Thread-51"                  daemon [_thread_in_native, id=44856, stack(0x0000005597e00000,0x0000005597f00000) (1024K)]
  0x000001d0f96177e0 JavaThread "Thread-52"                  daemon [_thread_in_native, id=32000, stack(0x0000005598100000,0x0000005598200000) (1024K)]
  0x000001d0f961b980 JavaThread "Thread-61"                  daemon [_thread_in_native, id=44492, stack(0x0000005598d00000,0x0000005598e00000) (1024K)]
  0x000001d0f9619f40 JavaThread "Thread-62"                  daemon [_thread_in_native, id=17264, stack(0x0000005598e00000,0x0000005598f00000) (1024K)]
  0x000001d0ae6820a0 JavaThread "Thread-65"                  daemon [_thread_in_native, id=28536, stack(0x0000005599100000,0x0000005599200000) (1024K)]
  0x000001d0f9616ac0 JavaThread "Thread-76"                  daemon [_thread_in_native, id=19964, stack(0x0000005596e00000,0x0000005596f00000) (1024K)]
  0x000001d0f9615080 JavaThread "Thread-77"                  daemon [_thread_in_native, id=42956, stack(0x0000005596f00000,0x0000005597000000) (1024K)]
  0x000001d0f9617150 JavaThread "Thread-79"                  daemon [_thread_in_native, id=43740, stack(0x0000005597600000,0x0000005597700000) (1024K)]
  0x000001d0f9618b90 JavaThread "Thread-80"                  daemon [_thread_in_native, id=16652, stack(0x0000005597800000,0x0000005597900000) (1024K)]
  0x000001d0f9615710 JavaThread "Thread-81"                  daemon [_thread_in_native, id=43592, stack(0x0000005597900000,0x0000005597a00000) (1024K)]
  0x000001d0f961c6a0 JavaThread "Thread-82"                  daemon [_thread_in_native, id=37556, stack(0x0000005598200000,0x0000005598300000) (1024K)]
  0x000001d0f96198b0 JavaThread "Thread-83"                  daemon [_thread_in_native, id=44320, stack(0x0000005598600000,0x0000005598700000) (1024K)]
  0x000001d0f961a5d0 JavaThread "Thread-84"                  daemon [_thread_in_native, id=42396, stack(0x0000005598700000,0x0000005598800000) (1024K)]
  0x000001d0f961ac60 JavaThread "Thread-85"                  daemon [_thread_in_native, id=12600, stack(0x0000005598800000,0x0000005598900000) (1024K)]
  0x000001d0f961b2f0 JavaThread "Thread-86"                  daemon [_thread_in_native, id=42536, stack(0x0000005594900000,0x0000005594a00000) (1024K)]
  0x000001d0ae67cb50 JavaThread "Thread-87"                  daemon [_thread_in_native, id=45604, stack(0x0000005598900000,0x0000005598a00000) (1024K)]
  0x000001d0ae67f940 JavaThread "Thread-89"                  daemon [_thread_in_native, id=35640, stack(0x0000005598b00000,0x0000005598c00000) (1024K)]
  0x000001d0ae681380 JavaThread "Thread-90"                  daemon [_thread_in_native, id=42720, stack(0x0000005594700000,0x0000005594800000) (1024K)]
  0x000001d0ae67ec20 JavaThread "Thread-92"                  daemon [_thread_in_native, id=45164, stack(0x0000005598c00000,0x0000005598d00000) (1024K)]
  0x000001d0a9ad7070 JavaThread "Thread-98"                  daemon [_thread_in_native, id=44420, stack(0x0000005599500000,0x0000005599600000) (1024K)]
  0x000001d0a9ad5630 JavaThread "Thread-100"                 daemon [_thread_in_native, id=10948, stack(0x0000005599700000,0x0000005599800000) (1024K)]
  0x000001d0a7046290 JavaThread "Thread-101"                 daemon [_thread_in_native, id=44104, stack(0x0000005599800000,0x0000005599900000) (1024K)]
  0x000001d0f9615da0 JavaThread "Thread-102"                 daemon [_thread_in_native, id=30820, stack(0x0000005599900000,0x0000005599a00000) (1024K)]
  0x000001d0a968b820 JavaThread "Thread-103"                 daemon [_thread_in_native, id=15716, stack(0x0000005599a00000,0x0000005599b00000) (1024K)]
  0x000001d0fcc83730 JavaThread "Thread-107"                 daemon [_thread_in_native, id=45116, stack(0x0000005599e00000,0x0000005599f00000) (1024K)]
  0x000001d0fcc84ae0 JavaThread "Thread-112"                 daemon [_thread_in_native, id=44940, stack(0x000000559a300000,0x000000559a400000) (1024K)]
  0x000001d0fcc85170 JavaThread "Thread-113"                 daemon [_thread_in_native, id=21264, stack(0x000000559a400000,0x000000559a500000) (1024K)]
  0x000001d0fcc85e90 JavaThread "Thread-120"                 daemon [_thread_in_native, id=44520, stack(0x0000005599000000,0x0000005599100000) (1024K)]
  0x000001d0fcc80fd0 JavaThread "Thread-121"                 daemon [_thread_in_native, id=42636, stack(0x0000005597300000,0x0000005597400000) (1024K)]
  0x000001d0fcc885f0 JavaThread "Thread-123"                 daemon [_thread_in_native, id=42156, stack(0x0000005599300000,0x0000005599400000) (1024K)]
  0x000001d0ae682730 JavaThread "Thread-125"                 daemon [_thread_in_native, id=44876, stack(0x0000005599600000,0x0000005599700000) (1024K)]
  0x000001d0ae681a10 JavaThread "Thread-126"                 daemon [_thread_in_native, id=34444, stack(0x0000005599b00000,0x0000005599c00000) (1024K)]
  0x000001d0ae680660 JavaThread "Thread-127"                 daemon [_thread_in_native, id=2984, stack(0x0000005599c00000,0x0000005599d00000) (1024K)]
  0x000001d0fcc82a10 JavaThread "Thread-129"                 daemon [_thread_in_native, id=43832, stack(0x0000005599f00000,0x000000559a000000) (1024K)]
  0x000001d0fcc830a0 JavaThread "Thread-130"                 daemon [_thread_in_native, id=32272, stack(0x000000559a200000,0x000000559a300000) (1024K)]
  0x000001d0fcc83dc0 JavaThread "Thread-131"                 daemon [_thread_in_native, id=43316, stack(0x000000559a100000,0x000000559a200000) (1024K)]
  0x000001d0fcc81cf0 JavaThread "Thread-132"                 daemon [_thread_in_native, id=30440, stack(0x000000559a500000,0x000000559a600000) (1024K)]
  0x000001d0fcc878d0 JavaThread "Thread-133"                 daemon [_thread_in_native, id=43780, stack(0x000000559a800000,0x000000559a900000) (1024K)]
  0x000001d0fcc84450 JavaThread "Thread-134"                 daemon [_thread_in_native, id=44364, stack(0x000000559a900000,0x000000559aa00000) (1024K)]
  0x000001d0fcc86520 JavaThread "Thread-136"                 daemon [_thread_in_native, id=12880, stack(0x000000559aa00000,0x000000559ab00000) (1024K)]
  0x000001d0ae6f8140 JavaThread "Thread-142"                 daemon [_thread_in_native, id=45596, stack(0x000000559b000000,0x000000559b100000) (1024K)]
  0x000001d0ae6f5350 JavaThread "Thread-144"                 daemon [_thread_in_native, id=11900, stack(0x000000559b100000,0x000000559b200000) (1024K)]
  0x000001d0ae6f6700 JavaThread "Thread-146"                 daemon [_thread_in_native, id=33300, stack(0x000000559b300000,0x000000559b400000) (1024K)]
  0x000001d0ae6f7420 JavaThread "Thread-147"                 daemon [_thread_in_native, id=20716, stack(0x000000559b400000,0x000000559b500000) (1024K)]
  0x000001d0ae6fc2e0 JavaThread "Thread-153"                 daemon [_thread_in_native, id=42332, stack(0x0000005599200000,0x0000005599300000) (1024K)]
  0x000001d0ae6faf30 JavaThread "Thread-154"                 daemon [_thread_in_native, id=44204, stack(0x0000005599400000,0x0000005599500000) (1024K)]
  0x000001d0ae6f94f0 JavaThread "Thread-156"                 daemon [_thread_in_native, id=37664, stack(0x000000559b700000,0x000000559b800000) (1024K)]
  0x000001d0ae6fb5c0 JavaThread "Thread-157"                 daemon [_thread_in_native, id=37820, stack(0x000000559b800000,0x000000559b900000) (1024K)]
  0x000001d0fcc85800 JavaThread "Thread-160"                 daemon [_thread_in_native, id=40680, stack(0x000000559bb00000,0x000000559bc00000) (1024K)]
  0x000001d0fcc87f60 JavaThread "Thread-164"                 daemon [_thread_in_native, id=12964, stack(0x000000559bf00000,0x000000559c000000) (1024K)]
  0x000001d0ae6f59e0 JavaThread "Thread-166"                 daemon [_thread_in_native, id=44960, stack(0x0000005598a00000,0x0000005598b00000) (1024K)]
  0x000001d0ae6f6070 JavaThread "Thread-167"                 daemon [_thread_in_native, id=43488, stack(0x0000005598f00000,0x0000005599000000) (1024K)]
  0x000001d0ae6f9b80 JavaThread "Thread-169"                 daemon [_thread_in_native, id=42408, stack(0x000000559a600000,0x000000559a700000) (1024K)]
  0x000001d0ae6f6d90 JavaThread "Thread-170"                 daemon [_thread_in_native, id=15140, stack(0x000000559a700000,0x000000559a800000) (1024K)]
  0x000001d0ae6f8e60 JavaThread "Thread-171"                 daemon [_thread_in_native, id=45732, stack(0x0000005599d00000,0x0000005599e00000) (1024K)]
  0x000001d0ae6fa8a0 JavaThread "Thread-172"                 daemon [_thread_in_native, id=41368, stack(0x000000559ab00000,0x000000559ac00000) (1024K)]
  0x000001d0ae6fbc50 JavaThread "Thread-176"                 daemon [_thread_in_native, id=43784, stack(0x000000559af00000,0x000000559b000000) (1024K)]
  0x000001d0a9ad7700 JavaThread "Thread-178"                 daemon [_thread_in_native, id=43712, stack(0x000000559b500000,0x000000559b600000) (1024K)]
  0x000001d0a9ad4280 JavaThread "Thread-179"                 daemon [_thread_in_native, id=44688, stack(0x000000559b600000,0x000000559b700000) (1024K)]
  0x000001d0a9ad4fa0 JavaThread "Thread-180"                 daemon [_thread_in_native, id=44488, stack(0x000000559b900000,0x000000559ba00000) (1024K)]
  0x000001d0fcc82380 JavaThread "Thread-182"                 daemon [_thread_in_native, id=5756, stack(0x000000559bc00000,0x000000559bd00000) (1024K)]
  0x000001d0fcc86bb0 JavaThread "Thread-183"                 daemon [_thread_blocked, id=42008, stack(0x000000559bd00000,0x000000559be00000) (1024K)]
  0x000001d0fcc87240 JavaThread "Thread-184"                 daemon [_thread_blocked, id=42132, stack(0x000000559be00000,0x000000559bf00000) (1024K)]
  0x000001d0ae67b110 JavaThread "Thread-185"                 daemon [_thread_blocked, id=45244, stack(0x000000559c000000,0x000000559c100000) (1024K)]
  0x000001d0f72fb290 JavaThread "Thread-186"                 daemon [_thread_in_native, id=37168, stack(0x000000559c100000,0x000000559c200000) (1024K)]
  0x000001d0f72fac00 JavaThread "Thread-187"                 daemon [_thread_blocked, id=42404, stack(0x000000559c200000,0x000000559c300000) (1024K)]
  0x000001d0f72f91c0 JavaThread "Thread-188"                 daemon [_thread_in_native, id=38384, stack(0x000000559c300000,0x000000559c400000) (1024K)]
  0x000001d0f72f9850 JavaThread "Thread-189"                 daemon [_thread_in_native, id=36684, stack(0x000000559c400000,0x000000559c500000) (1024K)]
  0x000001d0f72fb920 JavaThread "Thread-190"                 daemon [_thread_in_native, id=36692, stack(0x000000559c500000,0x000000559c600000) (1024K)]
  0x000001d0f72fd360 JavaThread "Thread-191"                 daemon [_thread_in_native, id=43084, stack(0x000000559c600000,0x000000559c700000) (1024K)]
  0x000001d0f72fa570 JavaThread "Thread-192"                 daemon [_thread_in_native, id=30236, stack(0x000000559c700000,0x000000559c800000) (1024K)]
  0x000001d0f72fbfb0 JavaThread "Thread-193"                 daemon [_thread_in_native, id=44996, stack(0x000000559a000000,0x000000559a100000) (1024K)]
Total: 137

Other Threads:
  0x000001d05b5b1020 VMThread "VM Thread"                           [id=45160, stack(0x0000005591600000,0x0000005591700000) (1024K)]
  0x000001d05b5a0c50 WatcherThread "VM Periodic Task Thread"        [id=42388, stack(0x0000005591500000,0x0000005591600000) (1024K)]
  0x000001d03d076cf0 WorkerThread "GC Thread#0"                     [id=31180, stack(0x0000005591000000,0x0000005591100000) (1024K)]
  0x000001d0a1be3300 WorkerThread "GC Thread#1"                     [id=33948, stack(0x0000005593000000,0x0000005593100000) (1024K)]
  0x000001d0a1be36b0 WorkerThread "GC Thread#2"                     [id=43020, stack(0x0000005593100000,0x0000005593200000) (1024K)]
  0x000001d0a1be0020 WorkerThread "GC Thread#3"                     [id=37744, stack(0x0000005593200000,0x0000005593300000) (1024K)]
  0x000001d0a1be03d0 WorkerThread "GC Thread#4"                     [id=43360, stack(0x0000005593300000,0x0000005593400000) (1024K)]
  0x000001d0a1be3a60 WorkerThread "GC Thread#5"                     [id=14840, stack(0x0000005593400000,0x0000005593500000) (1024K)]
  0x000001d0a70b4680 WorkerThread "GC Thread#6"                     [id=43872, stack(0x0000005593900000,0x0000005593a00000) (1024K)]
  0x000001d0a6f3a2e0 WorkerThread "GC Thread#7"                     [id=32140, stack(0x0000005593a00000,0x0000005593b00000) (1024K)]
  0x000001d0a6f3a690 WorkerThread "GC Thread#8"                     [id=43860, stack(0x0000005593b00000,0x0000005593c00000) (1024K)]
  0x000001d0a6f3aa40 WorkerThread "GC Thread#9"                     [id=29168, stack(0x0000005593c00000,0x0000005593d00000) (1024K)]
  0x000001d03d087530 ConcurrentGCThread "G1 Main Marker"            [id=37000, stack(0x0000005591100000,0x0000005591200000) (1024K)]
  0x000001d03d088040 WorkerThread "G1 Conc#0"                       [id=42980, stack(0x0000005591200000,0x0000005591300000) (1024K)]
  0x000001d0a70e8480 WorkerThread "G1 Conc#1"                       [id=33080, stack(0x0000005594200000,0x0000005594300000) (1024K)]
  0x000001d0a70e7d20 WorkerThread "G1 Conc#2"                       [id=17144, stack(0x0000005594300000,0x0000005594400000) (1024K)]
  0x000001d03d0ce5e0 ConcurrentGCThread "G1 Refine#0"               [id=42060, stack(0x0000005591300000,0x0000005591400000) (1024K)]
  0x000001d05b46e120 ConcurrentGCThread "G1 Service"                [id=396, stack(0x0000005591400000,0x0000005591500000) (1024K)]
Total: 18

Threads with active compile tasks:
C2 CompilerThread0  80163 9765   !   4       java.util.concurrent.LinkedBlockingDeque::takeFirst (47 bytes)
C1 CompilerThread0  80163 9793   !   3       sun.nio.cs.StreamEncoder::flushBuffer (63 bytes)
Total: 2

VM state: not at safepoint (normal execution)

VM Mutex/Monitor currently owned by a thread: None

Heap address: 0x0000000722400000, size: 3548 MB, Compressed Oops mode: Zero based, Oop shift amount: 3

CDS archive(s) mapped at: [0x000001d05c000000-0x000001d05cc80000-0x000001d05cc80000), size 13107200, SharedBaseAddress: 0x000001d05c000000, ArchiveRelocationMode: 1.
Compressed class space mapped at: 0x000001d05d000000-0x000001d09d000000, reserved size: 1073741824
Narrow klass base: 0x000001d05c000000, Narrow klass shift: 0, Narrow klass range: 0x100000000

GC Precious Log:
 CardTable entry size: 512
 Card Set container configuration: InlinePtr #cards 4 size 8 Array Of Cards #cards 16 size 48 Howl #buckets 8 coarsen threshold 3686 Howl Bitmap #cards 512 size 80 coarsen threshold 460 Card regions per heap region 1 cards per card region 4096
 CPUs: 12 total, 12 available
 Memory: 14188M
 Large Page Support: Disabled
 NUMA Support: Disabled
 Compressed Oops: Enabled (Zero based)
 Heap Region Size: 2M
 Heap Min Capacity: 8M
 Heap Initial Capacity: 222M
 Heap Max Capacity: 3548M
 Pre-touch: Disabled
 Parallel Workers: 10
 Concurrent Workers: 3
 Concurrent Refinement Workers: 10
 Periodic GC: Disabled

Heap:
 garbage-first heap   total 1079296K, used 946682K [0x0000000722400000, 0x0000000800000000)
  region size 2048K, 52 young (106496K), 11 survivors (22528K)
 Metaspace       used 40604K, committed 41216K, reserved 1114112K
  class space    used 5107K, committed 5376K, reserved 1048576K

Heap Regions: E=young(eden), S=young(survivor), O=old, HS=humongous(starts), HC=humongous(continues), CS=collection set, F=free, TAMS=top-at-mark-start, PB=parsable bottom
|   0|0x0000000722400000, 0x0000000722600000, 0x0000000722600000|100%| O|  |TAMS 0x0000000722400000| PB 0x0000000722400000| Untracked 
|   1|0x0000000722600000, 0x0000000722800000, 0x0000000722800000|100%| O|  |TAMS 0x0000000722600000| PB 0x0000000722600000| Untracked 
|   2|0x0000000722800000, 0x0000000722a00000, 0x0000000722a00000|100%| O|  |TAMS 0x0000000722800000| PB 0x0000000722800000| Untracked 
|   3|0x0000000722a00000, 0x0000000722c00000, 0x0000000722c00000|100%|HS|  |TAMS 0x0000000722a00000| PB 0x0000000722a00000| Complete 
|   4|0x0000000722c00000, 0x0000000722e00000, 0x0000000722e00000|100%| O|  |TAMS 0x0000000722c00000| PB 0x0000000722c00000| Untracked 
|   5|0x0000000722e00000, 0x0000000723000000, 0x0000000723000000|100%| O|  |TAMS 0x0000000722e00000| PB 0x0000000722e00000| Untracked 
|   6|0x0000000723000000, 0x0000000723200000, 0x0000000723200000|100%| O|  |TAMS 0x0000000723000000| PB 0x0000000723000000| Untracked 
|   7|0x0000000723200000, 0x0000000723400000, 0x0000000723400000|100%| O|  |TAMS 0x0000000723200000| PB 0x0000000723200000| Untracked 
|   8|0x0000000723400000, 0x0000000723600000, 0x0000000723600000|100%| O|  |TAMS 0x0000000723400000| PB 0x0000000723400000| Untracked 
|   9|0x0000000723600000, 0x0000000723800000, 0x0000000723800000|100%| O|  |TAMS 0x0000000723600000| PB 0x0000000723600000| Untracked 
|  10|0x0000000723800000, 0x0000000723a00000, 0x0000000723a00000|100%| O|  |TAMS 0x0000000723800000| PB 0x0000000723800000| Untracked 
|  11|0x0000000723a00000, 0x0000000723c00000, 0x0000000723c00000|100%| O|  |TAMS 0x0000000723a00000| PB 0x0000000723a00000| Untracked 
|  12|0x0000000723c00000, 0x0000000723e00000, 0x0000000723e00000|100%| O|  |TAMS 0x0000000723c00000| PB 0x0000000723c00000| Untracked 
|  13|0x0000000723e00000, 0x0000000724000000, 0x0000000724000000|100%| O|  |TAMS 0x0000000723e00000| PB 0x0000000723e00000| Untracked 
|  14|0x0000000724000000, 0x0000000724200000, 0x0000000724200000|100%| O|  |TAMS 0x0000000724000000| PB 0x0000000724000000| Untracked 
|  15|0x0000000724200000, 0x0000000724400000, 0x0000000724400000|100%| O|  |TAMS 0x0000000724200000| PB 0x0000000724200000| Untracked 
|  16|0x0000000724400000, 0x0000000724600000, 0x0000000724600000|100%| O|  |TAMS 0x0000000724400000| PB 0x0000000724400000| Untracked 
|  17|0x0000000724600000, 0x0000000724800000, 0x0000000724800000|100%| O|  |TAMS 0x0000000724600000| PB 0x0000000724600000| Untracked 
|  18|0x0000000724800000, 0x0000000724a00000, 0x0000000724a00000|100%| O|  |TAMS 0x0000000724800000| PB 0x0000000724800000| Untracked 
|  19|0x0000000724a00000, 0x0000000724c00000, 0x0000000724c00000|100%| O|  |TAMS 0x0000000724a00000| PB 0x0000000724a00000| Untracked 
|  20|0x0000000724c00000, 0x0000000724e00000, 0x0000000724e00000|100%| O|  |TAMS 0x0000000724c00000| PB 0x0000000724c00000| Untracked 
|  21|0x0000000724e00000, 0x0000000725000000, 0x0000000725000000|100%| O|  |TAMS 0x0000000724e00000| PB 0x0000000724e00000| Untracked 
|  22|0x0000000725000000, 0x0000000725200000, 0x0000000725200000|100%| O|  |TAMS 0x0000000725000000| PB 0x0000000725000000| Untracked 
|  23|0x0000000725200000, 0x0000000725400000, 0x0000000725400000|100%| O|  |TAMS 0x0000000725200000| PB 0x0000000725200000| Untracked 
|  24|0x0000000725400000, 0x0000000725600000, 0x0000000725600000|100%| O|  |TAMS 0x0000000725400000| PB 0x0000000725400000| Untracked 
|  25|0x0000000725600000, 0x0000000725800000, 0x0000000725800000|100%| O|  |TAMS 0x0000000725600000| PB 0x0000000725600000| Untracked 
|  26|0x0000000725800000, 0x0000000725a00000, 0x0000000725a00000|100%| O|  |TAMS 0x0000000725800000| PB 0x0000000725800000| Untracked 
|  27|0x0000000725a00000, 0x0000000725c00000, 0x0000000725c00000|100%| O|  |TAMS 0x0000000725a00000| PB 0x0000000725a00000| Untracked 
|  28|0x0000000725c00000, 0x0000000725e00000, 0x0000000725e00000|100%| O|  |TAMS 0x0000000725c00000| PB 0x0000000725c00000| Untracked 
|  29|0x0000000725e00000, 0x0000000726000000, 0x0000000726000000|100%| O|  |TAMS 0x0000000725e00000| PB 0x0000000725e00000| Untracked 
|  30|0x0000000726000000, 0x0000000726200000, 0x0000000726200000|100%| O|  |TAMS 0x0000000726000000| PB 0x0000000726000000| Untracked 
|  31|0x0000000726200000, 0x0000000726400000, 0x0000000726400000|100%| O|  |TAMS 0x0000000726200000| PB 0x0000000726200000| Untracked 
|  32|0x0000000726400000, 0x0000000726600000, 0x0000000726600000|100%| O|  |TAMS 0x0000000726400000| PB 0x0000000726400000| Untracked 
|  33|0x0000000726600000, 0x0000000726800000, 0x0000000726800000|100%| O|  |TAMS 0x0000000726600000| PB 0x0000000726600000| Untracked 
|  34|0x0000000726800000, 0x0000000726a00000, 0x0000000726a00000|100%| O|  |TAMS 0x0000000726800000| PB 0x0000000726800000| Untracked 
|  35|0x0000000726a00000, 0x0000000726c00000, 0x0000000726c00000|100%| O|  |TAMS 0x0000000726a00000| PB 0x0000000726a00000| Untracked 
|  36|0x0000000726c00000, 0x0000000726e00000, 0x0000000726e00000|100%| O|  |TAMS 0x0000000726c00000| PB 0x0000000726c00000| Untracked 
|  37|0x0000000726e00000, 0x0000000727000000, 0x0000000727000000|100%| O|  |TAMS 0x0000000726e00000| PB 0x0000000726e00000| Untracked 
|  38|0x0000000727000000, 0x0000000727200000, 0x0000000727200000|100%| O|  |TAMS 0x0000000727000000| PB 0x0000000727000000| Untracked 
|  39|0x0000000727200000, 0x0000000727400000, 0x0000000727400000|100%| O|  |TAMS 0x0000000727200000| PB 0x0000000727200000| Untracked 
|  40|0x0000000727400000, 0x0000000727600000, 0x0000000727600000|100%| O|  |TAMS 0x0000000727400000| PB 0x0000000727400000| Untracked 
|  41|0x0000000727600000, 0x0000000727800000, 0x0000000727800000|100%| O|  |TAMS 0x0000000727600000| PB 0x0000000727600000| Untracked 
|  42|0x0000000727800000, 0x0000000727a00000, 0x0000000727a00000|100%| O|  |TAMS 0x0000000727800000| PB 0x0000000727800000| Untracked 
|  43|0x0000000727a00000, 0x0000000727c00000, 0x0000000727c00000|100%| O|  |TAMS 0x0000000727a00000| PB 0x0000000727a00000| Untracked 
|  44|0x0000000727c00000, 0x0000000727e00000, 0x0000000727e00000|100%| O|  |TAMS 0x0000000727c00000| PB 0x0000000727c00000| Untracked 
|  45|0x0000000727e00000, 0x0000000728000000, 0x0000000728000000|100%| O|  |TAMS 0x0000000727e00000| PB 0x0000000727e00000| Untracked 
|  46|0x0000000728000000, 0x0000000728200000, 0x0000000728200000|100%| O|  |TAMS 0x0000000728000000| PB 0x0000000728000000| Untracked 
|  47|0x0000000728200000, 0x0000000728400000, 0x0000000728400000|100%| O|  |TAMS 0x0000000728200000| PB 0x0000000728200000| Untracked 
|  48|0x0000000728400000, 0x0000000728600000, 0x0000000728600000|100%| O|  |TAMS 0x0000000728400000| PB 0x0000000728400000| Untracked 
|  49|0x0000000728600000, 0x0000000728800000, 0x0000000728800000|100%| O|  |TAMS 0x0000000728600000| PB 0x0000000728600000| Untracked 
|  50|0x0000000728800000, 0x0000000728a00000, 0x0000000728a00000|100%| O|  |TAMS 0x0000000728800000| PB 0x0000000728800000| Untracked 
|  51|0x0000000728a00000, 0x0000000728c00000, 0x0000000728c00000|100%| O|  |TAMS 0x0000000728a00000| PB 0x0000000728a00000| Untracked 
|  52|0x0000000728c00000, 0x0000000728e00000, 0x0000000728e00000|100%| O|  |TAMS 0x0000000728c00000| PB 0x0000000728c00000| Untracked 
|  53|0x0000000728e00000, 0x0000000729000000, 0x0000000729000000|100%| O|  |TAMS 0x0000000728e00000| PB 0x0000000728e00000| Untracked 
|  54|0x0000000729000000, 0x0000000729200000, 0x0000000729200000|100%| O|  |TAMS 0x0000000729000000| PB 0x0000000729000000| Untracked 
|  55|0x0000000729200000, 0x0000000729400000, 0x0000000729400000|100%| O|  |TAMS 0x0000000729200000| PB 0x0000000729200000| Untracked 
|  56|0x0000000729400000, 0x0000000729600000, 0x0000000729600000|100%| O|  |TAMS 0x0000000729400000| PB 0x0000000729400000| Untracked 
|  57|0x0000000729600000, 0x0000000729800000, 0x0000000729800000|100%| O|  |TAMS 0x0000000729600000| PB 0x0000000729600000| Untracked 
|  58|0x0000000729800000, 0x0000000729a00000, 0x0000000729a00000|100%| O|  |TAMS 0x0000000729800000| PB 0x0000000729800000| Untracked 
|  59|0x0000000729a00000, 0x0000000729c00000, 0x0000000729c00000|100%| O|  |TAMS 0x0000000729a00000| PB 0x0000000729a00000| Untracked 
|  60|0x0000000729c00000, 0x0000000729e00000, 0x0000000729e00000|100%| O|  |TAMS 0x0000000729c00000| PB 0x0000000729c00000| Untracked 
|  61|0x0000000729e00000, 0x000000072a000000, 0x000000072a000000|100%| O|  |TAMS 0x0000000729e00000| PB 0x0000000729e00000| Untracked 
|  62|0x000000072a000000, 0x000000072a200000, 0x000000072a200000|100%| O|  |TAMS 0x000000072a000000| PB 0x000000072a000000| Untracked 
|  63|0x000000072a200000, 0x000000072a400000, 0x000000072a400000|100%| O|  |TAMS 0x000000072a200000| PB 0x000000072a200000| Untracked 
|  64|0x000000072a400000, 0x000000072a600000, 0x000000072a600000|100%| O|  |TAMS 0x000000072a400000| PB 0x000000072a400000| Untracked 
|  65|0x000000072a600000, 0x000000072a800000, 0x000000072a800000|100%| O|  |TAMS 0x000000072a600000| PB 0x000000072a600000| Untracked 
|  66|0x000000072a800000, 0x000000072aa00000, 0x000000072aa00000|100%| O|  |TAMS 0x000000072a800000| PB 0x000000072a800000| Untracked 
|  67|0x000000072aa00000, 0x000000072ac00000, 0x000000072ac00000|100%| O|  |TAMS 0x000000072aa00000| PB 0x000000072aa00000| Untracked 
|  68|0x000000072ac00000, 0x000000072ae00000, 0x000000072ae00000|100%| O|  |TAMS 0x000000072ac00000| PB 0x000000072ac00000| Untracked 
|  69|0x000000072ae00000, 0x000000072b000000, 0x000000072b000000|100%| O|  |TAMS 0x000000072ae00000| PB 0x000000072ae00000| Untracked 
|  70|0x000000072b000000, 0x000000072b200000, 0x000000072b200000|100%| O|  |TAMS 0x000000072b000000| PB 0x000000072b000000| Untracked 
|  71|0x000000072b200000, 0x000000072b400000, 0x000000072b400000|100%| O|  |TAMS 0x000000072b200000| PB 0x000000072b200000| Untracked 
|  72|0x000000072b400000, 0x000000072b600000, 0x000000072b600000|100%| O|  |TAMS 0x000000072b400000| PB 0x000000072b400000| Untracked 
|  73|0x000000072b600000, 0x000000072b800000, 0x000000072b800000|100%| O|  |TAMS 0x000000072b600000| PB 0x000000072b600000| Untracked 
|  74|0x000000072b800000, 0x000000072ba00000, 0x000000072ba00000|100%| O|  |TAMS 0x000000072b800000| PB 0x000000072b800000| Untracked 
|  75|0x000000072ba00000, 0x000000072bc00000, 0x000000072bc00000|100%| O|  |TAMS 0x000000072ba00000| PB 0x000000072ba00000| Untracked 
|  76|0x000000072bc00000, 0x000000072be00000, 0x000000072be00000|100%| O|  |TAMS 0x000000072bc00000| PB 0x000000072bc00000| Untracked 
|  77|0x000000072be00000, 0x000000072c000000, 0x000000072c000000|100%| O|  |TAMS 0x000000072be00000| PB 0x000000072be00000| Untracked 
|  78|0x000000072c000000, 0x000000072c200000, 0x000000072c200000|100%| O|  |TAMS 0x000000072c000000| PB 0x000000072c000000| Untracked 
|  79|0x000000072c200000, 0x000000072c400000, 0x000000072c400000|100%| O|  |TAMS 0x000000072c200000| PB 0x000000072c200000| Untracked 
|  80|0x000000072c400000, 0x000000072c600000, 0x000000072c600000|100%| O|  |TAMS 0x000000072c400000| PB 0x000000072c400000| Untracked 
|  81|0x000000072c600000, 0x000000072c800000, 0x000000072c800000|100%| O|  |TAMS 0x000000072c600000| PB 0x000000072c600000| Untracked 
|  82|0x000000072c800000, 0x000000072ca00000, 0x000000072ca00000|100%| O|  |TAMS 0x000000072c800000| PB 0x000000072c800000| Untracked 
|  83|0x000000072ca00000, 0x000000072cc00000, 0x000000072cc00000|100%| O|  |TAMS 0x000000072ca00000| PB 0x000000072ca00000| Untracked 
|  84|0x000000072cc00000, 0x000000072ce00000, 0x000000072ce00000|100%| O|  |TAMS 0x000000072cc00000| PB 0x000000072cc00000| Untracked 
|  85|0x000000072ce00000, 0x000000072d000000, 0x000000072d000000|100%| O|  |TAMS 0x000000072ce00000| PB 0x000000072ce00000| Untracked 
|  86|0x000000072d000000, 0x000000072d200000, 0x000000072d200000|100%| O|  |TAMS 0x000000072d000000| PB 0x000000072d000000| Untracked 
|  87|0x000000072d200000, 0x000000072d400000, 0x000000072d400000|100%| O|  |TAMS 0x000000072d200000| PB 0x000000072d200000| Untracked 
|  88|0x000000072d400000, 0x000000072d600000, 0x000000072d600000|100%| O|  |TAMS 0x000000072d400000| PB 0x000000072d400000| Untracked 
|  89|0x000000072d600000, 0x000000072d800000, 0x000000072d800000|100%| O|  |TAMS 0x000000072d600000| PB 0x000000072d600000| Untracked 
|  90|0x000000072d800000, 0x000000072da00000, 0x000000072da00000|100%| O|  |TAMS 0x000000072d800000| PB 0x000000072d800000| Untracked 
|  91|0x000000072da00000, 0x000000072dc00000, 0x000000072dc00000|100%| O|  |TAMS 0x000000072da00000| PB 0x000000072da00000| Untracked 
|  92|0x000000072dc00000, 0x000000072de00000, 0x000000072de00000|100%| O|  |TAMS 0x000000072dc00000| PB 0x000000072dc00000| Untracked 
|  93|0x000000072de00000, 0x000000072e000000, 0x000000072e000000|100%| O|  |TAMS 0x000000072de00000| PB 0x000000072de00000| Untracked 
|  94|0x000000072e000000, 0x000000072e200000, 0x000000072e200000|100%| O|  |TAMS 0x000000072e000000| PB 0x000000072e000000| Untracked 
|  95|0x000000072e200000, 0x000000072e400000, 0x000000072e400000|100%| O|  |TAMS 0x000000072e200000| PB 0x000000072e200000| Untracked 
|  96|0x000000072e400000, 0x000000072e600000, 0x000000072e600000|100%| O|  |TAMS 0x000000072e400000| PB 0x000000072e400000| Untracked 
|  97|0x000000072e600000, 0x000000072e800000, 0x000000072e800000|100%| O|  |TAMS 0x000000072e600000| PB 0x000000072e600000| Untracked 
|  98|0x000000072e800000, 0x000000072ea00000, 0x000000072ea00000|100%| O|  |TAMS 0x000000072e800000| PB 0x000000072e800000| Untracked 
|  99|0x000000072ea00000, 0x000000072ec00000, 0x000000072ec00000|100%| O|  |TAMS 0x000000072ea00000| PB 0x000000072ea00000| Untracked 
| 100|0x000000072ec00000, 0x000000072ee00000, 0x000000072ee00000|100%| O|  |TAMS 0x000000072ec00000| PB 0x000000072ec00000| Untracked 
| 101|0x000000072ee00000, 0x000000072f000000, 0x000000072f000000|100%| O|  |TAMS 0x000000072ee00000| PB 0x000000072ee00000| Untracked 
| 102|0x000000072f000000, 0x000000072f200000, 0x000000072f200000|100%| O|  |TAMS 0x000000072f000000| PB 0x000000072f000000| Untracked 
| 103|0x000000072f200000, 0x000000072f400000, 0x000000072f400000|100%| O|  |TAMS 0x000000072f200000| PB 0x000000072f200000| Untracked 
| 104|0x000000072f400000, 0x000000072f600000, 0x000000072f600000|100%| O|  |TAMS 0x000000072f400000| PB 0x000000072f400000| Untracked 
| 105|0x000000072f600000, 0x000000072f800000, 0x000000072f800000|100%| O|  |TAMS 0x000000072f600000| PB 0x000000072f600000| Untracked 
| 106|0x000000072f800000, 0x000000072fa00000, 0x000000072fa00000|100%| O|  |TAMS 0x000000072f800000| PB 0x000000072f800000| Untracked 
| 107|0x000000072fa00000, 0x000000072fc00000, 0x000000072fc00000|100%| O|  |TAMS 0x000000072fa00000| PB 0x000000072fa00000| Untracked 
| 108|0x000000072fc00000, 0x000000072fe00000, 0x000000072fe00000|100%| O|  |TAMS 0x000000072fc00000| PB 0x000000072fc00000| Untracked 
| 109|0x000000072fe00000, 0x0000000730000000, 0x0000000730000000|100%| O|  |TAMS 0x000000072fe00000| PB 0x000000072fe00000| Untracked 
| 110|0x0000000730000000, 0x0000000730200000, 0x0000000730200000|100%| O|  |TAMS 0x0000000730000000| PB 0x0000000730000000| Untracked 
| 111|0x0000000730200000, 0x0000000730400000, 0x0000000730400000|100%| O|  |TAMS 0x0000000730200000| PB 0x0000000730200000| Untracked 
| 112|0x0000000730400000, 0x0000000730600000, 0x0000000730600000|100%| O|  |TAMS 0x0000000730400000| PB 0x0000000730400000| Untracked 
| 113|0x0000000730600000, 0x0000000730800000, 0x0000000730800000|100%| O|  |TAMS 0x0000000730600000| PB 0x0000000730600000| Untracked 
| 114|0x0000000730800000, 0x0000000730a00000, 0x0000000730a00000|100%| O|  |TAMS 0x0000000730800000| PB 0x0000000730800000| Untracked 
| 115|0x0000000730a00000, 0x0000000730c00000, 0x0000000730c00000|100%| O|  |TAMS 0x0000000730a00000| PB 0x0000000730a00000| Untracked 
| 116|0x0000000730c00000, 0x0000000730e00000, 0x0000000730e00000|100%| O|  |TAMS 0x0000000730c00000| PB 0x0000000730c00000| Untracked 
| 117|0x0000000730e00000, 0x0000000731000000, 0x0000000731000000|100%| O|  |TAMS 0x0000000730e00000| PB 0x0000000730e00000| Untracked 
| 118|0x0000000731000000, 0x0000000731200000, 0x0000000731200000|100%| O|  |TAMS 0x0000000731000000| PB 0x0000000731000000| Untracked 
| 119|0x0000000731200000, 0x0000000731400000, 0x0000000731400000|100%| O|  |TAMS 0x0000000731200000| PB 0x0000000731200000| Untracked 
| 120|0x0000000731400000, 0x0000000731600000, 0x0000000731600000|100%| O|  |TAMS 0x0000000731400000| PB 0x0000000731400000| Untracked 
| 121|0x0000000731600000, 0x0000000731800000, 0x0000000731800000|100%| O|  |TAMS 0x0000000731600000| PB 0x0000000731600000| Untracked 
| 122|0x0000000731800000, 0x0000000731a00000, 0x0000000731a00000|100%| O|  |TAMS 0x0000000731800000| PB 0x0000000731800000| Untracked 
| 123|0x0000000731a00000, 0x0000000731c00000, 0x0000000731c00000|100%| O|  |TAMS 0x0000000731a00000| PB 0x0000000731a00000| Untracked 
| 124|0x0000000731c00000, 0x0000000731e00000, 0x0000000731e00000|100%| O|  |TAMS 0x0000000731c00000| PB 0x0000000731c00000| Untracked 
| 125|0x0000000731e00000, 0x0000000732000000, 0x0000000732000000|100%| O|  |TAMS 0x0000000731e00000| PB 0x0000000731e00000| Untracked 
| 126|0x0000000732000000, 0x0000000732200000, 0x0000000732200000|100%| O|  |TAMS 0x0000000732000000| PB 0x0000000732000000| Untracked 
| 127|0x0000000732200000, 0x0000000732400000, 0x0000000732400000|100%| O|  |TAMS 0x0000000732200000| PB 0x0000000732200000| Untracked 
| 128|0x0000000732400000, 0x0000000732600000, 0x0000000732600000|100%| O|  |TAMS 0x0000000732400000| PB 0x0000000732400000| Untracked 
| 129|0x0000000732600000, 0x0000000732800000, 0x0000000732800000|100%| O|  |TAMS 0x0000000732600000| PB 0x0000000732600000| Untracked 
| 130|0x0000000732800000, 0x0000000732a00000, 0x0000000732a00000|100%| O|  |TAMS 0x0000000732800000| PB 0x0000000732800000| Untracked 
| 131|0x0000000732a00000, 0x0000000732c00000, 0x0000000732c00000|100%| O|  |TAMS 0x0000000732a00000| PB 0x0000000732a00000| Untracked 
| 132|0x0000000732c00000, 0x0000000732e00000, 0x0000000732e00000|100%| O|  |TAMS 0x0000000732c00000| PB 0x0000000732c00000| Untracked 
| 133|0x0000000732e00000, 0x0000000733000000, 0x0000000733000000|100%| O|  |TAMS 0x0000000732e00000| PB 0x0000000732e00000| Untracked 
| 134|0x0000000733000000, 0x0000000733200000, 0x0000000733200000|100%| O|  |TAMS 0x0000000733000000| PB 0x0000000733000000| Untracked 
| 135|0x0000000733200000, 0x0000000733400000, 0x0000000733400000|100%| O|  |TAMS 0x0000000733200000| PB 0x0000000733200000| Untracked 
| 136|0x0000000733400000, 0x0000000733600000, 0x0000000733600000|100%| O|  |TAMS 0x0000000733400000| PB 0x0000000733400000| Untracked 
| 137|0x0000000733600000, 0x0000000733800000, 0x0000000733800000|100%| O|  |TAMS 0x0000000733600000| PB 0x0000000733600000| Untracked 
| 138|0x0000000733800000, 0x0000000733a00000, 0x0000000733a00000|100%| O|  |TAMS 0x0000000733800000| PB 0x0000000733800000| Untracked 
| 139|0x0000000733a00000, 0x0000000733c00000, 0x0000000733c00000|100%| O|  |TAMS 0x0000000733a00000| PB 0x0000000733a00000| Untracked 
| 140|0x0000000733c00000, 0x0000000733e00000, 0x0000000733e00000|100%| O|  |TAMS 0x0000000733c00000| PB 0x0000000733c00000| Untracked 
| 141|0x0000000733e00000, 0x0000000734000000, 0x0000000734000000|100%| O|  |TAMS 0x0000000733e00000| PB 0x0000000733e00000| Untracked 
| 142|0x0000000734000000, 0x0000000734200000, 0x0000000734200000|100%| O|  |TAMS 0x0000000734000000| PB 0x0000000734000000| Untracked 
| 143|0x0000000734200000, 0x0000000734400000, 0x0000000734400000|100%| O|  |TAMS 0x0000000734200000| PB 0x0000000734200000| Untracked 
| 144|0x0000000734400000, 0x0000000734600000, 0x0000000734600000|100%| O|  |TAMS 0x0000000734400000| PB 0x0000000734400000| Untracked 
| 145|0x0000000734600000, 0x0000000734800000, 0x0000000734800000|100%| O|  |TAMS 0x0000000734600000| PB 0x0000000734600000| Untracked 
| 146|0x0000000734800000, 0x0000000734a00000, 0x0000000734a00000|100%| O|  |TAMS 0x0000000734800000| PB 0x0000000734800000| Untracked 
| 147|0x0000000734a00000, 0x0000000734c00000, 0x0000000734c00000|100%| O|  |TAMS 0x0000000734a00000| PB 0x0000000734a00000| Untracked 
| 148|0x0000000734c00000, 0x0000000734e00000, 0x0000000734e00000|100%| O|  |TAMS 0x0000000734c00000| PB 0x0000000734c00000| Untracked 
| 149|0x0000000734e00000, 0x0000000735000000, 0x0000000735000000|100%| O|  |TAMS 0x0000000734e00000| PB 0x0000000734e00000| Untracked 
| 150|0x0000000735000000, 0x0000000735200000, 0x0000000735200000|100%| O|  |TAMS 0x0000000735000000| PB 0x0000000735000000| Untracked 
| 151|0x0000000735200000, 0x0000000735400000, 0x0000000735400000|100%| O|  |TAMS 0x0000000735200000| PB 0x0000000735200000| Untracked 
| 152|0x0000000735400000, 0x0000000735600000, 0x0000000735600000|100%| O|  |TAMS 0x0000000735400000| PB 0x0000000735400000| Untracked 
| 153|0x0000000735600000, 0x0000000735800000, 0x0000000735800000|100%| O|  |TAMS 0x0000000735600000| PB 0x0000000735600000| Untracked 
| 154|0x0000000735800000, 0x0000000735a00000, 0x0000000735a00000|100%| O|  |TAMS 0x0000000735800000| PB 0x0000000735800000| Untracked 
| 155|0x0000000735a00000, 0x0000000735c00000, 0x0000000735c00000|100%| O|  |TAMS 0x0000000735a00000| PB 0x0000000735a00000| Untracked 
| 156|0x0000000735c00000, 0x0000000735e00000, 0x0000000735e00000|100%| O|  |TAMS 0x0000000735c00000| PB 0x0000000735c00000| Untracked 
| 157|0x0000000735e00000, 0x0000000736000000, 0x0000000736000000|100%| O|  |TAMS 0x0000000735e00000| PB 0x0000000735e00000| Untracked 
| 158|0x0000000736000000, 0x0000000736200000, 0x0000000736200000|100%| O|  |TAMS 0x0000000736000000| PB 0x0000000736000000| Untracked 
| 159|0x0000000736200000, 0x0000000736400000, 0x0000000736400000|100%| O|  |TAMS 0x0000000736200000| PB 0x0000000736200000| Untracked 
| 160|0x0000000736400000, 0x0000000736600000, 0x0000000736600000|100%| O|  |TAMS 0x0000000736400000| PB 0x0000000736400000| Untracked 
| 161|0x0000000736600000, 0x0000000736800000, 0x0000000736800000|100%| O|  |TAMS 0x0000000736600000| PB 0x0000000736600000| Untracked 
| 162|0x0000000736800000, 0x0000000736a00000, 0x0000000736a00000|100%| O|  |TAMS 0x0000000736800000| PB 0x0000000736800000| Untracked 
| 163|0x0000000736a00000, 0x0000000736c00000, 0x0000000736c00000|100%| O|  |TAMS 0x0000000736a00000| PB 0x0000000736a00000| Untracked 
| 164|0x0000000736c00000, 0x0000000736e00000, 0x0000000736e00000|100%| O|  |TAMS 0x0000000736c00000| PB 0x0000000736c00000| Untracked 
| 165|0x0000000736e00000, 0x0000000737000000, 0x0000000737000000|100%| O|  |TAMS 0x0000000736e00000| PB 0x0000000736e00000| Untracked 
| 166|0x0000000737000000, 0x0000000737200000, 0x0000000737200000|100%| O|  |TAMS 0x0000000737000000| PB 0x0000000737000000| Untracked 
| 167|0x0000000737200000, 0x0000000737400000, 0x0000000737400000|100%| O|  |TAMS 0x0000000737200000| PB 0x0000000737200000| Untracked 
| 168|0x0000000737400000, 0x0000000737600000, 0x0000000737600000|100%| O|  |TAMS 0x0000000737400000| PB 0x0000000737400000| Untracked 
| 169|0x0000000737600000, 0x0000000737800000, 0x0000000737800000|100%| O|  |TAMS 0x0000000737600000| PB 0x0000000737600000| Untracked 
| 170|0x0000000737800000, 0x0000000737a00000, 0x0000000737a00000|100%| O|  |TAMS 0x0000000737800000| PB 0x0000000737800000| Untracked 
| 171|0x0000000737a00000, 0x0000000737c00000, 0x0000000737c00000|100%| O|  |TAMS 0x0000000737a00000| PB 0x0000000737a00000| Untracked 
| 172|0x0000000737c00000, 0x0000000737e00000, 0x0000000737e00000|100%| O|  |TAMS 0x0000000737c00000| PB 0x0000000737c00000| Untracked 
| 173|0x0000000737e00000, 0x0000000738000000, 0x0000000738000000|100%| O|  |TAMS 0x0000000737e00000| PB 0x0000000737e00000| Untracked 
| 174|0x0000000738000000, 0x0000000738200000, 0x0000000738200000|100%| O|  |TAMS 0x0000000738000000| PB 0x0000000738000000| Untracked 
| 175|0x0000000738200000, 0x0000000738400000, 0x0000000738400000|100%| O|  |TAMS 0x0000000738200000| PB 0x0000000738200000| Untracked 
| 176|0x0000000738400000, 0x0000000738600000, 0x0000000738600000|100%| O|  |TAMS 0x0000000738400000| PB 0x0000000738400000| Untracked 
| 177|0x0000000738600000, 0x0000000738800000, 0x0000000738800000|100%| O|  |TAMS 0x0000000738600000| PB 0x0000000738600000| Untracked 
| 178|0x0000000738800000, 0x0000000738a00000, 0x0000000738a00000|100%| O|  |TAMS 0x0000000738800000| PB 0x0000000738800000| Untracked 
| 179|0x0000000738a00000, 0x0000000738c00000, 0x0000000738c00000|100%| O|  |TAMS 0x0000000738a00000| PB 0x0000000738a00000| Untracked 
| 180|0x0000000738c00000, 0x0000000738e00000, 0x0000000738e00000|100%| O|  |TAMS 0x0000000738c00000| PB 0x0000000738c00000| Untracked 
| 181|0x0000000738e00000, 0x0000000739000000, 0x0000000739000000|100%| O|  |TAMS 0x0000000738e00000| PB 0x0000000738e00000| Untracked 
| 182|0x0000000739000000, 0x0000000739200000, 0x0000000739200000|100%| O|  |TAMS 0x0000000739000000| PB 0x0000000739000000| Untracked 
| 183|0x0000000739200000, 0x0000000739400000, 0x0000000739400000|100%| O|  |TAMS 0x0000000739200000| PB 0x0000000739200000| Untracked 
| 184|0x0000000739400000, 0x0000000739600000, 0x0000000739600000|100%| O|  |TAMS 0x0000000739400000| PB 0x0000000739400000| Untracked 
| 185|0x0000000739600000, 0x0000000739800000, 0x0000000739800000|100%| O|  |TAMS 0x0000000739600000| PB 0x0000000739600000| Untracked 
| 186|0x0000000739800000, 0x0000000739a00000, 0x0000000739a00000|100%| O|  |TAMS 0x0000000739800000| PB 0x0000000739800000| Untracked 
| 187|0x0000000739a00000, 0x0000000739c00000, 0x0000000739c00000|100%| O|  |TAMS 0x0000000739a00000| PB 0x0000000739a00000| Untracked 
| 188|0x0000000739c00000, 0x0000000739e00000, 0x0000000739e00000|100%| O|  |TAMS 0x0000000739c00000| PB 0x0000000739c00000| Untracked 
| 189|0x0000000739e00000, 0x000000073a000000, 0x000000073a000000|100%| O|  |TAMS 0x0000000739e00000| PB 0x0000000739e00000| Untracked 
| 190|0x000000073a000000, 0x000000073a200000, 0x000000073a200000|100%| O|  |TAMS 0x000000073a000000| PB 0x000000073a000000| Untracked 
| 191|0x000000073a200000, 0x000000073a400000, 0x000000073a400000|100%| O|  |TAMS 0x000000073a200000| PB 0x000000073a200000| Untracked 
| 192|0x000000073a400000, 0x000000073a600000, 0x000000073a600000|100%| O|  |TAMS 0x000000073a400000| PB 0x000000073a400000| Untracked 
| 193|0x000000073a600000, 0x000000073a800000, 0x000000073a800000|100%| O|  |TAMS 0x000000073a600000| PB 0x000000073a600000| Untracked 
| 194|0x000000073a800000, 0x000000073aa00000, 0x000000073aa00000|100%| O|  |TAMS 0x000000073a800000| PB 0x000000073a800000| Untracked 
| 195|0x000000073aa00000, 0x000000073ac00000, 0x000000073ac00000|100%| O|  |TAMS 0x000000073aa00000| PB 0x000000073aa00000| Untracked 
| 196|0x000000073ac00000, 0x000000073ae00000, 0x000000073ae00000|100%| O|  |TAMS 0x000000073ac00000| PB 0x000000073ac00000| Untracked 
| 197|0x000000073ae00000, 0x000000073b000000, 0x000000073b000000|100%| O|  |TAMS 0x000000073ae00000| PB 0x000000073ae00000| Untracked 
| 198|0x000000073b000000, 0x000000073b200000, 0x000000073b200000|100%| O|  |TAMS 0x000000073b000000| PB 0x000000073b000000| Untracked 
| 199|0x000000073b200000, 0x000000073b400000, 0x000000073b400000|100%| O|  |TAMS 0x000000073b200000| PB 0x000000073b200000| Untracked 
| 200|0x000000073b400000, 0x000000073b600000, 0x000000073b600000|100%| O|  |TAMS 0x000000073b400000| PB 0x000000073b400000| Untracked 
| 201|0x000000073b600000, 0x000000073b800000, 0x000000073b800000|100%| O|  |TAMS 0x000000073b600000| PB 0x000000073b600000| Untracked 
| 202|0x000000073b800000, 0x000000073ba00000, 0x000000073ba00000|100%| O|  |TAMS 0x000000073b800000| PB 0x000000073b800000| Untracked 
| 203|0x000000073ba00000, 0x000000073bc00000, 0x000000073bc00000|100%| O|  |TAMS 0x000000073ba00000| PB 0x000000073ba00000| Untracked 
| 204|0x000000073bc00000, 0x000000073be00000, 0x000000073be00000|100%| O|  |TAMS 0x000000073bc00000| PB 0x000000073bc00000| Untracked 
| 205|0x000000073be00000, 0x000000073c000000, 0x000000073c000000|100%| O|  |TAMS 0x000000073be00000| PB 0x000000073be00000| Untracked 
| 206|0x000000073c000000, 0x000000073c200000, 0x000000073c200000|100%| O|  |TAMS 0x000000073c000000| PB 0x000000073c000000| Untracked 
| 207|0x000000073c200000, 0x000000073c400000, 0x000000073c400000|100%| O|  |TAMS 0x000000073c200000| PB 0x000000073c200000| Untracked 
| 208|0x000000073c400000, 0x000000073c600000, 0x000000073c600000|100%| O|  |TAMS 0x000000073c400000| PB 0x000000073c400000| Untracked 
| 209|0x000000073c600000, 0x000000073c800000, 0x000000073c800000|100%| O|  |TAMS 0x000000073c600000| PB 0x000000073c600000| Untracked 
| 210|0x000000073c800000, 0x000000073ca00000, 0x000000073ca00000|100%| O|  |TAMS 0x000000073c800000| PB 0x000000073c800000| Untracked 
| 211|0x000000073ca00000, 0x000000073cc00000, 0x000000073cc00000|100%| O|  |TAMS 0x000000073ca00000| PB 0x000000073ca00000| Untracked 
| 212|0x000000073cc00000, 0x000000073ce00000, 0x000000073ce00000|100%| O|  |TAMS 0x000000073cc00000| PB 0x000000073cc00000| Untracked 
| 213|0x000000073ce00000, 0x000000073d000000, 0x000000073d000000|100%| O|  |TAMS 0x000000073ce00000| PB 0x000000073ce00000| Untracked 
| 214|0x000000073d000000, 0x000000073d200000, 0x000000073d200000|100%| O|  |TAMS 0x000000073d000000| PB 0x000000073d000000| Untracked 
| 215|0x000000073d200000, 0x000000073d400000, 0x000000073d400000|100%| O|  |TAMS 0x000000073d200000| PB 0x000000073d200000| Untracked 
| 216|0x000000073d400000, 0x000000073d600000, 0x000000073d600000|100%| O|  |TAMS 0x000000073d400000| PB 0x000000073d400000| Untracked 
| 217|0x000000073d600000, 0x000000073d800000, 0x000000073d800000|100%| O|  |TAMS 0x000000073d600000| PB 0x000000073d600000| Untracked 
| 218|0x000000073d800000, 0x000000073da00000, 0x000000073da00000|100%| O|  |TAMS 0x000000073d800000| PB 0x000000073d800000| Untracked 
| 219|0x000000073da00000, 0x000000073dc00000, 0x000000073dc00000|100%| O|  |TAMS 0x000000073da00000| PB 0x000000073da00000| Untracked 
| 220|0x000000073dc00000, 0x000000073de00000, 0x000000073de00000|100%| O|  |TAMS 0x000000073dc00000| PB 0x000000073dc00000| Untracked 
| 221|0x000000073de00000, 0x000000073e000000, 0x000000073e000000|100%| O|  |TAMS 0x000000073de00000| PB 0x000000073de00000| Untracked 
| 222|0x000000073e000000, 0x000000073e200000, 0x000000073e200000|100%| O|  |TAMS 0x000000073e000000| PB 0x000000073e000000| Untracked 
| 223|0x000000073e200000, 0x000000073e400000, 0x000000073e400000|100%| O|  |TAMS 0x000000073e200000| PB 0x000000073e200000| Untracked 
| 224|0x000000073e400000, 0x000000073e600000, 0x000000073e600000|100%| O|  |TAMS 0x000000073e400000| PB 0x000000073e400000| Untracked 
| 225|0x000000073e600000, 0x000000073e800000, 0x000000073e800000|100%| O|  |TAMS 0x000000073e600000| PB 0x000000073e600000| Untracked 
| 226|0x000000073e800000, 0x000000073ea00000, 0x000000073ea00000|100%| O|  |TAMS 0x000000073e800000| PB 0x000000073e800000| Untracked 
| 227|0x000000073ea00000, 0x000000073ec00000, 0x000000073ec00000|100%| O|  |TAMS 0x000000073ea00000| PB 0x000000073ea00000| Untracked 
| 228|0x000000073ec00000, 0x000000073ee00000, 0x000000073ee00000|100%| O|  |TAMS 0x000000073ec00000| PB 0x000000073ec00000| Untracked 
| 229|0x000000073ee00000, 0x000000073f000000, 0x000000073f000000|100%| O|  |TAMS 0x000000073ee00000| PB 0x000000073ee00000| Untracked 
| 230|0x000000073f000000, 0x000000073f200000, 0x000000073f200000|100%| O|  |TAMS 0x000000073f000000| PB 0x000000073f000000| Untracked 
| 231|0x000000073f200000, 0x000000073f400000, 0x000000073f400000|100%| O|  |TAMS 0x000000073f200000| PB 0x000000073f200000| Untracked 
| 232|0x000000073f400000, 0x000000073f600000, 0x000000073f600000|100%| O|  |TAMS 0x000000073f400000| PB 0x000000073f400000| Untracked 
| 233|0x000000073f600000, 0x000000073f800000, 0x000000073f800000|100%| O|  |TAMS 0x000000073f600000| PB 0x000000073f600000| Untracked 
| 234|0x000000073f800000, 0x000000073fa00000, 0x000000073fa00000|100%| O|  |TAMS 0x000000073f800000| PB 0x000000073f800000| Untracked 
| 235|0x000000073fa00000, 0x000000073fc00000, 0x000000073fc00000|100%| O|  |TAMS 0x000000073fa00000| PB 0x000000073fa00000| Untracked 
| 236|0x000000073fc00000, 0x000000073fe00000, 0x000000073fe00000|100%| O|  |TAMS 0x000000073fc00000| PB 0x000000073fc00000| Untracked 
| 237|0x000000073fe00000, 0x0000000740000000, 0x0000000740000000|100%| O|  |TAMS 0x000000073fe00000| PB 0x000000073fe00000| Untracked 
| 238|0x0000000740000000, 0x0000000740200000, 0x0000000740200000|100%| O|  |TAMS 0x0000000740000000| PB 0x0000000740000000| Untracked 
| 239|0x0000000740200000, 0x0000000740400000, 0x0000000740400000|100%| O|  |TAMS 0x0000000740200000| PB 0x0000000740200000| Untracked 
| 240|0x0000000740400000, 0x0000000740600000, 0x0000000740600000|100%| O|  |TAMS 0x0000000740400000| PB 0x0000000740400000| Untracked 
| 241|0x0000000740600000, 0x0000000740800000, 0x0000000740800000|100%| O|  |TAMS 0x0000000740600000| PB 0x0000000740600000| Untracked 
| 242|0x0000000740800000, 0x0000000740a00000, 0x0000000740a00000|100%| O|  |TAMS 0x0000000740800000| PB 0x0000000740800000| Untracked 
| 243|0x0000000740a00000, 0x0000000740c00000, 0x0000000740c00000|100%| O|  |TAMS 0x0000000740a00000| PB 0x0000000740a00000| Untracked 
| 244|0x0000000740c00000, 0x0000000740e00000, 0x0000000740e00000|100%| O|  |TAMS 0x0000000740c00000| PB 0x0000000740c00000| Untracked 
| 245|0x0000000740e00000, 0x0000000741000000, 0x0000000741000000|100%| O|  |TAMS 0x0000000740e00000| PB 0x0000000740e00000| Untracked 
| 246|0x0000000741000000, 0x0000000741200000, 0x0000000741200000|100%| O|  |TAMS 0x0000000741000000| PB 0x0000000741000000| Untracked 
| 247|0x0000000741200000, 0x0000000741400000, 0x0000000741400000|100%| O|  |TAMS 0x0000000741200000| PB 0x0000000741200000| Untracked 
| 248|0x0000000741400000, 0x0000000741600000, 0x0000000741600000|100%| O|  |TAMS 0x0000000741400000| PB 0x0000000741400000| Untracked 
| 249|0x0000000741600000, 0x0000000741800000, 0x0000000741800000|100%| O|  |TAMS 0x0000000741600000| PB 0x0000000741600000| Untracked 
| 250|0x0000000741800000, 0x0000000741a00000, 0x0000000741a00000|100%| O|  |TAMS 0x0000000741800000| PB 0x0000000741800000| Untracked 
| 251|0x0000000741a00000, 0x0000000741c00000, 0x0000000741c00000|100%| O|  |TAMS 0x0000000741a00000| PB 0x0000000741a00000| Untracked 
| 252|0x0000000741c00000, 0x0000000741e00000, 0x0000000741e00000|100%| O|  |TAMS 0x0000000741c00000| PB 0x0000000741c00000| Untracked 
| 253|0x0000000741e00000, 0x0000000742000000, 0x0000000742000000|100%| O|  |TAMS 0x0000000741e00000| PB 0x0000000741e00000| Untracked 
| 254|0x0000000742000000, 0x0000000742200000, 0x0000000742200000|100%| O|  |TAMS 0x0000000742000000| PB 0x0000000742000000| Untracked 
| 255|0x0000000742200000, 0x0000000742400000, 0x0000000742400000|100%| O|  |TAMS 0x0000000742200000| PB 0x0000000742200000| Untracked 
| 256|0x0000000742400000, 0x0000000742600000, 0x0000000742600000|100%| O|  |TAMS 0x0000000742400000| PB 0x0000000742400000| Untracked 
| 257|0x0000000742600000, 0x0000000742800000, 0x0000000742800000|100%| O|  |TAMS 0x0000000742600000| PB 0x0000000742600000| Untracked 
| 258|0x0000000742800000, 0x0000000742a00000, 0x0000000742a00000|100%| O|  |TAMS 0x0000000742800000| PB 0x0000000742800000| Untracked 
| 259|0x0000000742a00000, 0x0000000742c00000, 0x0000000742c00000|100%| O|  |TAMS 0x0000000742a00000| PB 0x0000000742a00000| Untracked 
| 260|0x0000000742c00000, 0x0000000742e00000, 0x0000000742e00000|100%| O|  |TAMS 0x0000000742c00000| PB 0x0000000742c00000| Untracked 
| 261|0x0000000742e00000, 0x0000000743000000, 0x0000000743000000|100%| O|  |TAMS 0x0000000742e00000| PB 0x0000000742e00000| Untracked 
| 262|0x0000000743000000, 0x0000000743200000, 0x0000000743200000|100%| O|  |TAMS 0x0000000743000000| PB 0x0000000743000000| Untracked 
| 263|0x0000000743200000, 0x0000000743400000, 0x0000000743400000|100%| O|  |TAMS 0x0000000743200000| PB 0x0000000743200000| Untracked 
| 264|0x0000000743400000, 0x0000000743600000, 0x0000000743600000|100%| O|  |TAMS 0x0000000743400000| PB 0x0000000743400000| Untracked 
| 265|0x0000000743600000, 0x0000000743800000, 0x0000000743800000|100%| O|  |TAMS 0x0000000743600000| PB 0x0000000743600000| Untracked 
| 266|0x0000000743800000, 0x0000000743a00000, 0x0000000743a00000|100%| O|  |TAMS 0x0000000743800000| PB 0x0000000743800000| Untracked 
| 267|0x0000000743a00000, 0x0000000743c00000, 0x0000000743c00000|100%| O|  |TAMS 0x0000000743a00000| PB 0x0000000743a00000| Untracked 
| 268|0x0000000743c00000, 0x0000000743e00000, 0x0000000743e00000|100%| O|  |TAMS 0x0000000743c00000| PB 0x0000000743c00000| Untracked 
| 269|0x0000000743e00000, 0x0000000744000000, 0x0000000744000000|100%| O|  |TAMS 0x0000000743e00000| PB 0x0000000743e00000| Untracked 
| 270|0x0000000744000000, 0x0000000744200000, 0x0000000744200000|100%| O|  |TAMS 0x0000000744000000| PB 0x0000000744000000| Untracked 
| 271|0x0000000744200000, 0x0000000744400000, 0x0000000744400000|100%| O|  |TAMS 0x0000000744200000| PB 0x0000000744200000| Untracked 
| 272|0x0000000744400000, 0x0000000744600000, 0x0000000744600000|100%| O|  |TAMS 0x0000000744400000| PB 0x0000000744400000| Untracked 
| 273|0x0000000744600000, 0x0000000744800000, 0x0000000744800000|100%| O|  |TAMS 0x0000000744600000| PB 0x0000000744600000| Untracked 
| 274|0x0000000744800000, 0x0000000744a00000, 0x0000000744a00000|100%| O|  |TAMS 0x0000000744800000| PB 0x0000000744800000| Untracked 
| 275|0x0000000744a00000, 0x0000000744c00000, 0x0000000744c00000|100%| O|  |TAMS 0x0000000744a00000| PB 0x0000000744a00000| Untracked 
| 276|0x0000000744c00000, 0x0000000744e00000, 0x0000000744e00000|100%| O|  |TAMS 0x0000000744c00000| PB 0x0000000744c00000| Untracked 
| 277|0x0000000744e00000, 0x0000000745000000, 0x0000000745000000|100%| O|  |TAMS 0x0000000744e00000| PB 0x0000000744e00000| Untracked 
| 278|0x0000000745000000, 0x0000000745200000, 0x0000000745200000|100%| O|  |TAMS 0x0000000745000000| PB 0x0000000745000000| Untracked 
| 279|0x0000000745200000, 0x0000000745400000, 0x0000000745400000|100%| O|  |TAMS 0x0000000745200000| PB 0x0000000745200000| Untracked 
| 280|0x0000000745400000, 0x0000000745600000, 0x0000000745600000|100%| O|  |TAMS 0x0000000745400000| PB 0x0000000745400000| Untracked 
| 281|0x0000000745600000, 0x0000000745800000, 0x0000000745800000|100%| O|  |TAMS 0x0000000745600000| PB 0x0000000745600000| Untracked 
| 282|0x0000000745800000, 0x0000000745a00000, 0x0000000745a00000|100%| O|  |TAMS 0x0000000745800000| PB 0x0000000745800000| Untracked 
| 283|0x0000000745a00000, 0x0000000745c00000, 0x0000000745c00000|100%| O|  |TAMS 0x0000000745a00000| PB 0x0000000745a00000| Untracked 
| 284|0x0000000745c00000, 0x0000000745e00000, 0x0000000745e00000|100%| O|  |TAMS 0x0000000745c00000| PB 0x0000000745c00000| Untracked 
| 285|0x0000000745e00000, 0x0000000746000000, 0x0000000746000000|100%| O|  |TAMS 0x0000000745e00000| PB 0x0000000745e00000| Untracked 
| 286|0x0000000746000000, 0x0000000746200000, 0x0000000746200000|100%| O|  |TAMS 0x0000000746000000| PB 0x0000000746000000| Untracked 
| 287|0x0000000746200000, 0x0000000746400000, 0x0000000746400000|100%| O|  |TAMS 0x0000000746200000| PB 0x0000000746200000| Untracked 
| 288|0x0000000746400000, 0x0000000746600000, 0x0000000746600000|100%| O|  |TAMS 0x0000000746400000| PB 0x0000000746400000| Untracked 
| 289|0x0000000746600000, 0x0000000746800000, 0x0000000746800000|100%| O|  |TAMS 0x0000000746600000| PB 0x0000000746600000| Untracked 
| 290|0x0000000746800000, 0x0000000746a00000, 0x0000000746a00000|100%| O|  |TAMS 0x0000000746800000| PB 0x0000000746800000| Untracked 
| 291|0x0000000746a00000, 0x0000000746c00000, 0x0000000746c00000|100%| O|  |TAMS 0x0000000746a00000| PB 0x0000000746a00000| Untracked 
| 292|0x0000000746c00000, 0x0000000746e00000, 0x0000000746e00000|100%| O|  |TAMS 0x0000000746c00000| PB 0x0000000746c00000| Untracked 
| 293|0x0000000746e00000, 0x0000000747000000, 0x0000000747000000|100%| O|  |TAMS 0x0000000746e00000| PB 0x0000000746e00000| Untracked 
| 294|0x0000000747000000, 0x0000000747200000, 0x0000000747200000|100%| O|  |TAMS 0x0000000747000000| PB 0x0000000747000000| Untracked 
| 295|0x0000000747200000, 0x0000000747400000, 0x0000000747400000|100%| O|  |TAMS 0x0000000747200000| PB 0x0000000747200000| Untracked 
| 296|0x0000000747400000, 0x0000000747600000, 0x0000000747600000|100%| O|  |TAMS 0x0000000747400000| PB 0x0000000747400000| Untracked 
| 297|0x0000000747600000, 0x0000000747800000, 0x0000000747800000|100%| O|  |TAMS 0x0000000747600000| PB 0x0000000747600000| Untracked 
| 298|0x0000000747800000, 0x0000000747a00000, 0x0000000747a00000|100%| O|  |TAMS 0x0000000747800000| PB 0x0000000747800000| Untracked 
| 299|0x0000000747a00000, 0x0000000747c00000, 0x0000000747c00000|100%| O|  |TAMS 0x0000000747a00000| PB 0x0000000747a00000| Untracked 
| 300|0x0000000747c00000, 0x0000000747e00000, 0x0000000747e00000|100%| O|  |TAMS 0x0000000747c00000| PB 0x0000000747c00000| Untracked 
| 301|0x0000000747e00000, 0x0000000748000000, 0x0000000748000000|100%| O|  |TAMS 0x0000000747e00000| PB 0x0000000747e00000| Untracked 
| 302|0x0000000748000000, 0x0000000748200000, 0x0000000748200000|100%| O|  |TAMS 0x0000000748000000| PB 0x0000000748000000| Untracked 
| 303|0x0000000748200000, 0x0000000748400000, 0x0000000748400000|100%| O|  |TAMS 0x0000000748200000| PB 0x0000000748200000| Untracked 
| 304|0x0000000748400000, 0x0000000748600000, 0x0000000748600000|100%| O|  |TAMS 0x0000000748400000| PB 0x0000000748400000| Untracked 
| 305|0x0000000748600000, 0x0000000748800000, 0x0000000748800000|100%| O|  |TAMS 0x0000000748600000| PB 0x0000000748600000| Untracked 
| 306|0x0000000748800000, 0x0000000748a00000, 0x0000000748a00000|100%| O|  |TAMS 0x0000000748800000| PB 0x0000000748800000| Untracked 
| 307|0x0000000748a00000, 0x0000000748c00000, 0x0000000748c00000|100%| O|  |TAMS 0x0000000748a00000| PB 0x0000000748a00000| Untracked 
| 308|0x0000000748c00000, 0x0000000748e00000, 0x0000000748e00000|100%| O|  |TAMS 0x0000000748c00000| PB 0x0000000748c00000| Untracked 
| 309|0x0000000748e00000, 0x0000000749000000, 0x0000000749000000|100%| O|  |TAMS 0x0000000748e00000| PB 0x0000000748e00000| Untracked 
| 310|0x0000000749000000, 0x0000000749200000, 0x0000000749200000|100%| O|  |TAMS 0x0000000749000000| PB 0x0000000749000000| Untracked 
| 311|0x0000000749200000, 0x0000000749400000, 0x0000000749400000|100%| O|  |TAMS 0x0000000749200000| PB 0x0000000749200000| Untracked 
| 312|0x0000000749400000, 0x0000000749600000, 0x0000000749600000|100%| O|  |TAMS 0x0000000749400000| PB 0x0000000749400000| Untracked 
| 313|0x0000000749600000, 0x0000000749800000, 0x0000000749800000|100%| O|  |TAMS 0x0000000749600000| PB 0x0000000749600000| Untracked 
| 314|0x0000000749800000, 0x0000000749a00000, 0x0000000749a00000|100%| O|  |TAMS 0x0000000749800000| PB 0x0000000749800000| Untracked 
| 315|0x0000000749a00000, 0x0000000749c00000, 0x0000000749c00000|100%| O|  |TAMS 0x0000000749a00000| PB 0x0000000749a00000| Untracked 
| 316|0x0000000749c00000, 0x0000000749e00000, 0x0000000749e00000|100%| O|  |TAMS 0x0000000749c00000| PB 0x0000000749c00000| Untracked 
| 317|0x0000000749e00000, 0x000000074a000000, 0x000000074a000000|100%| O|  |TAMS 0x0000000749e00000| PB 0x0000000749e00000| Untracked 
| 318|0x000000074a000000, 0x000000074a200000, 0x000000074a200000|100%| O|  |TAMS 0x000000074a000000| PB 0x000000074a000000| Untracked 
| 319|0x000000074a200000, 0x000000074a400000, 0x000000074a400000|100%| O|  |TAMS 0x000000074a200000| PB 0x000000074a200000| Untracked 
| 320|0x000000074a400000, 0x000000074a600000, 0x000000074a600000|100%| O|  |TAMS 0x000000074a400000| PB 0x000000074a400000| Untracked 
| 321|0x000000074a600000, 0x000000074a800000, 0x000000074a800000|100%| O|  |TAMS 0x000000074a600000| PB 0x000000074a600000| Untracked 
| 322|0x000000074a800000, 0x000000074aa00000, 0x000000074aa00000|100%| O|  |TAMS 0x000000074a800000| PB 0x000000074a800000| Untracked 
| 323|0x000000074aa00000, 0x000000074ac00000, 0x000000074ac00000|100%| O|  |TAMS 0x000000074aa00000| PB 0x000000074aa00000| Untracked 
| 324|0x000000074ac00000, 0x000000074ae00000, 0x000000074ae00000|100%| O|  |TAMS 0x000000074ac00000| PB 0x000000074ac00000| Untracked 
| 325|0x000000074ae00000, 0x000000074b000000, 0x000000074b000000|100%| O|  |TAMS 0x000000074ae00000| PB 0x000000074ae00000| Untracked 
| 326|0x000000074b000000, 0x000000074b200000, 0x000000074b200000|100%| O|  |TAMS 0x000000074b000000| PB 0x000000074b000000| Untracked 
| 327|0x000000074b200000, 0x000000074b400000, 0x000000074b400000|100%| O|  |TAMS 0x000000074b200000| PB 0x000000074b200000| Untracked 
| 328|0x000000074b400000, 0x000000074b600000, 0x000000074b600000|100%| O|  |TAMS 0x000000074b400000| PB 0x000000074b400000| Untracked 
| 329|0x000000074b600000, 0x000000074b800000, 0x000000074b800000|100%| O|  |TAMS 0x000000074b600000| PB 0x000000074b600000| Untracked 
| 330|0x000000074b800000, 0x000000074ba00000, 0x000000074ba00000|100%| O|  |TAMS 0x000000074b800000| PB 0x000000074b800000| Untracked 
| 331|0x000000074ba00000, 0x000000074bc00000, 0x000000074bc00000|100%| O|  |TAMS 0x000000074ba00000| PB 0x000000074ba00000| Untracked 
| 332|0x000000074bc00000, 0x000000074be00000, 0x000000074be00000|100%| O|  |TAMS 0x000000074bc00000| PB 0x000000074bc00000| Untracked 
| 333|0x000000074be00000, 0x000000074c000000, 0x000000074c000000|100%| O|  |TAMS 0x000000074be00000| PB 0x000000074be00000| Untracked 
| 334|0x000000074c000000, 0x000000074c200000, 0x000000074c200000|100%| O|  |TAMS 0x000000074c000000| PB 0x000000074c000000| Untracked 
| 335|0x000000074c200000, 0x000000074c400000, 0x000000074c400000|100%| O|  |TAMS 0x000000074c200000| PB 0x000000074c200000| Untracked 
| 336|0x000000074c400000, 0x000000074c600000, 0x000000074c600000|100%| O|  |TAMS 0x000000074c400000| PB 0x000000074c400000| Untracked 
| 337|0x000000074c600000, 0x000000074c800000, 0x000000074c800000|100%| O|  |TAMS 0x000000074c600000| PB 0x000000074c600000| Untracked 
| 338|0x000000074c800000, 0x000000074ca00000, 0x000000074ca00000|100%| O|  |TAMS 0x000000074c800000| PB 0x000000074c800000| Untracked 
| 339|0x000000074ca00000, 0x000000074cc00000, 0x000000074cc00000|100%| O|  |TAMS 0x000000074ca00000| PB 0x000000074ca00000| Untracked 
| 340|0x000000074cc00000, 0x000000074ce00000, 0x000000074ce00000|100%| O|  |TAMS 0x000000074cc00000| PB 0x000000074cc00000| Untracked 
| 341|0x000000074ce00000, 0x000000074d000000, 0x000000074d000000|100%| O|  |TAMS 0x000000074ce00000| PB 0x000000074ce00000| Untracked 
| 342|0x000000074d000000, 0x000000074d200000, 0x000000074d200000|100%| O|  |TAMS 0x000000074d000000| PB 0x000000074d000000| Untracked 
| 343|0x000000074d200000, 0x000000074d400000, 0x000000074d400000|100%| O|  |TAMS 0x000000074d200000| PB 0x000000074d200000| Untracked 
| 344|0x000000074d400000, 0x000000074d600000, 0x000000074d600000|100%| O|  |TAMS 0x000000074d400000| PB 0x000000074d400000| Untracked 
| 345|0x000000074d600000, 0x000000074d800000, 0x000000074d800000|100%| O|  |TAMS 0x000000074d600000| PB 0x000000074d600000| Untracked 
| 346|0x000000074d800000, 0x000000074da00000, 0x000000074da00000|100%| O|  |TAMS 0x000000074d800000| PB 0x000000074d800000| Untracked 
| 347|0x000000074da00000, 0x000000074dc00000, 0x000000074dc00000|100%| O|  |TAMS 0x000000074da00000| PB 0x000000074da00000| Untracked 
| 348|0x000000074dc00000, 0x000000074de00000, 0x000000074de00000|100%| O|  |TAMS 0x000000074dc00000| PB 0x000000074dc00000| Untracked 
| 349|0x000000074de00000, 0x000000074e000000, 0x000000074e000000|100%| O|  |TAMS 0x000000074de00000| PB 0x000000074de00000| Untracked 
| 350|0x000000074e000000, 0x000000074e200000, 0x000000074e200000|100%| O|  |TAMS 0x000000074e000000| PB 0x000000074e000000| Untracked 
| 351|0x000000074e200000, 0x000000074e400000, 0x000000074e400000|100%| O|  |TAMS 0x000000074e200000| PB 0x000000074e200000| Untracked 
| 352|0x000000074e400000, 0x000000074e600000, 0x000000074e600000|100%| O|  |TAMS 0x000000074e400000| PB 0x000000074e400000| Untracked 
| 353|0x000000074e600000, 0x000000074e800000, 0x000000074e800000|100%| O|  |TAMS 0x000000074e600000| PB 0x000000074e600000| Untracked 
| 354|0x000000074e800000, 0x000000074ea00000, 0x000000074ea00000|100%| O|  |TAMS 0x000000074e800000| PB 0x000000074e800000| Untracked 
| 355|0x000000074ea00000, 0x000000074ec00000, 0x000000074ec00000|100%| O|  |TAMS 0x000000074ea00000| PB 0x000000074ea00000| Untracked 
| 356|0x000000074ec00000, 0x000000074ee00000, 0x000000074ee00000|100%| O|  |TAMS 0x000000074ec00000| PB 0x000000074ec00000| Untracked 
| 357|0x000000074ee00000, 0x000000074f000000, 0x000000074f000000|100%| O|  |TAMS 0x000000074ee00000| PB 0x000000074ee00000| Untracked 
| 358|0x000000074f000000, 0x000000074f200000, 0x000000074f200000|100%| O|  |TAMS 0x000000074f000000| PB 0x000000074f000000| Untracked 
| 359|0x000000074f200000, 0x000000074f400000, 0x000000074f400000|100%| O|  |TAMS 0x000000074f200000| PB 0x000000074f200000| Untracked 
| 360|0x000000074f400000, 0x000000074f600000, 0x000000074f600000|100%| O|  |TAMS 0x000000074f400000| PB 0x000000074f400000| Untracked 
| 361|0x000000074f600000, 0x000000074f800000, 0x000000074f800000|100%| O|  |TAMS 0x000000074f600000| PB 0x000000074f600000| Untracked 
| 362|0x000000074f800000, 0x000000074fa00000, 0x000000074fa00000|100%| O|  |TAMS 0x000000074f800000| PB 0x000000074f800000| Untracked 
| 363|0x000000074fa00000, 0x000000074fc00000, 0x000000074fc00000|100%| O|  |TAMS 0x000000074fa00000| PB 0x000000074fa00000| Untracked 
| 364|0x000000074fc00000, 0x000000074fe00000, 0x000000074fe00000|100%| O|  |TAMS 0x000000074fc00000| PB 0x000000074fc00000| Untracked 
| 365|0x000000074fe00000, 0x0000000750000000, 0x0000000750000000|100%| O|  |TAMS 0x000000074fe00000| PB 0x000000074fe00000| Untracked 
| 366|0x0000000750000000, 0x0000000750200000, 0x0000000750200000|100%| O|  |TAMS 0x0000000750000000| PB 0x0000000750000000| Untracked 
| 367|0x0000000750200000, 0x0000000750400000, 0x0000000750400000|100%| O|  |TAMS 0x0000000750200000| PB 0x0000000750200000| Untracked 
| 368|0x0000000750400000, 0x0000000750600000, 0x0000000750600000|100%| O|  |TAMS 0x0000000750400000| PB 0x0000000750400000| Untracked 
| 369|0x0000000750600000, 0x0000000750800000, 0x0000000750800000|100%| O|  |TAMS 0x0000000750600000| PB 0x0000000750600000| Untracked 
| 370|0x0000000750800000, 0x0000000750a00000, 0x0000000750a00000|100%| O|  |TAMS 0x0000000750800000| PB 0x0000000750800000| Untracked 
| 371|0x0000000750a00000, 0x0000000750c00000, 0x0000000750c00000|100%| O|  |TAMS 0x0000000750a00000| PB 0x0000000750a00000| Untracked 
| 372|0x0000000750c00000, 0x0000000750e00000, 0x0000000750e00000|100%| O|  |TAMS 0x0000000750c00000| PB 0x0000000750c00000| Untracked 
| 373|0x0000000750e00000, 0x0000000751000000, 0x0000000751000000|100%| O|  |TAMS 0x0000000750e00000| PB 0x0000000750e00000| Untracked 
| 374|0x0000000751000000, 0x0000000751200000, 0x0000000751200000|100%| O|  |TAMS 0x0000000751000000| PB 0x0000000751000000| Untracked 
| 375|0x0000000751200000, 0x0000000751400000, 0x0000000751400000|100%| O|  |TAMS 0x0000000751200000| PB 0x0000000751200000| Untracked 
| 376|0x0000000751400000, 0x0000000751600000, 0x0000000751600000|100%| O|  |TAMS 0x0000000751400000| PB 0x0000000751400000| Untracked 
| 377|0x0000000751600000, 0x0000000751800000, 0x0000000751800000|100%| O|  |TAMS 0x0000000751600000| PB 0x0000000751600000| Untracked 
| 378|0x0000000751800000, 0x0000000751a00000, 0x0000000751a00000|100%| O|  |TAMS 0x0000000751800000| PB 0x0000000751800000| Untracked 
| 379|0x0000000751a00000, 0x0000000751c00000, 0x0000000751c00000|100%| O|  |TAMS 0x0000000751a00000| PB 0x0000000751a00000| Untracked 
| 380|0x0000000751c00000, 0x0000000751e00000, 0x0000000751e00000|100%| O|  |TAMS 0x0000000751c00000| PB 0x0000000751c00000| Untracked 
| 381|0x0000000751e00000, 0x0000000752000000, 0x0000000752000000|100%| O|  |TAMS 0x0000000751e00000| PB 0x0000000751e00000| Untracked 
| 382|0x0000000752000000, 0x0000000752200000, 0x0000000752200000|100%| O|  |TAMS 0x0000000752000000| PB 0x0000000752000000| Untracked 
| 383|0x0000000752200000, 0x0000000752400000, 0x0000000752400000|100%| O|  |TAMS 0x0000000752200000| PB 0x0000000752200000| Untracked 
| 384|0x0000000752400000, 0x0000000752600000, 0x0000000752600000|100%| O|  |TAMS 0x0000000752400000| PB 0x0000000752400000| Untracked 
| 385|0x0000000752600000, 0x0000000752800000, 0x0000000752800000|100%| O|  |TAMS 0x0000000752600000| PB 0x0000000752600000| Untracked 
| 386|0x0000000752800000, 0x0000000752a00000, 0x0000000752a00000|100%| O|  |TAMS 0x0000000752800000| PB 0x0000000752800000| Untracked 
| 387|0x0000000752a00000, 0x0000000752c00000, 0x0000000752c00000|100%| O|  |TAMS 0x0000000752a00000| PB 0x0000000752a00000| Untracked 
| 388|0x0000000752c00000, 0x0000000752e00000, 0x0000000752e00000|100%| O|  |TAMS 0x0000000752c00000| PB 0x0000000752c00000| Untracked 
| 389|0x0000000752e00000, 0x0000000753000000, 0x0000000753000000|100%| O|  |TAMS 0x0000000752e00000| PB 0x0000000752e00000| Untracked 
| 390|0x0000000753000000, 0x0000000753200000, 0x0000000753200000|100%| O|  |TAMS 0x0000000753000000| PB 0x0000000753000000| Untracked 
| 391|0x0000000753200000, 0x0000000753400000, 0x0000000753400000|100%| O|  |TAMS 0x0000000753200000| PB 0x0000000753200000| Untracked 
| 392|0x0000000753400000, 0x0000000753600000, 0x0000000753600000|100%| O|  |TAMS 0x0000000753400000| PB 0x0000000753400000| Untracked 
| 393|0x0000000753600000, 0x0000000753800000, 0x0000000753800000|100%| O|  |TAMS 0x0000000753600000| PB 0x0000000753600000| Untracked 
| 394|0x0000000753800000, 0x0000000753a00000, 0x0000000753a00000|100%| O|  |TAMS 0x0000000753800000| PB 0x0000000753800000| Untracked 
| 395|0x0000000753a00000, 0x0000000753c00000, 0x0000000753c00000|100%| O|  |TAMS 0x0000000753a00000| PB 0x0000000753a00000| Untracked 
| 396|0x0000000753c00000, 0x0000000753e00000, 0x0000000753e00000|100%| O|  |TAMS 0x0000000753c00000| PB 0x0000000753c00000| Untracked 
| 397|0x0000000753e00000, 0x0000000754000000, 0x0000000754000000|100%| O|  |TAMS 0x0000000753e00000| PB 0x0000000753e00000| Untracked 
| 398|0x0000000754000000, 0x0000000754200000, 0x0000000754200000|100%| O|  |TAMS 0x0000000754000000| PB 0x0000000754000000| Untracked 
| 399|0x0000000754200000, 0x0000000754400000, 0x0000000754400000|100%| O|  |TAMS 0x0000000754200000| PB 0x0000000754200000| Untracked 
| 400|0x0000000754400000, 0x0000000754600000, 0x0000000754600000|100%| O|  |TAMS 0x0000000754400000| PB 0x0000000754400000| Untracked 
| 401|0x0000000754600000, 0x0000000754800000, 0x0000000754800000|100%| O|  |TAMS 0x0000000754600000| PB 0x0000000754600000| Untracked 
| 402|0x0000000754800000, 0x0000000754a00000, 0x0000000754a00000|100%| O|  |TAMS 0x0000000754800000| PB 0x0000000754800000| Untracked 
| 403|0x0000000754a00000, 0x0000000754c00000, 0x0000000754c00000|100%| O|  |TAMS 0x0000000754a00000| PB 0x0000000754a00000| Untracked 
| 404|0x0000000754c00000, 0x0000000754e00000, 0x0000000754e00000|100%| O|  |TAMS 0x0000000754c00000| PB 0x0000000754c00000| Untracked 
| 405|0x0000000754e00000, 0x0000000755000000, 0x0000000755000000|100%| O|  |TAMS 0x0000000754e00000| PB 0x0000000754e00000| Untracked 
| 406|0x0000000755000000, 0x0000000755200000, 0x0000000755200000|100%| O|  |TAMS 0x0000000755000000| PB 0x0000000755000000| Untracked 
| 407|0x0000000755200000, 0x0000000755400000, 0x0000000755400000|100%| O|  |TAMS 0x0000000755200000| PB 0x0000000755200000| Untracked 
| 408|0x0000000755400000, 0x0000000755600000, 0x0000000755600000|100%| O|  |TAMS 0x0000000755400000| PB 0x0000000755400000| Untracked 
| 409|0x0000000755600000, 0x0000000755800000, 0x0000000755800000|100%| O|  |TAMS 0x0000000755600000| PB 0x0000000755600000| Untracked 
| 410|0x0000000755800000, 0x0000000755a00000, 0x0000000755a00000|100%| O|  |TAMS 0x0000000755800000| PB 0x0000000755800000| Untracked 
| 411|0x0000000755a00000, 0x0000000755c00000, 0x0000000755c00000|100%| O|  |TAMS 0x0000000755a00000| PB 0x0000000755a00000| Untracked 
| 412|0x0000000755c00000, 0x0000000755c7e910, 0x0000000755e00000| 24%| O|  |TAMS 0x0000000755c00000| PB 0x0000000755c00000| Untracked 
| 413|0x0000000755e00000, 0x0000000755e00000, 0x0000000756000000|  0%| F|  |TAMS 0x0000000755e00000| PB 0x0000000755e00000| Untracked 
| 414|0x0000000756000000, 0x0000000756000000, 0x0000000756200000|  0%| F|  |TAMS 0x0000000756000000| PB 0x0000000756000000| Untracked 
| 415|0x0000000756200000, 0x0000000756200000, 0x0000000756400000|  0%| F|  |TAMS 0x0000000756200000| PB 0x0000000756200000| Untracked 
| 416|0x0000000756400000, 0x0000000756400000, 0x0000000756600000|  0%| F|  |TAMS 0x0000000756400000| PB 0x0000000756400000| Untracked 
| 417|0x0000000756600000, 0x0000000756600000, 0x0000000756800000|  0%| F|  |TAMS 0x0000000756600000| PB 0x0000000756600000| Untracked 
| 418|0x0000000756800000, 0x0000000756800000, 0x0000000756a00000|  0%| F|  |TAMS 0x0000000756800000| PB 0x0000000756800000| Untracked 
| 419|0x0000000756a00000, 0x0000000756a00000, 0x0000000756c00000|  0%| F|  |TAMS 0x0000000756a00000| PB 0x0000000756a00000| Untracked 
| 420|0x0000000756c00000, 0x0000000756c00000, 0x0000000756e00000|  0%| F|  |TAMS 0x0000000756c00000| PB 0x0000000756c00000| Untracked 
| 421|0x0000000756e00000, 0x0000000756e00000, 0x0000000757000000|  0%| F|  |TAMS 0x0000000756e00000| PB 0x0000000756e00000| Untracked 
| 422|0x0000000757000000, 0x0000000757000000, 0x0000000757200000|  0%| F|  |TAMS 0x0000000757000000| PB 0x0000000757000000| Untracked 
| 423|0x0000000757200000, 0x0000000757200000, 0x0000000757400000|  0%| F|  |TAMS 0x0000000757200000| PB 0x0000000757200000| Untracked 
| 424|0x0000000757400000, 0x0000000757400000, 0x0000000757600000|  0%| F|  |TAMS 0x0000000757400000| PB 0x0000000757400000| Untracked 
| 425|0x0000000757600000, 0x0000000757600000, 0x0000000757800000|  0%| F|  |TAMS 0x0000000757600000| PB 0x0000000757600000| Untracked 
| 426|0x0000000757800000, 0x0000000757800000, 0x0000000757a00000|  0%| F|  |TAMS 0x0000000757800000| PB 0x0000000757800000| Untracked 
| 427|0x0000000757a00000, 0x0000000757a00000, 0x0000000757c00000|  0%| F|  |TAMS 0x0000000757a00000| PB 0x0000000757a00000| Untracked 
| 428|0x0000000757c00000, 0x0000000757c00000, 0x0000000757e00000|  0%| F|  |TAMS 0x0000000757c00000| PB 0x0000000757c00000| Untracked 
| 429|0x0000000757e00000, 0x0000000758000000, 0x0000000758000000|100%| S|CS|TAMS 0x0000000757e00000| PB 0x0000000757e00000| Complete 
| 430|0x0000000758000000, 0x0000000758200000, 0x0000000758200000|100%| S|CS|TAMS 0x0000000758000000| PB 0x0000000758000000| Complete 
| 431|0x0000000758200000, 0x0000000758400000, 0x0000000758400000|100%| S|CS|TAMS 0x0000000758200000| PB 0x0000000758200000| Complete 
| 432|0x0000000758400000, 0x0000000758600000, 0x0000000758600000|100%| S|CS|TAMS 0x0000000758400000| PB 0x0000000758400000| Complete 
| 433|0x0000000758600000, 0x0000000758800000, 0x0000000758800000|100%| S|CS|TAMS 0x0000000758600000| PB 0x0000000758600000| Complete 
| 434|0x0000000758800000, 0x0000000758a00000, 0x0000000758a00000|100%| S|CS|TAMS 0x0000000758800000| PB 0x0000000758800000| Complete 
| 435|0x0000000758a00000, 0x0000000758c00000, 0x0000000758c00000|100%| S|CS|TAMS 0x0000000758a00000| PB 0x0000000758a00000| Complete 
| 436|0x0000000758c00000, 0x0000000758e00000, 0x0000000758e00000|100%| S|CS|TAMS 0x0000000758c00000| PB 0x0000000758c00000| Complete 
| 437|0x0000000758e00000, 0x0000000759000000, 0x0000000759000000|100%| S|CS|TAMS 0x0000000758e00000| PB 0x0000000758e00000| Complete 
| 438|0x0000000759000000, 0x0000000759200000, 0x0000000759200000|100%| S|CS|TAMS 0x0000000759000000| PB 0x0000000759000000| Complete 
| 439|0x0000000759200000, 0x0000000759400000, 0x0000000759400000|100%| S|CS|TAMS 0x0000000759200000| PB 0x0000000759200000| Complete 
| 440|0x0000000759400000, 0x0000000759400000, 0x0000000759600000|  0%| F|  |TAMS 0x0000000759400000| PB 0x0000000759400000| Untracked 
| 441|0x0000000759600000, 0x0000000759600000, 0x0000000759800000|  0%| F|  |TAMS 0x0000000759600000| PB 0x0000000759600000| Untracked 
| 442|0x0000000759800000, 0x0000000759800000, 0x0000000759a00000|  0%| F|  |TAMS 0x0000000759800000| PB 0x0000000759800000| Untracked 
| 443|0x0000000759a00000, 0x0000000759a00000, 0x0000000759c00000|  0%| F|  |TAMS 0x0000000759a00000| PB 0x0000000759a00000| Untracked 
| 444|0x0000000759c00000, 0x0000000759c00000, 0x0000000759e00000|  0%| F|  |TAMS 0x0000000759c00000| PB 0x0000000759c00000| Untracked 
| 445|0x0000000759e00000, 0x0000000759e00000, 0x000000075a000000|  0%| F|  |TAMS 0x0000000759e00000| PB 0x0000000759e00000| Untracked 
| 446|0x000000075a000000, 0x000000075a000000, 0x000000075a200000|  0%| F|  |TAMS 0x000000075a000000| PB 0x000000075a000000| Untracked 
| 447|0x000000075a200000, 0x000000075a200000, 0x000000075a400000|  0%| F|  |TAMS 0x000000075a200000| PB 0x000000075a200000| Untracked 
| 448|0x000000075a400000, 0x000000075a400000, 0x000000075a600000|  0%| F|  |TAMS 0x000000075a400000| PB 0x000000075a400000| Untracked 
| 449|0x000000075a600000, 0x000000075a600000, 0x000000075a800000|  0%| F|  |TAMS 0x000000075a600000| PB 0x000000075a600000| Untracked 
| 450|0x000000075a800000, 0x000000075a800000, 0x000000075aa00000|  0%| F|  |TAMS 0x000000075a800000| PB 0x000000075a800000| Untracked 
| 451|0x000000075aa00000, 0x000000075aa00000, 0x000000075ac00000|  0%| F|  |TAMS 0x000000075aa00000| PB 0x000000075aa00000| Untracked 
| 452|0x000000075ac00000, 0x000000075ac00000, 0x000000075ae00000|  0%| F|  |TAMS 0x000000075ac00000| PB 0x000000075ac00000| Untracked 
| 453|0x000000075ae00000, 0x000000075ae00000, 0x000000075b000000|  0%| F|  |TAMS 0x000000075ae00000| PB 0x000000075ae00000| Untracked 
| 454|0x000000075b000000, 0x000000075b000000, 0x000000075b200000|  0%| F|  |TAMS 0x000000075b000000| PB 0x000000075b000000| Untracked 
| 455|0x000000075b200000, 0x000000075b200000, 0x000000075b400000|  0%| F|  |TAMS 0x000000075b200000| PB 0x000000075b200000| Untracked 
| 456|0x000000075b400000, 0x000000075b400000, 0x000000075b600000|  0%| F|  |TAMS 0x000000075b400000| PB 0x000000075b400000| Untracked 
| 457|0x000000075b600000, 0x000000075b600000, 0x000000075b800000|  0%| F|  |TAMS 0x000000075b600000| PB 0x000000075b600000| Untracked 
| 458|0x000000075b800000, 0x000000075b800000, 0x000000075ba00000|  0%| F|  |TAMS 0x000000075b800000| PB 0x000000075b800000| Untracked 
| 459|0x000000075ba00000, 0x000000075ba00000, 0x000000075bc00000|  0%| F|  |TAMS 0x000000075ba00000| PB 0x000000075ba00000| Untracked 
| 460|0x000000075bc00000, 0x000000075bc00000, 0x000000075be00000|  0%| F|  |TAMS 0x000000075bc00000| PB 0x000000075bc00000| Untracked 
| 461|0x000000075be00000, 0x000000075be00000, 0x000000075c000000|  0%| F|  |TAMS 0x000000075be00000| PB 0x000000075be00000| Untracked 
| 462|0x000000075c000000, 0x000000075c000000, 0x000000075c200000|  0%| F|  |TAMS 0x000000075c000000| PB 0x000000075c000000| Untracked 
| 463|0x000000075c200000, 0x000000075c200000, 0x000000075c400000|  0%| F|  |TAMS 0x000000075c200000| PB 0x000000075c200000| Untracked 
| 464|0x000000075c400000, 0x000000075c400000, 0x000000075c600000|  0%| F|  |TAMS 0x000000075c400000| PB 0x000000075c400000| Untracked 
| 465|0x000000075c600000, 0x000000075c600000, 0x000000075c800000|  0%| F|  |TAMS 0x000000075c600000| PB 0x000000075c600000| Untracked 
| 466|0x000000075c800000, 0x000000075c800000, 0x000000075ca00000|  0%| F|  |TAMS 0x000000075c800000| PB 0x000000075c800000| Untracked 
| 467|0x000000075ca00000, 0x000000075ca00000, 0x000000075cc00000|  0%| F|  |TAMS 0x000000075ca00000| PB 0x000000075ca00000| Untracked 
| 468|0x000000075cc00000, 0x000000075cc00000, 0x000000075ce00000|  0%| F|  |TAMS 0x000000075cc00000| PB 0x000000075cc00000| Untracked 
| 469|0x000000075ce00000, 0x000000075ce00000, 0x000000075d000000|  0%| F|  |TAMS 0x000000075ce00000| PB 0x000000075ce00000| Untracked 
| 470|0x000000075d000000, 0x000000075d000000, 0x000000075d200000|  0%| F|  |TAMS 0x000000075d000000| PB 0x000000075d000000| Untracked 
| 471|0x000000075d200000, 0x000000075d200000, 0x000000075d400000|  0%| F|  |TAMS 0x000000075d200000| PB 0x000000075d200000| Untracked 
| 472|0x000000075d400000, 0x000000075d400000, 0x000000075d600000|  0%| F|  |TAMS 0x000000075d400000| PB 0x000000075d400000| Untracked 
| 473|0x000000075d600000, 0x000000075d600000, 0x000000075d800000|  0%| F|  |TAMS 0x000000075d600000| PB 0x000000075d600000| Untracked 
| 474|0x000000075d800000, 0x000000075d800000, 0x000000075da00000|  0%| F|  |TAMS 0x000000075d800000| PB 0x000000075d800000| Untracked 
| 475|0x000000075da00000, 0x000000075da00000, 0x000000075dc00000|  0%| F|  |TAMS 0x000000075da00000| PB 0x000000075da00000| Untracked 
| 476|0x000000075dc00000, 0x000000075dc00000, 0x000000075de00000|  0%| F|  |TAMS 0x000000075dc00000| PB 0x000000075dc00000| Untracked 
| 477|0x000000075de00000, 0x000000075de00000, 0x000000075e000000|  0%| F|  |TAMS 0x000000075de00000| PB 0x000000075de00000| Untracked 
| 478|0x000000075e000000, 0x000000075e000000, 0x000000075e200000|  0%| F|  |TAMS 0x000000075e000000| PB 0x000000075e000000| Untracked 
| 479|0x000000075e200000, 0x000000075e200000, 0x000000075e400000|  0%| F|  |TAMS 0x000000075e200000| PB 0x000000075e200000| Untracked 
| 480|0x000000075e400000, 0x000000075e400000, 0x000000075e600000|  0%| F|  |TAMS 0x000000075e400000| PB 0x000000075e400000| Untracked 
| 481|0x000000075e600000, 0x000000075e600000, 0x000000075e800000|  0%| F|  |TAMS 0x000000075e600000| PB 0x000000075e600000| Untracked 
| 482|0x000000075e800000, 0x000000075e800000, 0x000000075ea00000|  0%| F|  |TAMS 0x000000075e800000| PB 0x000000075e800000| Untracked 
| 483|0x000000075ea00000, 0x000000075ea00000, 0x000000075ec00000|  0%| F|  |TAMS 0x000000075ea00000| PB 0x000000075ea00000| Untracked 
| 484|0x000000075ec00000, 0x000000075ec00000, 0x000000075ee00000|  0%| F|  |TAMS 0x000000075ec00000| PB 0x000000075ec00000| Untracked 
| 485|0x000000075ee00000, 0x000000075ee00000, 0x000000075f000000|  0%| F|  |TAMS 0x000000075ee00000| PB 0x000000075ee00000| Untracked 
| 486|0x000000075f000000, 0x000000075f159c60, 0x000000075f200000| 67%| E|  |TAMS 0x000000075f000000| PB 0x000000075f000000| Complete 
| 487|0x000000075f200000, 0x000000075f400000, 0x000000075f400000|100%| E|CS|TAMS 0x000000075f200000| PB 0x000000075f200000| Complete 
| 488|0x000000075f400000, 0x000000075f600000, 0x000000075f600000|100%| E|  |TAMS 0x000000075f400000| PB 0x000000075f400000| Complete 
| 489|0x000000075f600000, 0x000000075f800000, 0x000000075f800000|100%| E|CS|TAMS 0x000000075f600000| PB 0x000000075f600000| Complete 
| 490|0x000000075f800000, 0x000000075fa00000, 0x000000075fa00000|100%| E|CS|TAMS 0x000000075f800000| PB 0x000000075f800000| Complete 
| 491|0x000000075fa00000, 0x000000075fc00000, 0x000000075fc00000|100%| E|CS|TAMS 0x000000075fa00000| PB 0x000000075fa00000| Complete 
| 492|0x000000075fc00000, 0x000000075fe00000, 0x000000075fe00000|100%| E|CS|TAMS 0x000000075fc00000| PB 0x000000075fc00000| Complete 
| 493|0x000000075fe00000, 0x0000000760000000, 0x0000000760000000|100%| E|CS|TAMS 0x000000075fe00000| PB 0x000000075fe00000| Complete 
| 494|0x0000000760000000, 0x0000000760200000, 0x0000000760200000|100%| E|CS|TAMS 0x0000000760000000| PB 0x0000000760000000| Complete 
| 495|0x0000000760200000, 0x0000000760400000, 0x0000000760400000|100%| E|CS|TAMS 0x0000000760200000| PB 0x0000000760200000| Complete 
| 496|0x0000000760400000, 0x0000000760600000, 0x0000000760600000|100%| E|CS|TAMS 0x0000000760400000| PB 0x0000000760400000| Complete 
| 497|0x0000000760600000, 0x0000000760800000, 0x0000000760800000|100%| E|CS|TAMS 0x0000000760600000| PB 0x0000000760600000| Complete 
| 498|0x0000000760800000, 0x0000000760a00000, 0x0000000760a00000|100%| E|CS|TAMS 0x0000000760800000| PB 0x0000000760800000| Complete 
| 499|0x0000000760a00000, 0x0000000760c00000, 0x0000000760c00000|100%| E|CS|TAMS 0x0000000760a00000| PB 0x0000000760a00000| Complete 
| 500|0x0000000760c00000, 0x0000000760e00000, 0x0000000760e00000|100%| E|CS|TAMS 0x0000000760c00000| PB 0x0000000760c00000| Complete 
| 501|0x0000000760e00000, 0x0000000761000000, 0x0000000761000000|100%| E|CS|TAMS 0x0000000760e00000| PB 0x0000000760e00000| Complete 
| 502|0x0000000761000000, 0x0000000761200000, 0x0000000761200000|100%| E|CS|TAMS 0x0000000761000000| PB 0x0000000761000000| Complete 
| 503|0x0000000761200000, 0x0000000761400000, 0x0000000761400000|100%| E|CS|TAMS 0x0000000761200000| PB 0x0000000761200000| Complete 
| 504|0x0000000761400000, 0x0000000761600000, 0x0000000761600000|100%| E|CS|TAMS 0x0000000761400000| PB 0x0000000761400000| Complete 
| 505|0x0000000761600000, 0x0000000761800000, 0x0000000761800000|100%| E|CS|TAMS 0x0000000761600000| PB 0x0000000761600000| Complete 
| 506|0x0000000761800000, 0x0000000761a00000, 0x0000000761a00000|100%| E|CS|TAMS 0x0000000761800000| PB 0x0000000761800000| Complete 
| 507|0x0000000761a00000, 0x0000000761c00000, 0x0000000761c00000|100%| E|CS|TAMS 0x0000000761a00000| PB 0x0000000761a00000| Complete 
| 508|0x0000000761c00000, 0x0000000761e00000, 0x0000000761e00000|100%| E|CS|TAMS 0x0000000761c00000| PB 0x0000000761c00000| Complete 
| 509|0x0000000761e00000, 0x0000000762000000, 0x0000000762000000|100%| E|CS|TAMS 0x0000000761e00000| PB 0x0000000761e00000| Complete 
| 510|0x0000000762000000, 0x0000000762200000, 0x0000000762200000|100%| E|CS|TAMS 0x0000000762000000| PB 0x0000000762000000| Complete 
| 511|0x0000000762200000, 0x0000000762400000, 0x0000000762400000|100%| E|CS|TAMS 0x0000000762200000| PB 0x0000000762200000| Complete 
| 512|0x0000000762400000, 0x0000000762600000, 0x0000000762600000|100%| E|CS|TAMS 0x0000000762400000| PB 0x0000000762400000| Complete 
| 513|0x0000000762600000, 0x0000000762800000, 0x0000000762800000|100%| E|CS|TAMS 0x0000000762600000| PB 0x0000000762600000| Complete 
| 514|0x0000000762800000, 0x0000000762a00000, 0x0000000762a00000|100%| E|CS|TAMS 0x0000000762800000| PB 0x0000000762800000| Complete 
| 515|0x0000000762a00000, 0x0000000762c00000, 0x0000000762c00000|100%| E|CS|TAMS 0x0000000762a00000| PB 0x0000000762a00000| Complete 
| 516|0x0000000762c00000, 0x0000000762e00000, 0x0000000762e00000|100%| E|CS|TAMS 0x0000000762c00000| PB 0x0000000762c00000| Complete 
| 517|0x0000000762e00000, 0x0000000763000000, 0x0000000763000000|100%| E|CS|TAMS 0x0000000762e00000| PB 0x0000000762e00000| Complete 
| 518|0x0000000763000000, 0x0000000763200000, 0x0000000763200000|100%| E|CS|TAMS 0x0000000763000000| PB 0x0000000763000000| Complete 
| 519|0x0000000763200000, 0x0000000763400000, 0x0000000763400000|100%| E|CS|TAMS 0x0000000763200000| PB 0x0000000763200000| Complete 
| 520|0x0000000763400000, 0x0000000763600000, 0x0000000763600000|100%| E|CS|TAMS 0x0000000763400000| PB 0x0000000763400000| Complete 
| 521|0x0000000763600000, 0x0000000763800000, 0x0000000763800000|100%| E|CS|TAMS 0x0000000763600000| PB 0x0000000763600000| Complete 
| 522|0x0000000763800000, 0x0000000763a00000, 0x0000000763a00000|100%| E|CS|TAMS 0x0000000763800000| PB 0x0000000763800000| Complete 
| 523|0x0000000763a00000, 0x0000000763c00000, 0x0000000763c00000|100%| E|CS|TAMS 0x0000000763a00000| PB 0x0000000763a00000| Complete 
| 524|0x0000000763c00000, 0x0000000763e00000, 0x0000000763e00000|100%| E|CS|TAMS 0x0000000763c00000| PB 0x0000000763c00000| Complete 
| 525|0x0000000763e00000, 0x0000000764000000, 0x0000000764000000|100%| E|CS|TAMS 0x0000000763e00000| PB 0x0000000763e00000| Complete 
| 526|0x0000000764000000, 0x0000000764200000, 0x0000000764200000|100%| E|CS|TAMS 0x0000000764000000| PB 0x0000000764000000| Complete 

Card table byte_map: [0x000001d055370000,0x000001d055a60000] _byte_map_base: 0x000001d051a5e000

Marking Bits: (CMBitMap*) 0x000001d03d077400
 Bits: [0x000001d055a60000, 0x000001d0591d0000)

Polling page: 0x000001d03c7d0000

Metaspace:

Usage:
  Non-class:     34.68 MB used.
      Class:      4.99 MB used.
       Both:     39.66 MB used.

Virtual space:
  Non-class space:       64.00 MB reserved,      35.00 MB ( 55%) committed,  1 nodes.
      Class space:        1.00 GB reserved,       5.25 MB ( <1%) committed,  1 nodes.
             Both:        1.06 GB reserved,      40.25 MB (  4%) committed. 

Chunk freelists:
   Non-Class:  12.45 MB
       Class:  10.64 MB
        Both:  23.10 MB

MaxMetaspaceSize: unlimited
CompressedClassSpaceSize: 1.00 GB
Initial GC threshold: 21.00 MB
Current GC threshold: 66.50 MB
CDS: on
 - commit_granule_bytes: 65536.
 - commit_granule_words: 8192.
 - virtual_space_node_default_size: 8388608.
 - enlarge_chunks_in_place: 1.
 - use_allocation_guard: 0.


Internal statistics:

num_allocs_failed_limit: 3.
num_arena_births: 936.
num_arena_deaths: 28.
num_vsnodes_births: 2.
num_vsnodes_deaths: 0.
num_space_committed: 644.
num_space_uncommitted: 0.
num_chunks_returned_to_freelist: 45.
num_chunks_taken_from_freelist: 2289.
num_chunk_merges: 19.
num_chunk_splits: 1528.
num_chunks_enlarged: 1014.
num_inconsistent_stats: 0.

CodeHeap 'non-profiled nmethods': size=120000Kb used=4326Kb max_used=4357Kb free=115673Kb
 bounds [0x000001d04d200000, 0x000001d04d680000, 0x000001d054730000]
CodeHeap 'profiled nmethods': size=120000Kb used=13819Kb max_used=16405Kb free=106180Kb
 bounds [0x000001d045730000, 0x000001d046740000, 0x000001d04cc60000]
CodeHeap 'non-nmethods': size=5760Kb used=1925Kb max_used=2006Kb free=3834Kb
 bounds [0x000001d04cc60000, 0x000001d04ced0000, 0x000001d04d200000]
CodeCache: size=245760Kb, used=20070Kb, max_used=22768Kb, free=225687Kb
 total_blobs=7503, nmethods=6454, adapters=950, full_count=0
Compilation: enabled, stopped_count=0, restarted_count=0

Compilation events (20 events):
Event: 79.884 Thread 0x000001d05b5e2980 nmethod 9756 0x000001d04d35f490 code [0x000001d04d35f620, 0x000001d04d35f760]
Event: 79.884 Thread 0x000001d05b5e2980 9757       4       com.sun.scenario.effect.ImageData::addref (65 bytes)
Event: 79.887 Thread 0x000001d05b5e2980 nmethod 9757 0x000001d04d35ee10 code [0x000001d04d35efc0, 0x000001d04d35f180]
Event: 79.906 Thread 0x000001d05b5e2980 9758       4       java.lang.Integer::equals (29 bytes)
Event: 79.909 Thread 0x000001d05b5e2980 nmethod 9758 0x000001d04d384110 code [0x000001d04d3842a0, 0x000001d04d384380]
Event: 79.945 Thread 0x000001d05b5e2980 9759       4       com.sun.javafx.geom.Path2D::lineTo (78 bytes)
Event: 79.947 Thread 0x000001d0a10290b0 9760       3       com.sun.glass.ui.View::getWidth (8 bytes)
Event: 79.948 Thread 0x000001d0a10290b0 nmethod 9760 0x000001d045cbc890 code [0x000001d045cbca60, 0x000001d045cbcdc0]
Event: 79.950 Thread 0x000001d0a10290b0 9761       3       javafx.scene.input.MouseEvent::copyFor (17 bytes)
Event: 79.950 Thread 0x000001d0a10290b0 nmethod 9761 0x000001d045cbc110 code [0x000001d045cbc2c0, 0x000001d045cbc4f8]
Event: 79.951 Thread 0x000001d0a10290b0 9762       3       com.sun.marlin.TransformingPathConsumer2D$PathClipFilter::moveTo (49 bytes)
Event: 79.951 Thread 0x000001d0a10290b0 nmethod 9762 0x000001d045da7210 code [0x000001d045da7400, 0x000001d045da7818]
Event: 79.953 Thread 0x000001d05b5e2980 nmethod 9759 0x000001d04d508290 code [0x000001d04d508460, 0x000001d04d508960]
Event: 79.953 Thread 0x000001d0a10290b0 9763       3       com.sun.prism.impl.GlyphCache::render (326 bytes)
Event: 79.956 Thread 0x000001d0a10290b0 nmethod 9763 0x000001d045b8cd90 code [0x000001d045b8d0e0, 0x000001d045b8e9f0]
Event: 80.006 Thread 0x000001d0a10290b0 9764       3       java.util.ArrayDeque::removeFirst (19 bytes)
Event: 80.007 Thread 0x000001d0a10290b0 nmethod 9764 0x000001d045da6b90 code [0x000001d045da6d60, 0x000001d045da6fc0]
Event: 80.016 Thread 0x000001d05b5e2980 9765   !   4       java.util.concurrent.LinkedBlockingDeque::takeFirst (47 bytes)
Event: 80.040 Thread 0x000001d0a10290b0 9768       3       com.sun.prism.Image::convertImageFrame (251 bytes)
Event: 80.041 Thread 0x000001d0a10290b0 nmethod 9768 0x000001d0465ba810 code [0x000001d0465baae0, 0x000001d0465bb770]

GC Heap History (20 events):
Event: 72.715 GC heap before
{Heap before GC invocations=33 (full 0):
 garbage-first heap   total 407552K, used 345582K [0x0000000722400000, 0x0000000800000000)
  region size 2048K, 22 young (45056K), 4 survivors (8192K)
 Metaspace       used 40214K, committed 40832K, reserved 1114112K
  class space    used 5081K, committed 5376K, reserved 1048576K
}
Event: 72.724 GC heap after
{Heap after GC invocations=34 (full 0):
 garbage-first heap   total 407552K, used 326138K [0x0000000722400000, 0x0000000800000000)
  region size 2048K, 3 young (6144K), 3 survivors (6144K)
 Metaspace       used 40214K, committed 40832K, reserved 1114112K
  class space    used 5081K, committed 5376K, reserved 1048576K
}
Event: 72.887 GC heap before
{Heap before GC invocations=35 (full 0):
 garbage-first heap   total 460800K, used 301562K [0x0000000722400000, 0x0000000800000000)
  region size 2048K, 17 young (34816K), 3 survivors (6144K)
 Metaspace       used 40283K, committed 40896K, reserved 1114112K
  class space    used 5087K, committed 5376K, reserved 1048576K
}
Event: 72.897 GC heap after
{Heap after GC invocations=36 (full 0):
 garbage-first heap   total 460800K, used 294889K [0x0000000722400000, 0x0000000800000000)
  region size 2048K, 3 young (6144K), 3 survivors (6144K)
 Metaspace       used 40283K, committed 40896K, reserved 1114112K
  class space    used 5087K, committed 5376K, reserved 1048576K
}
Event: 73.204 GC heap before
{Heap before GC invocations=36 (full 0):
 garbage-first heap   total 460800K, used 362473K [0x0000000722400000, 0x0000000800000000)
  region size 2048K, 37 young (75776K), 3 survivors (6144K)
 Metaspace       used 40422K, committed 41088K, reserved 1114112K
  class space    used 5103K, committed 5376K, reserved 1048576K
}
Event: 73.224 GC heap after
{Heap after GC invocations=37 (full 0):
 garbage-first heap   total 972800K, used 308212K [0x0000000722400000, 0x0000000800000000)
  region size 2048K, 5 young (10240K), 5 survivors (10240K)
 Metaspace       used 40422K, committed 41088K, reserved 1114112K
  class space    used 5103K, committed 5376K, reserved 1048576K
}
Event: 74.858 GC heap before
{Heap before GC invocations=37 (full 0):
 garbage-first heap   total 972800K, used 639988K [0x0000000722400000, 0x0000000800000000)
  region size 2048K, 168 young (344064K), 5 survivors (10240K)
 Metaspace       used 40479K, committed 41088K, reserved 1114112K
  class space    used 5105K, committed 5376K, reserved 1048576K
}
Event: 74.895 GC heap after
{Heap after GC invocations=38 (full 0):
 garbage-first heap   total 972800K, used 407024K [0x0000000722400000, 0x0000000800000000)
  region size 2048K, 21 young (43008K), 21 survivors (43008K)
 Metaspace       used 40479K, committed 41088K, reserved 1114112K
  class space    used 5105K, committed 5376K, reserved 1048576K
}
Event: 75.882 GC heap before
{Heap before GC invocations=38 (full 0):
 garbage-first heap   total 972800K, used 689648K [0x0000000722400000, 0x0000000800000000)
  region size 2048K, 160 young (327680K), 21 survivors (43008K)
 Metaspace       used 40506K, committed 41088K, reserved 1114112K
  class space    used 5105K, committed 5376K, reserved 1048576K
}
Event: 75.931 GC heap after
{Heap after GC invocations=39 (full 0):
 garbage-first heap   total 972800K, used 538096K [0x0000000722400000, 0x0000000800000000)
  region size 2048K, 20 young (40960K), 20 survivors (40960K)
 Metaspace       used 40506K, committed 41088K, reserved 1114112K
  class space    used 5105K, committed 5376K, reserved 1048576K
}
Event: 76.783 GC heap before
{Heap before GC invocations=39 (full 0):
 garbage-first heap   total 972800K, used 749040K [0x0000000722400000, 0x0000000800000000)
  region size 2048K, 124 young (253952K), 20 survivors (40960K)
 Metaspace       used 40529K, committed 41216K, reserved 1114112K
  class space    used 5105K, committed 5376K, reserved 1048576K
}
Event: 76.826 GC heap after
{Heap after GC invocations=40 (full 0):
 garbage-first heap   total 972800K, used 635892K [0x0000000722400000, 0x0000000800000000)
  region size 2048K, 16 young (32768K), 16 survivors (32768K)
 Metaspace       used 40529K, committed 41216K, reserved 1114112K
  class space    used 5105K, committed 5376K, reserved 1048576K
}
Event: 77.362 GC heap before
{Heap before GC invocations=40 (full 0):
 garbage-first heap   total 972800K, used 781300K [0x0000000722400000, 0x0000000800000000)
  region size 2048K, 88 young (180224K), 16 survivors (32768K)
 Metaspace       used 40543K, committed 41216K, reserved 1114112K
  class space    used 5105K, committed 5376K, reserved 1048576K
}
Event: 77.387 GC heap after
{Heap after GC invocations=41 (full 0):
 garbage-first heap   total 972800K, used 702443K [0x0000000722400000, 0x0000000800000000)
  region size 2048K, 11 young (22528K), 11 survivors (22528K)
 Metaspace       used 40543K, committed 41216K, reserved 1114112K
  class space    used 5105K, committed 5376K, reserved 1048576K
}
Event: 77.871 GC heap before
{Heap before GC invocations=41 (full 0):
 garbage-first heap   total 972800K, used 813035K [0x0000000722400000, 0x0000000800000000)
  region size 2048K, 66 young (135168K), 11 survivors (22528K)
 Metaspace       used 40550K, committed 41216K, reserved 1114112K
  class space    used 5105K, committed 5376K, reserved 1048576K
}
Event: 77.891 GC heap after
{Heap after GC invocations=42 (full 0):
 garbage-first heap   total 1079296K, used 748536K [0x0000000722400000, 0x0000000800000000)
  region size 2048K, 9 young (18432K), 9 survivors (18432K)
 Metaspace       used 40550K, committed 41216K, reserved 1114112K
  class space    used 5105K, committed 5376K, reserved 1048576K
}
Event: 78.558 GC heap before
{Heap before GC invocations=42 (full 0):
 garbage-first heap   total 1079296K, used 902136K [0x0000000722400000, 0x0000000800000000)
  region size 2048K, 85 young (174080K), 9 survivors (18432K)
 Metaspace       used 40556K, committed 41216K, reserved 1114112K
  class space    used 5105K, committed 5376K, reserved 1048576K
}
Event: 78.572 GC heap after
{Heap after GC invocations=43 (full 0):
 garbage-first heap   total 1079296K, used 769400K [0x0000000722400000, 0x0000000800000000)
  region size 2048K, 11 young (22528K), 11 survivors (22528K)
 Metaspace       used 40556K, committed 41216K, reserved 1114112K
  class space    used 5105K, committed 5376K, reserved 1048576K
}
Event: 79.290 GC heap before
{Heap before GC invocations=43 (full 0):
 garbage-first heap   total 1079296K, used 923000K [0x0000000722400000, 0x0000000800000000)
  region size 2048K, 87 young (178176K), 11 survivors (22528K)
 Metaspace       used 40559K, committed 41216K, reserved 1114112K
  class space    used 5105K, committed 5376K, reserved 1048576K
}
Event: 79.322 GC heap after
{Heap after GC invocations=44 (full 0):
 garbage-first heap   total 1079296K, used 866810K [0x0000000722400000, 0x0000000800000000)
  region size 2048K, 11 young (22528K), 11 survivors (22528K)
 Metaspace       used 40559K, committed 41216K, reserved 1114112K
  class space    used 5105K, committed 5376K, reserved 1048576K
}

Dll operation events (20 events):
Event: 1.018 Loaded shared library C:\Users\LENOVO\.openjfx\cache\17.0.2-ea\api-ms-win-crt-math-l1-1-0.dll
Event: 1.029 Loaded shared library C:\Users\LENOVO\.openjfx\cache\17.0.2-ea\api-ms-win-crt-multibyte-l1-1-0.dll
Event: 1.038 Loaded shared library C:\Users\LENOVO\.openjfx\cache\17.0.2-ea\api-ms-win-crt-private-l1-1-0.dll
Event: 1.043 Loaded shared library C:\Users\LENOVO\.openjfx\cache\17.0.2-ea\api-ms-win-crt-process-l1-1-0.dll
Event: 1.050 Loaded shared library C:\Users\LENOVO\.openjfx\cache\17.0.2-ea\api-ms-win-crt-runtime-l1-1-0.dll
Event: 1.062 Loaded shared library C:\Users\LENOVO\.openjfx\cache\17.0.2-ea\api-ms-win-crt-stdio-l1-1-0.dll
Event: 1.067 Loaded shared library C:\Users\LENOVO\.openjfx\cache\17.0.2-ea\api-ms-win-crt-string-l1-1-0.dll
Event: 1.072 Loaded shared library C:\Users\LENOVO\.openjfx\cache\17.0.2-ea\api-ms-win-crt-time-l1-1-0.dll
Event: 1.081 Loaded shared library C:\Users\LENOVO\.openjfx\cache\17.0.2-ea\api-ms-win-crt-utility-l1-1-0.dll
Event: 1.101 Loaded shared library C:\Users\LENOVO\.openjfx\cache\17.0.2-ea\ucrtbase.dll
Event: 1.109 Loaded shared library C:\Users\LENOVO\.openjfx\cache\17.0.2-ea\vcruntime140.dll
Event: 1.122 Loaded shared library C:\Users\LENOVO\.openjfx\cache\17.0.2-ea\vcruntime140_1.dll
Event: 1.134 Loaded shared library C:\Users\LENOVO\.openjfx\cache\17.0.2-ea\msvcp140.dll
Event: 1.233 Loaded shared library C:\Users\LENOVO\.openjfx\cache\17.0.2-ea\prism_d3d.dll
Event: 1.392 Loaded shared library C:\Users\LENOVO\.openjfx\cache\17.0.2-ea\glass.dll
Event: 1.813 Loaded shared library C:\Program Files\Eclipse Adoptium\jdk-21.0.11.10-hotspot\bin\jimage.dll
Event: 2.341 Loaded shared library C:\Program Files\Eclipse Adoptium\jdk-21.0.11.10-hotspot\bin\extnet.dll
Event: 3.651 Loaded shared library C:\Program Files\Eclipse Adoptium\jdk-21.0.11.10-hotspot\bin\sunmscapi.dll
Event: 4.196 Loaded shared library C:\Users\LENOVO\.openjfx\cache\17.0.2-ea\javafx_font.dll
Event: 63.199 Loaded shared library C:\Users\LENOVO\.openjfx\cache\17.0.2-ea\jfxwebkit.dll

Deoptimization events (20 events):
Event: 74.222 Thread 0x000001d0a1408090 DEOPT PACKING pc=0x000001d04d2da060 sp=0x00000055920fd830
Event: 74.222 Thread 0x000001d0a1408090 DEOPT UNPACKING pc=0x000001d04ccb4422 sp=0x00000055920fd800 mode 2
Event: 74.222 Thread 0x000001d0a1408090 Uncommon trap: trap_request=0xffffffde fr.pc=0x000001d04d59ad6c relative=0x0000000000000c4c
Event: 74.222 Thread 0x000001d0a1408090 Uncommon trap: reason=class_check action=maybe_recompile pc=0x000001d04d59ad6c method=com.sun.javafx.font.CompositeStrike.getStrikeSlot(I)Lcom/sun/javafx/font/FontStrike; @ 128 c2
Event: 74.222 Thread 0x000001d0a1408090 DEOPT PACKING pc=0x000001d04d59ad6c sp=0x00000055920fd750
Event: 74.222 Thread 0x000001d0a1408090 DEOPT UNPACKING pc=0x000001d04ccb4422 sp=0x00000055920fd710 mode 2
Event: 79.231 Thread 0x000001d0a1408090 Uncommon trap: trap_request=0xffffffbe fr.pc=0x000001d04d2eef8c relative=0x000000000000160c
Event: 79.232 Thread 0x000001d0a1408090 Uncommon trap: reason=profile_predicate action=maybe_recompile pc=0x000001d04d2eef8c method=com.sun.prism.impl.GlyphCache.render(Lcom/sun/prism/impl/BaseContext;Lcom/sun/javafx/scene/text/GlyphList;FFIILcom/sun/prism/paint/Color;Lcom/sun/prism/paint/Color
Event: 79.232 Thread 0x000001d0a1408090 DEOPT PACKING pc=0x000001d04d2eef8c sp=0x00000055920fd930
Event: 79.232 Thread 0x000001d0a1408090 DEOPT UNPACKING pc=0x000001d04ccb4422 sp=0x00000055920fd890 mode 2
Event: 79.232 Thread 0x000001d0a1408090 Uncommon trap: trap_request=0xffffffbe fr.pc=0x000001d04d2eef8c relative=0x000000000000160c
Event: 79.232 Thread 0x000001d0a1408090 Uncommon trap: reason=profile_predicate action=maybe_recompile pc=0x000001d04d2eef8c method=com.sun.prism.impl.GlyphCache.render(Lcom/sun/prism/impl/BaseContext;Lcom/sun/javafx/scene/text/GlyphList;FFIILcom/sun/prism/paint/Color;Lcom/sun/prism/paint/Color
Event: 79.232 Thread 0x000001d0a1408090 DEOPT PACKING pc=0x000001d04d2eef8c sp=0x00000055920fd930
Event: 79.232 Thread 0x000001d0a1408090 DEOPT UNPACKING pc=0x000001d04ccb4422 sp=0x00000055920fd890 mode 2
Event: 79.938 Thread 0x000001d0a1408090 Uncommon trap: trap_request=0xffffff45 fr.pc=0x000001d04d51f67c relative=0x000000000000213c
Event: 79.938 Thread 0x000001d0a1408090 Uncommon trap: reason=unstable_if action=reinterpret pc=0x000001d04d51f67c method=com.sun.prism.impl.GlyphCache.render(Lcom/sun/prism/impl/BaseContext;Lcom/sun/javafx/scene/text/GlyphList;FFIILcom/sun/prism/paint/Color;Lcom/sun/prism/paint/Color;Lcom/sun/
Event: 79.938 Thread 0x000001d0a1408090 DEOPT PACKING pc=0x000001d04d51f67c sp=0x00000055920fd910
Event: 79.938 Thread 0x000001d0a1408090 DEOPT UNPACKING pc=0x000001d04ccb4422 sp=0x00000055920fd890 mode 2
Event: 80.049 Thread 0x000001d0a1408090 DEOPT PACKING pc=0x000001d045b8e8b0 sp=0x00000055920fcca0
Event: 80.049 Thread 0x000001d0a1408090 DEOPT UNPACKING pc=0x000001d04ccb4bc2 sp=0x00000055920fc150 mode 0

Classes loaded (20 events):
Event: 72.884 Loading class java/util/stream/FindOps$FindSink$OfLong
Event: 72.885 Loading class java/util/stream/Sink$OfLong
Event: 72.885 Loading class java/util/stream/Sink$OfLong done
Event: 72.885 Loading class java/util/stream/FindOps$FindSink$OfLong done
Event: 72.885 Loading class java/util/OptionalLong
Event: 72.886 Loading class java/util/OptionalLong done
Event: 72.898 Loading class java/util/stream/ReferencePipeline$5$1
Event: 72.898 Loading class java/util/stream/ReferencePipeline$5$1 done
Event: 72.901 Loading class java/util/ArrayList$ListItr
Event: 72.901 Loading class java/util/ArrayList$ListItr done
Event: 72.907 Loading class sun/net/www/HeaderParser
Event: 72.908 Loading class sun/net/www/HeaderParser done
Event: 72.914 Loading class java/nio/HeapByteBufferR
Event: 72.915 Loading class java/nio/HeapByteBufferR done
Event: 73.714 Loading class java/lang/Throwable$WrappedPrintStream
Event: 73.715 Loading class java/lang/Throwable$PrintStreamOrWriter
Event: 73.716 Loading class java/lang/Throwable$PrintStreamOrWriter done
Event: 73.716 Loading class java/lang/Throwable$WrappedPrintStream done
Event: 73.724 Loading class jdk/internal/util/regex/Grapheme
Event: 73.725 Loading class jdk/internal/util/regex/Grapheme done

Classes unloaded (14 events):
Event: 69.484 Thread 0x000001d05b5b1020 Unloading class 0x000001d05d452000 'java/lang/invoke/LambdaForm$MH+0x000001d05d452000'
Event: 69.484 Thread 0x000001d05b5b1020 Unloading class 0x000001d05d451c00 'java/lang/invoke/LambdaForm$MH+0x000001d05d451c00'
Event: 69.484 Thread 0x000001d05b5b1020 Unloading class 0x000001d05d451800 'java/lang/invoke/LambdaForm$MH+0x000001d05d451800'
Event: 69.484 Thread 0x000001d05b5b1020 Unloading class 0x000001d05d451400 'java/lang/invoke/LambdaForm$MH+0x000001d05d451400'
Event: 69.484 Thread 0x000001d05b5b1020 Unloading class 0x000001d05d451000 'java/lang/invoke/LambdaForm$MH+0x000001d05d451000'
Event: 69.484 Thread 0x000001d05b5b1020 Unloading class 0x000001d05d450c00 'java/lang/invoke/LambdaForm$MH+0x000001d05d450c00'
Event: 69.484 Thread 0x000001d05b5b1020 Unloading class 0x000001d05d450800 'java/lang/invoke/LambdaForm$MH+0x000001d05d450800'
Event: 69.484 Thread 0x000001d05b5b1020 Unloading class 0x000001d05d450400 'java/lang/invoke/LambdaForm$DMH+0x000001d05d450400'
Event: 69.484 Thread 0x000001d05b5b1020 Unloading class 0x000001d05d44bc00 'java/lang/invoke/LambdaForm$DMH+0x000001d05d44bc00'
Event: 69.484 Thread 0x000001d05b5b1020 Unloading class 0x000001d05d44b800 'java/lang/invoke/LambdaForm$DMH+0x000001d05d44b800'
Event: 69.484 Thread 0x000001d05b5b1020 Unloading class 0x000001d05d44ac00 'java/lang/invoke/LambdaForm$DMH+0x000001d05d44ac00'
Event: 69.484 Thread 0x000001d05b5b1020 Unloading class 0x000001d05d44b000 'java/lang/invoke/LambdaForm$DMH+0x000001d05d44b000'
Event: 69.484 Thread 0x000001d05b5b1020 Unloading class 0x000001d05d44a400 'java/lang/invoke/LambdaForm$DMH+0x000001d05d44a400'
Event: 69.484 Thread 0x000001d05b5b1020 Unloading class 0x000001d05d44a000 'java/lang/invoke/LambdaForm$DMH+0x000001d05d44a000'

Classes redefined (0 events):
No events

Internal exceptions (20 events):
Event: 69.553 Thread 0x000001d0a1a3d2e0 Exception <a 'java/lang/NoSuchMethodError'{0x00000007301e3da0}: 'void java.lang.invoke.DirectMethodHandle$Holder.invokeStaticInit(java.lang.Object, java.lang.Object, java.lang.Object)'> (0x00000007301e3da0) 
thrown [s\src\hotspot\share\interpreter\linkResolver.cpp, line 773]
Event: 70.222 Thread 0x000001d0a1408090 Implicit null exception at 0x000001d04d4d155e to 0x000001d04d4d15d0
Event: 71.443 Thread 0x000001d0a1a3d2e0 Exception <a 'java/io/FileNotFoundException'{0x00000007383e9160}> (0x00000007383e9160) 
thrown [s\src\hotspot\share\prims\jni.cpp, line 520]
Event: 71.443 Thread 0x000001d0a1a3d2e0 Exception <a 'java/io/FileNotFoundException'{0x00000007383eaa40}> (0x00000007383eaa40) 
thrown [s\src\hotspot\share\prims\jni.cpp, line 520]
Event: 71.443 Thread 0x000001d0a1a3d2e0 Exception <a 'java/io/FileNotFoundException'{0x00000007383ec338}> (0x00000007383ec338) 
thrown [s\src\hotspot\share\prims\jni.cpp, line 520]
Event: 71.443 Thread 0x000001d0a1a3d2e0 Exception <a 'java/io/FileNotFoundException'{0x00000007383edc10}> (0x00000007383edc10) 
thrown [s\src\hotspot\share\prims\jni.cpp, line 520]
Event: 71.703 Thread 0x000001d0a9ad5630 Exception <a 'java/lang/NoSuchMethodError'{0x0000000737123088}: 'java.lang.Object java.lang.invoke.DirectMethodHandle$Holder.invokeSpecial(java.lang.Object, java.lang.Object, java.lang.Object, java.lang.Object, int)'> (0x0000000737123088) 
thrown [s\src\hotspot\share\interpreter\linkResolver.cpp, line 773]
Event: 71.705 Thread 0x000001d0a9ad5630 Exception <a 'java/lang/NoSuchMethodError'{0x00000007371a5090}: 'java.lang.Object java.lang.invoke.Invokers$Holder.linkToTargetMethod(java.lang.Object, java.lang.Object, int, java.lang.Object)'> (0x00000007371a5090) 
thrown [s\src\hotspot\share\interpreter\linkResolver.cpp, line 773]
Event: 71.738 Thread 0x000001d0a9ad5630 Implicit null exception at 0x000001d04d270bdf to 0x000001d04d2715fc
Event: 71.960 Thread 0x000001d0a9ad5cc0 Exception <a 'java/lang/NoSuchMethodError'{0x00000007382ba480}: 'void java.lang.invoke.DirectMethodHandle$Holder.invokeStatic(java.lang.Object, java.lang.Object, int)'> (0x00000007382ba480) 
thrown [s\src\hotspot\share\interpreter\linkResolver.cpp, line 773]
Event: 71.987 Thread 0x000001d0a9ad7d90 Exception <a 'java/lang/NoSuchMethodError'{0x000000073b0c5c58}: 'void java.lang.invoke.DirectMethodHandle$Holder.invokeInterface(java.lang.Object, java.lang.Object, java.lang.Object)'> (0x000000073b0c5c58) 
thrown [s\src\hotspot\share\interpreter\linkResolver.cpp, line 773]
Event: 72.309 Thread 0x000001d0a1408090 Implicit null exception at 0x000001d04d57d32b to 0x000001d04d57e040
Event: 72.316 Thread 0x000001d0a1408090 Implicit null exception at 0x000001d04d580cf7 to 0x000001d04d581440
Event: 72.648 Thread 0x000001d0a9ad7d90 Exception <a 'java/lang/NoSuchMethodError'{0x00000007399e6ff0}: 'java.lang.Object java.lang.invoke.DirectMethodHandle$Holder.invokeStaticInit(java.lang.Object, java.lang.Object, java.lang.Object, java.lang.Object, java.lang.Object)'> (0x00000007399e6ff0) 
thrown [s\src\hotspot\share\interpreter\linkResolver.cpp, line 773]
Event: 72.649 Thread 0x000001d0a9ad7d90 Exception <a 'java/lang/NoSuchMethodError'{0x0000000739743310}: 'java.lang.Object java.lang.invoke.Invokers$Holder.invoke_MT(java.lang.Object, java.lang.Object, java.lang.Object, java.lang.Object, java.lang.Object, java.lang.Object)'> (0x0000000739743310) 
thrown [s\src\hotspot\share\interpreter\linkResolver.cpp, line 773]
Event: 72.653 Thread 0x000001d0a9ad7d90 Exception <a 'java/lang/NoSuchMethodError'{0x00000007397d31f0}: 'int java.lang.invoke.DirectMethodHandle$Holder.invokeStaticInit(java.lang.Object, java.lang.Object, java.lang.Object, java.lang.Object, java.lang.Object)'> (0x00000007397d31f0) 
thrown [s\src\hotspot\share\interpreter\linkResolver.cpp, line 773]
Event: 72.653 Thread 0x000001d0a9ad7d90 Exception <a 'java/lang/NoSuchMethodError'{0x00000007397d6c88}: 'int java.lang.invoke.DirectMethodHandle$Holder.invokeStaticInit(java.lang.Object, int)'> (0x00000007397d6c88) 
thrown [s\src\hotspot\share\interpreter\linkResolver.cpp, line 773]
Event: 72.654 Thread 0x000001d0a9ad7d90 Exception <a 'java/lang/NoSuchMethodError'{0x00000007397ddf60}: 'int java.lang.invoke.DirectMethodHandle$Holder.invokeStaticInit(java.lang.Object, java.lang.Object, java.lang.Object, java.lang.Object, java.lang.Object, java.lang.Object)'> (0x00000007397ddf60) 
thrown [s\src\hotspot\share\interpreter\linkResolver.cpp, line 773]
Event: 72.667 Thread 0x000001d0a9ad7d90 Exception <a 'java/lang/NoSuchMethodError'{0x00000007393c6890}: 'int java.lang.invoke.Invokers$Holder.linkToTargetMethod(java.lang.Object, int, java.lang.Object)'> (0x00000007393c6890) 
thrown [s\src\hotspot\share\interpreter\linkResolver.cpp, line 773]
Event: 73.714 Thread 0x000001d0a1a3d2e0 Exception <a 'java/lang/NullPointerException'{0x0000000758816420}> (0x0000000758816420) 
thrown [s\src\hotspot\share\interpreter\linkResolver.cpp, line 1372]

ZGC Phase Switch (0 events):
No events

VM Operations (20 events):
Event: 73.203 Executing safepoint VM operation: G1CollectForAllocation (GCLocker Initiated GC)
Event: 73.225 Executing safepoint VM operation: G1CollectForAllocation (GCLocker Initiated GC) done
Event: 74.225 Executing safepoint VM operation: Cleanup
Event: 74.225 Executing safepoint VM operation: Cleanup done
Event: 74.855 Executing safepoint VM operation: G1CollectForAllocation (G1 Evacuation Pause)
Event: 74.895 Executing safepoint VM operation: G1CollectForAllocation (G1 Evacuation Pause) done
Event: 75.856 Executing safepoint VM operation: G1CollectForAllocation (G1 Evacuation Pause)
Event: 75.932 Executing safepoint VM operation: G1CollectForAllocation (G1 Evacuation Pause) done
Event: 76.778 Executing safepoint VM operation: G1CollectForAllocation (G1 Evacuation Pause)
Event: 76.826 Executing safepoint VM operation: G1CollectForAllocation (G1 Evacuation Pause) done
Event: 77.317 Executing safepoint VM operation: G1CollectForAllocation (G1 Evacuation Pause)
Event: 77.361 Executing safepoint VM operation: G1CollectForAllocation (G1 Evacuation Pause) done
Event: 77.362 Executing safepoint VM operation: G1CollectForAllocation (GCLocker Initiated GC)
Event: 77.387 Executing safepoint VM operation: G1CollectForAllocation (GCLocker Initiated GC) done
Event: 77.841 Executing safepoint VM operation: G1CollectForAllocation (G1 Evacuation Pause)
Event: 77.891 Executing safepoint VM operation: G1CollectForAllocation (G1 Evacuation Pause) done
Event: 78.558 Executing safepoint VM operation: G1CollectForAllocation (G1 Evacuation Pause)
Event: 78.572 Executing safepoint VM operation: G1CollectForAllocation (G1 Evacuation Pause) done
Event: 79.290 Executing safepoint VM operation: G1CollectForAllocation (G1 Evacuation Pause)
Event: 79.322 Executing safepoint VM operation: G1CollectForAllocation (G1 Evacuation Pause) done

Memory protections (0 events):
No events

Nmethod flushes (20 events):
Event: 72.794 Thread 0x000001d05b5b1020 flushing  nmethod 0x000001d045f78890
Event: 72.794 Thread 0x000001d05b5b1020 flushing  nmethod 0x000001d045f83110
Event: 72.794 Thread 0x000001d05b5b1020 flushing  nmethod 0x000001d046228110
Event: 72.794 Thread 0x000001d05b5b1020 flushing  nmethod 0x000001d0457cd290
Event: 72.794 Thread 0x000001d05b5b1020 flushing  nmethod 0x000001d045790410
Event: 72.794 Thread 0x000001d05b5b1020 flushing  nmethod 0x000001d045d3de90
Event: 72.794 Thread 0x000001d05b5b1020 flushing  nmethod 0x000001d046184c10
Event: 72.794 Thread 0x000001d05b5b1020 flushing  nmethod 0x000001d046287190
Event: 72.794 Thread 0x000001d05b5b1020 flushing  nmethod 0x000001d0457af790
Event: 72.794 Thread 0x000001d05b5b1020 flushing  nmethod 0x000001d045dc7410
Event: 72.794 Thread 0x000001d05b5b1020 flushing  nmethod 0x000001d045f4d090
Event: 72.794 Thread 0x000001d05b5b1020 flushing  nmethod 0x000001d045f4db90
Event: 72.794 Thread 0x000001d05b5b1020 flushing  nmethod 0x000001d045f54110
Event: 72.794 Thread 0x000001d05b5b1020 flushing  nmethod 0x000001d0460f9310
Event: 72.794 Thread 0x000001d05b5b1020 flushing  nmethod 0x000001d04d4d1390
Event: 72.794 Thread 0x000001d05b5b1020 flushing  nmethod 0x000001d045756690
Event: 72.794 Thread 0x000001d05b5b1020 flushing  nmethod 0x000001d0457bbc90
Event: 72.794 Thread 0x000001d05b5b1020 flushing  nmethod 0x000001d046115d90
Event: 72.794 Thread 0x000001d05b5b1020 flushing  nmethod 0x000001d04611d690
Event: 72.794 Thread 0x000001d05b5b1020 flushing  nmethod 0x000001d0463e8710

Events (20 events):
Event: 79.035 Thread 0x000001d0a1a3d2e0 Thread added: 0x000001d0fcc81660
Event: 79.037 Thread 0x000001d0fcc86bb0 Thread exited: 0x000001d0fcc86bb0
Event: 79.041 Thread 0x000001d0fcc82380 Thread added: 0x000001d0fcc82380
Event: 79.331 Thread 0x000001d0a1a3d2e0 Thread added: 0x000001d0fcc86bb0
Event: 79.335 Thread 0x000001d0a1a3d2e0 Thread added: 0x000001d0fcc87240
Event: 79.338 Thread 0x000001d0a1a3d2e0 Thread added: 0x000001d0ae67b110
Event: 79.353 Thread 0x000001d0f72fb290 Thread added: 0x000001d0f72fb290
Event: 79.355 Thread 0x000001d0a1a3d2e0 Thread added: 0x000001d0f72fac00
Event: 79.404 Thread 0x000001d0f72f91c0 Thread added: 0x000001d0f72f91c0
Event: 79.424 Thread 0x000001d0f72f9850 Thread added: 0x000001d0f72f9850
Event: 79.458 Thread 0x000001d0f72fb920 Thread added: 0x000001d0f72fb920
Event: 79.640 Thread 0x000001d0f72fd360 Thread added: 0x000001d0f72fd360
Event: 79.680 Thread 0x000001d0f72fa570 Thread added: 0x000001d0f72fa570
Event: 79.807 Thread 0x000001d0ae6f4cc0 Thread exited: 0x000001d0ae6f4cc0
Event: 79.901 Thread 0x000001d0ae6f87d0 Thread exited: 0x000001d0ae6f87d0
Event: 79.948 Thread 0x000001d0a9ad1b20 Thread exited: 0x000001d0a9ad1b20
Event: 80.019 Thread 0x000001d0ae6f7ab0 Thread exited: 0x000001d0ae6f7ab0
Event: 80.036 Thread 0x000001d0f72fbfb0 Thread added: 0x000001d0f72fbfb0
Event: 80.067 Thread 0x000001d0ae6fa210 Thread exited: 0x000001d0ae6fa210
Event: 80.069 Thread 0x000001d0fcc81660 Thread exited: 0x000001d0fcc81660


Dynamic libraries:
0x00007ff764b30000 - 0x00007ff764b3e000 	C:\Program Files\Eclipse Adoptium\jdk-21.0.11.10-hotspot\bin\java.exe
0x00007ffa10a40000 - 0x00007ffa10ca7000 	C:\WINDOWS\SYSTEM32\ntdll.dll
0x00007ffa0f2b0000 - 0x00007ffa0f379000 	C:\WINDOWS\System32\KERNEL32.DLL
0x00007ffa0e260000 - 0x00007ffa0e654000 	C:\WINDOWS\System32\KERNELBASE.dll
0x00007ffa0d640000 - 0x00007ffa0d78b000 	C:\WINDOWS\System32\ucrtbase.dll
0x00007ff9f25c0000 - 0x00007ff9f25d8000 	C:\Program Files\Eclipse Adoptium\jdk-21.0.11.10-hotspot\bin\jli.dll
0x00007ff9f25a0000 - 0x00007ff9f25be000 	C:\Program Files\Eclipse Adoptium\jdk-21.0.11.10-hotspot\bin\VCRUNTIME140.dll
0x00007ffa0ed90000 - 0x00007ffa0ef55000 	C:\WINDOWS\System32\USER32.dll
0x00007ff9fca00000 - 0x00007ff9fcc93000 	C:\WINDOWS\WinSxS\amd64_microsoft.windows.common-controls_6595b64144ccf1df_6.0.26100.8115_none_3e075c82e3354f9c\COMCTL32.dll
0x00007ffa0e0b0000 - 0x00007ffa0e0d7000 	C:\WINDOWS\System32\win32u.dll
0x00007ffa0fa60000 - 0x00007ffa0fb09000 	C:\WINDOWS\System32\msvcrt.dll
0x00007ffa109d0000 - 0x00007ffa109fb000 	C:\WINDOWS\System32\GDI32.dll
0x00007ffa0d310000 - 0x00007ffa0d43b000 	C:\WINDOWS\System32\gdi32full.dll
0x00007ffa0e660000 - 0x00007ffa0e703000 	C:\WINDOWS\System32\msvcp_win.dll
0x00007ffa0e8f0000 - 0x00007ffa0e922000 	C:\WINDOWS\System32\IMM32.DLL
0x00007ff9f7bc0000 - 0x00007ff9f7bcc000 	C:\Program Files\Eclipse Adoptium\jdk-21.0.11.10-hotspot\bin\vcruntime140_1.dll
0x00007ff94f7d0000 - 0x00007ff94f85d000 	C:\Program Files\Eclipse Adoptium\jdk-21.0.11.10-hotspot\bin\msvcp140.dll
0x00007ff8e67e0000 - 0x00007ff8e7582000 	C:\Program Files\Eclipse Adoptium\jdk-21.0.11.10-hotspot\bin\server\jvm.dll
0x00007ffa0fba0000 - 0x00007ffa0fc56000 	C:\WINDOWS\System32\ADVAPI32.dll
0x00007ffa0f0b0000 - 0x00007ffa0f157000 	C:\WINDOWS\System32\sechost.dll
0x00007ffa0ec60000 - 0x00007ffa0ed78000 	C:\WINDOWS\System32\RPCRT4.dll
0x00007ffa0e7d0000 - 0x00007ffa0e850000 	C:\WINDOWS\System32\WS2_32.dll
0x00007ffa06640000 - 0x00007ffa06676000 	C:\WINDOWS\SYSTEM32\WINMM.dll
0x00007ffa0d190000 - 0x00007ffa0d1ee000 	C:\WINDOWS\SYSTEM32\POWRPROF.dll
0x00007ffa07210000 - 0x00007ffa0721b000 	C:\WINDOWS\SYSTEM32\VERSION.dll
0x00007ffa0d170000 - 0x00007ffa0d184000 	C:\WINDOWS\SYSTEM32\UMPDC.dll
0x00007ffa0c070000 - 0x00007ffa0c08b000 	C:\WINDOWS\SYSTEM32\kernel.appcore.dll
0x00007ff9f2590000 - 0x00007ff9f259a000 	C:\Program Files\Eclipse Adoptium\jdk-21.0.11.10-hotspot\bin\jimage.dll
0x00007ffa0b2f0000 - 0x00007ffa0b532000 	C:\WINDOWS\SYSTEM32\DBGHELP.DLL
0x00007ffa0f3b0000 - 0x00007ffa0f732000 	C:\WINDOWS\System32\combase.dll
0x00007ffa0eb80000 - 0x00007ffa0ec58000 	C:\WINDOWS\System32\OLEAUT32.dll
0x00007ff9f3c20000 - 0x00007ff9f3c5b000 	C:\WINDOWS\SYSTEM32\dbgcore.DLL
0x00007ffa0e000000 - 0x00007ffa0e0a5000 	C:\WINDOWS\System32\bcryptPrimitives.dll
0x00007ff98ef70000 - 0x00007ff98ef90000 	C:\Program Files\Eclipse Adoptium\jdk-21.0.11.10-hotspot\bin\java.dll
0x00007ffa10100000 - 0x00007ffa10867000 	C:\WINDOWS\System32\SHELL32.dll
0x00007ffa0d4d0000 - 0x00007ffa0d63a000 	C:\WINDOWS\System32\wintypes.dll
0x00007ffa0d790000 - 0x00007ffa0dff8000 	C:\WINDOWS\System32\windows.storage.dll
0x00007ffa0f160000 - 0x00007ffa0f258000 	C:\WINDOWS\System32\SHCORE.dll
0x00007ffa0e860000 - 0x00007ffa0e8c6000 	C:\WINDOWS\System32\shlwapi.dll
0x00007ffa0d230000 - 0x00007ffa0d259000 	C:\WINDOWS\SYSTEM32\profapi.dll
0x00007ff91b7a0000 - 0x00007ff91b877000 	C:\Program Files\Eclipse Adoptium\jdk-21.0.11.10-hotspot\bin\jsvml.dll
0x00007ff9f2580000 - 0x00007ff9f2590000 	C:\Program Files\Eclipse Adoptium\jdk-21.0.11.10-hotspot\bin\net.dll
0x00007ffa062d0000 - 0x00007ffa063fd000 	C:\WINDOWS\SYSTEM32\WINHTTP.dll
0x00007ffa0c680000 - 0x00007ffa0c6ec000 	C:\WINDOWS\system32\mswsock.dll
0x00007ff98ef50000 - 0x00007ff98ef66000 	C:\Program Files\Eclipse Adoptium\jdk-21.0.11.10-hotspot\bin\nio.dll
0x00007ff98d3e0000 - 0x00007ff98d3f8000 	C:\Program Files\Eclipse Adoptium\jdk-21.0.11.10-hotspot\bin\zip.dll
0x000001d03cfc0000 - 0x000001d03cfc3000 	C:\Users\LENOVO\.openjfx\cache\17.0.2-ea\api-ms-win-core-console-l1-1-0.dll
0x000001d05be70000 - 0x000001d05be73000 	C:\Users\LENOVO\.openjfx\cache\17.0.2-ea\api-ms-win-core-console-l1-2-0.dll
0x000001d05be80000 - 0x000001d05be83000 	C:\Users\LENOVO\.openjfx\cache\17.0.2-ea\api-ms-win-core-datetime-l1-1-0.dll
0x000001d05be90000 - 0x000001d05be93000 	C:\Users\LENOVO\.openjfx\cache\17.0.2-ea\api-ms-win-core-debug-l1-1-0.dll
0x000001d05bea0000 - 0x000001d05bea3000 	C:\Users\LENOVO\.openjfx\cache\17.0.2-ea\api-ms-win-core-errorhandling-l1-1-0.dll
0x000001d05beb0000 - 0x000001d05beb4000 	C:\Users\LENOVO\.openjfx\cache\17.0.2-ea\api-ms-win-core-file-l1-1-0.dll
0x000001d05bec0000 - 0x000001d05bec3000 	C:\Users\LENOVO\.openjfx\cache\17.0.2-ea\api-ms-win-core-file-l1-2-0.dll
0x000001d05bed0000 - 0x000001d05bed3000 	C:\Users\LENOVO\.openjfx\cache\17.0.2-ea\api-ms-win-core-file-l2-1-0.dll
0x000001d05bee0000 - 0x000001d05bee3000 	C:\Users\LENOVO\.openjfx\cache\17.0.2-ea\api-ms-win-core-handle-l1-1-0.dll
0x000001d05bef0000 - 0x000001d05bef3000 	C:\Users\LENOVO\.openjfx\cache\17.0.2-ea\api-ms-win-core-heap-l1-1-0.dll
0x000001d05bf00000 - 0x000001d05bf03000 	C:\Users\LENOVO\.openjfx\cache\17.0.2-ea\api-ms-win-core-interlocked-l1-1-0.dll
0x000001d05bf10000 - 0x000001d05bf13000 	C:\Users\LENOVO\.openjfx\cache\17.0.2-ea\api-ms-win-core-libraryloader-l1-1-0.dll
0x000001d05bf20000 - 0x000001d05bf23000 	C:\Users\LENOVO\.openjfx\cache\17.0.2-ea\api-ms-win-core-localization-l1-2-0.dll
0x000001d05bf30000 - 0x000001d05bf33000 	C:\Users\LENOVO\.openjfx\cache\17.0.2-ea\api-ms-win-core-memory-l1-1-0.dll
0x000001d05bf40000 - 0x000001d05bf43000 	C:\Users\LENOVO\.openjfx\cache\17.0.2-ea\api-ms-win-core-namedpipe-l1-1-0.dll
0x000001d05bf50000 - 0x000001d05bf53000 	C:\Users\LENOVO\.openjfx\cache\17.0.2-ea\api-ms-win-core-processenvironment-l1-1-0.dll
0x000001d05bf60000 - 0x000001d05bf63000 	C:\Users\LENOVO\.openjfx\cache\17.0.2-ea\api-ms-win-core-processthreads-l1-1-0.dll
0x000001d05bf70000 - 0x000001d05bf73000 	C:\Users\LENOVO\.openjfx\cache\17.0.2-ea\api-ms-win-core-processthreads-l1-1-1.dll
0x000001d05bf80000 - 0x000001d05bf83000 	C:\Users\LENOVO\.openjfx\cache\17.0.2-ea\api-ms-win-core-profile-l1-1-0.dll
0x000001d05bf90000 - 0x000001d05bf93000 	C:\Users\LENOVO\.openjfx\cache\17.0.2-ea\api-ms-win-core-rtlsupport-l1-1-0.dll
0x000001d05bfa0000 - 0x000001d05bfa3000 	C:\Users\LENOVO\.openjfx\cache\17.0.2-ea\api-ms-win-core-string-l1-1-0.dll
0x000001d05bfb0000 - 0x000001d05bfb3000 	C:\Users\LENOVO\.openjfx\cache\17.0.2-ea\api-ms-win-core-synch-l1-1-0.dll
0x000001d05bfc0000 - 0x000001d05bfc3000 	C:\Users\LENOVO\.openjfx\cache\17.0.2-ea\api-ms-win-core-synch-l1-2-0.dll
0x000001d05bfd0000 - 0x000001d05bfd3000 	C:\Users\LENOVO\.openjfx\cache\17.0.2-ea\api-ms-win-core-sysinfo-l1-1-0.dll
0x000001d05bfe0000 - 0x000001d05bfe3000 	C:\Users\LENOVO\.openjfx\cache\17.0.2-ea\api-ms-win-core-timezone-l1-1-0.dll
0x000001d05bff0000 - 0x000001d05bff3000 	C:\Users\LENOVO\.openjfx\cache\17.0.2-ea\api-ms-win-core-util-l1-1-0.dll
0x000001d0a1c00000 - 0x000001d0a1c03000 	C:\Users\LENOVO\.openjfx\cache\17.0.2-ea\api-ms-win-crt-conio-l1-1-0.dll
0x000001d0a1c10000 - 0x000001d0a1c14000 	C:\Users\LENOVO\.openjfx\cache\17.0.2-ea\api-ms-win-crt-convert-l1-1-0.dll
0x000001d0a1c20000 - 0x000001d0a1c23000 	C:\Users\LENOVO\.openjfx\cache\17.0.2-ea\api-ms-win-crt-environment-l1-1-0.dll
0x000001d0a1c30000 - 0x000001d0a1c33000 	C:\Users\LENOVO\.openjfx\cache\17.0.2-ea\api-ms-win-crt-filesystem-l1-1-0.dll
0x000001d0a1c40000 - 0x000001d0a1c43000 	C:\Users\LENOVO\.openjfx\cache\17.0.2-ea\api-ms-win-crt-heap-l1-1-0.dll
0x000001d0a1c50000 - 0x000001d0a1c53000 	C:\Users\LENOVO\.openjfx\cache\17.0.2-ea\api-ms-win-crt-locale-l1-1-0.dll
0x000001d0a1c60000 - 0x000001d0a1c65000 	C:\Users\LENOVO\.openjfx\cache\17.0.2-ea\api-ms-win-crt-math-l1-1-0.dll
0x000001d0a1c70000 - 0x000001d0a1c75000 	C:\Users\LENOVO\.openjfx\cache\17.0.2-ea\api-ms-win-crt-multibyte-l1-1-0.dll
0x000001d0a1c80000 - 0x000001d0a1c90000 	C:\Users\LENOVO\.openjfx\cache\17.0.2-ea\api-ms-win-crt-private-l1-1-0.dll
0x000001d0a1c90000 - 0x000001d0a1c93000 	C:\Users\LENOVO\.openjfx\cache\17.0.2-ea\api-ms-win-crt-process-l1-1-0.dll
0x000001d0a1ca0000 - 0x000001d0a1ca4000 	C:\Users\LENOVO\.openjfx\cache\17.0.2-ea\api-ms-win-crt-runtime-l1-1-0.dll
0x000001d0a1cb0000 - 0x000001d0a1cb4000 	C:\Users\LENOVO\.openjfx\cache\17.0.2-ea\api-ms-win-crt-stdio-l1-1-0.dll
0x000001d0a1cc0000 - 0x000001d0a1cc4000 	C:\Users\LENOVO\.openjfx\cache\17.0.2-ea\api-ms-win-crt-string-l1-1-0.dll
0x000001d0a1cd0000 - 0x000001d0a1cd3000 	C:\Users\LENOVO\.openjfx\cache\17.0.2-ea\api-ms-win-crt-time-l1-1-0.dll
0x000001d0a1ce0000 - 0x000001d0a1ce3000 	C:\Users\LENOVO\.openjfx\cache\17.0.2-ea\api-ms-win-crt-utility-l1-1-0.dll
0x00007ff9054e0000 - 0x00007ff9055dc000 	C:\Users\LENOVO\.openjfx\cache\17.0.2-ea\ucrtbase.dll
0x00007ff9e3ec0000 - 0x00007ff9e3eda000 	C:\Users\LENOVO\.openjfx\cache\17.0.2-ea\vcruntime140.dll
0x00007ff9e3eb0000 - 0x00007ff9e3ebc000 	C:\Users\LENOVO\.openjfx\cache\17.0.2-ea\vcruntime140_1.dll
0x00007ff91b6d0000 - 0x00007ff91b75d000 	C:\Users\LENOVO\.openjfx\cache\17.0.2-ea\msvcp140.dll
0x00007ff9e3e80000 - 0x00007ff9e3eaa000 	C:\Users\LENOVO\.openjfx\cache\17.0.2-ea\prism_d3d.dll
0x00007ff9b7f70000 - 0x00007ff9b8122000 	C:\WINDOWS\system32\d3d9.dll
0x00007ffa0acc0000 - 0x00007ffa0acef000 	C:\WINDOWS\SYSTEM32\dwmapi.dll
0x00007ffa0ab00000 - 0x00007ffa0ab43000 	C:\WINDOWS\SYSTEM32\dxcore.dll
0x00007ffa0aa00000 - 0x00007ffa0aaa9000 	C:\WINDOWS\system32\uxtheme.dll
0x00007ffa06110000 - 0x00007ffa062cb000 	C:\WINDOWS\System32\DriverStore\FileRepository\u0417253.inf_amd64_a9b363c4f94f001d\B417132\aticfx64.dll
0x00007ff9459c0000 - 0x00007ff9459f4000 	C:\WINDOWS\System32\DriverStore\FileRepository\u0417253.inf_amd64_a9b363c4f94f001d\B417132\atiu9p64.dll
0x00007ff8e4170000 - 0x00007ff8e4eb7000 	C:\WINDOWS\System32\DriverStore\FileRepository\u0417253.inf_amd64_a9b363c4f94f001d\B417132\atiumd64.dll
0x00007ffa0f8c0000 - 0x00007ffa0fa57000 	C:\WINDOWS\System32\ole32.dll
0x0000000055b00000 - 0x0000000056a13000 	C:\WINDOWS\System32\DriverStore\FileRepository\u0417253.inf_amd64_a9b363c4f94f001d\B417132\atiumd6a.dll
0x00007ffa0fc60000 - 0x00007ffa100e7000 	C:\WINDOWS\System32\SETUPAPI.dll
0x00007ffa03cf0000 - 0x00007ffa03d25000 	C:\WINDOWS\SYSTEM32\amdihk64.dll
0x00007ffa079d0000 - 0x00007ffa07a31000 	C:\WINDOWS\SYSTEM32\directxdatabasehelper.dll
0x00007ffa0cec0000 - 0x00007ffa0cf11000 	C:\WINDOWS\SYSTEM32\cfgmgr32.dll
0x00007ff91b650000 - 0x00007ff91b692000 	C:\Users\LENOVO\.openjfx\cache\17.0.2-ea\glass.dll
0x00007ffa0f740000 - 0x00007ffa0f82f000 	C:\WINDOWS\System32\COMDLG32.dll
0x00007ff9e71a0000 - 0x00007ff9e72d3000 	C:\ProgramData\A-Volute\A-Volute.Nahimic\Modules\Scheduled\x64\AudioDevProps2.dll
0x00007ffa10870000 - 0x00007ffa109cc000 	C:\WINDOWS\System32\MSCTF.dll
0x00007ffa0bad0000 - 0x00007ffa0bc02000 	C:\WINDOWS\SYSTEM32\DNSAPI.dll
0x00007ffa0ba40000 - 0x00007ffa0ba72000 	C:\WINDOWS\SYSTEM32\IPHLPAPI.DLL
0x00007ffa0ed80000 - 0x00007ffa0ed8a000 	C:\WINDOWS\System32\NSI.dll
0x00007ffa06450000 - 0x00007ffa0645b000 	C:\Windows\System32\rasadhlp.dll
0x00007ffa03b00000 - 0x00007ffa03b86000 	C:\WINDOWS\System32\fwpuclnt.dll
0x00007ff996f70000 - 0x00007ff996f79000 	C:\Program Files\Eclipse Adoptium\jdk-21.0.11.10-hotspot\bin\extnet.dll
0x00007ffa0c960000 - 0x00007ffa0c97b000 	C:\WINDOWS\SYSTEM32\CRYPTSP.dll
0x00007ffa0bfd0000 - 0x00007ffa0c009000 	C:\WINDOWS\system32\rsaenh.dll
0x00007ffa0c730000 - 0x00007ffa0c763000 	C:\WINDOWS\SYSTEM32\USERENV.dll
0x00007ffa0d200000 - 0x00007ffa0d22a000 	C:\WINDOWS\SYSTEM32\bcrypt.dll
0x00007ffa0c980000 - 0x00007ffa0c98c000 	C:\WINDOWS\SYSTEM32\CRYPTBASE.dll
0x00007ff996f60000 - 0x00007ff996f6e000 	C:\Program Files\Eclipse Adoptium\jdk-21.0.11.10-hotspot\bin\sunmscapi.dll
0x00007ffa0e0e0000 - 0x00007ffa0e257000 	C:\WINDOWS\System32\CRYPT32.dll
0x00007ffa0cb80000 - 0x00007ffa0cbb0000 	C:\WINDOWS\SYSTEM32\ncrypt.dll
0x00007ffa0cb30000 - 0x00007ffa0cb6f000 	C:\WINDOWS\SYSTEM32\NTASN1.dll
0x00007ff9ef5e0000 - 0x00007ff9ef5e8000 	C:\WINDOWS\system32\wshunix.dll
0x00007ff98bc20000 - 0x00007ff98bc34000 	C:\Users\LENOVO\.openjfx\cache\17.0.2-ea\javafx_font.dll
0x00007ffa09190000 - 0x00007ffa093f7000 	C:\WINDOWS\SYSTEM32\dwrite.dll
0x00007ffa0eff0000 - 0x00007ffa0f09e000 	C:\WINDOWS\System32\clbcatq.dll

JVMTI agents: none

dbghelp: loaded successfully - version: 4.0.5 - missing functions: none
symbol engine: initialized successfully - sym options: 0x614 - pdb path: .;C:\Program Files\Eclipse Adoptium\jdk-21.0.11.10-hotspot\bin;C:\WINDOWS\SYSTEM32;C:\WINDOWS\WinSxS\amd64_microsoft.windows.common-controls_6595b64144ccf1df_6.0.26100.8115_none_3e075c82e3354f9c;C:\Program Files\Eclipse Adoptium\jdk-21.0.11.10-hotspot\bin\server;C:\Users\LENOVO\.openjfx\cache\17.0.2-ea;C:\WINDOWS\System32\DriverStore\FileRepository\u0417253.inf_amd64_a9b363c4f94f001d\B417132;C:\ProgramData\A-Volute\A-Volute.Nahimic\Modules\Scheduled\x64;C:\Program Files\Common Files\Microsoft Shared\Ink

VM Arguments:
jvm_args: --module-path=C:\Users\LENOVO\.m2\repository\org\openjfx\javafx-base\17.0.2\javafx-base-17.0.2-win.jar;C:\Users\LENOVO\.m2\repository\org\openjfx\javafx-base\17.0.2\javafx-base-17.0.2.jar;C:\Users\LENOVO\.m2\repository\org\openjfx\javafx-controls\17.0.2\javafx-controls-17.0.2-win.jar;C:\Users\LENOVO\.m2\repository\org\openjfx\javafx-controls\17.0.2\javafx-controls-17.0.2.jar;C:\Users\LENOVO\.m2\repository\org\openjfx\javafx-fxml\17.0.2\javafx-fxml-17.0.2-win.jar;C:\Users\LENOVO\.m2\repository\org\openjfx\javafx-graphics\17.0.2\javafx-graphics-17.0.2-win.jar;C:\Users\LENOVO\.m2\repository\org\openjfx\javafx-graphics\17.0.2\javafx-graphics-17.0.2.jar;C:\Users\LENOVO\.m2\repository\org\openjfx\javafx-media\17.0.2\javafx-media-17.0.2-win.jar;C:\Users\LENOVO\.m2\repository\org\openjfx\javafx-media\17.0.2\javafx-media-17.0.2.jar;C:\Users\LENOVO\.m2\repository\org\openjfx\javafx-swing\17.0.2\javafx-swing-17.0.2-win.jar;C:\Users\LENOVO\.m2\repository\org\openjfx\javafx-swing\17.0.2\javafx-swing-17.0.2.jar;C:\Users\LENOVO\.m2\repository\org\openjfx\javafx-web\17.0.2\javafx-web-17.0.2-win.jar;C:\Users\LENOVO\.m2\repository\org\openjfx\javafx-web\17.0.2\javafx-web-17.0.2.jar --add-modules=javafx.base,javafx.controls,javafx.fxml,javafx.graphics,javafx.media,javafx.swing,javafx.web 
java_command: com.wellcare.Main
java_class_path (initial): C:\Users\LENOVO\Desktop\projetjavafinal\finalprojetjava\target\classes;C:\Users\LENOVO\.m2\repository\antlr\antlr\2.7.7\antlr-2.7.7.jar;C:\Users\LENOVO\.m2\repository\at\favre\lib\bcrypt\0.10.2\bcrypt-0.10.2.jar;C:\Users\LENOVO\.m2\repository\at\favre\lib\bytes\1.5.0\bytes-1.5.0.jar;C:\Users\LENOVO\.m2\repository\com\fasterxml\classmate\1.5.1\classmate-1.5.1.jar;C:\Users\LENOVO\.m2\repository\com\fasterxml\jackson\core\jackson-annotations\2.14.2\jackson-annotations-2.14.2.jar;C:\Users\LENOVO\.m2\repository\com\fasterxml\jackson\core\jackson-core\2.14.2\jackson-core-2.14.2.jar;C:\Users\LENOVO\.m2\repository\com\fasterxml\jackson\core\jackson-databind\2.14.2\jackson-databind-2.14.2.jar;C:\Users\LENOVO\.m2\repository\com\github\ben-manes\caffeine\caffeine\2.9.3\caffeine-2.9.3.jar;C:\Users\LENOVO\.m2\repository\com\github\librepdf\openpdf\1.3.30\openpdf-1.3.30.jar;C:\Users\LENOVO\.m2\repository\com\github\waffle\waffle-jna\3.3.0\waffle-jna-3.3.0.jar;C:\Users\LENOVO\.m2\repository\com\google\code\findbugs\jsr305\3.0.2\jsr305-3.0.2.jar;C:\Users\LENOVO\.m2\repository\com\google\errorprone\error_prone_annotations\2.10.0\error_prone_annotations-2.10.0.jar;C:\Users\LENOVO\.m2\repository\com\google\protobuf\protobuf-java\3.21.9\protobuf-java-3.21.9.jar;C:\Users\LENOVO\.m2\repository\com\googlecode\json-simple\json-simple\1.1.1\json-simple-1.1.1.jar;C:\Users\LENOVO\.m2\repository\com\itextpdf\barcodes\7.2.5\barcodes-7.2.5.jar;C:\Users\LENOVO\.m2\repository\com\itextpdf\commons\7.2.5\commons-7.2.5.jar;C:\Users\LENOVO\.m2\repository\com\itextpdf\font-asian\7.2.5\font-asian-7.2.5.jar;C:\Users\LENOVO\.m2\repository\com\itextpdf\forms\7.2.5\forms-7.2.5.jar;C:\Users\LENOVO\.m2\repository\com\itextpdf\hyph\7.2.5\hyph-7.2.5.jar;C:\Users\LENOVO\.m2\repository\com\itextpdf\io\7.2.5\io-7.2.5.jar;C:\Users\LENOVO\.m2\repository\com\itextpdf\itextpdf\5.5.13.3\itextpdf-5.5.13.3.jar;C:\Users\LENOVO\.m2\repository\com\itextpdf\kernel\7.2.5\kernel-7.2.5.jar;C:\Users\LENOVO\.m2\repository\com\itextpdf\layout\7.2.5\layout-7.2.5.jar;C:\Users\LENOVO\.m2\repository\com\itextpdf\pdfa\7.2.5\pdfa-7.2.5.jar;C:\Users\LENOVO\.m2\repository\com\itextpdf\sign\7.2.5\sign-7.2.5.jar;C:\Users\LENOVO\.m2\repository\com\itextpdf\styled-xml-parser\7.2.5\styled-xml-parser-7.2.5.jar;C:\Users\LENOVO\.m2\repository\com\itextpdf\svg\7.2.5\svg-7.2.5.jar;C:\Users\LENOVO\.m2\repository\com\mysql\mysql-connector-j\8.0.33\mysql-connector-j-8.0.33.jar;C:\Users\LENOVO\.m2\repository\com\sothawo\mapjfx\3.1.0\mapjfx-3.1.0.jar;C:\Users\LENOVO\.m2\repository\com\squareup\okhttp3\okhttp\4.12.0\okhttp-4.12.0.jar;C:\Users\LENOVO\.m2\repository\com\squareup\okio\okio\3.6.0\okio-3.6.0.jar;C:\Users\LENOVO\.m2\repository\com\squareup\okio\okio-jvm\3.6.0\okio-jvm-3.6.0.jar;C:\Users\LENOVO\.m2\repository\com\sun\activation\jakarta.activation\2.0.1\jakarta.activation-2.0.1.jar;C:\Users\LENOVO\.m2\repository\com\sun\istack\istack-commons-runtime\3.0.7\istack-commons-runtime-3.0.7.jar;C:\Users\LENOVO\.m2\repository\com\sun\mail\jakarta.mail\2.0.1\jakarta.mail-2.0.1.jar;C:\Users\LENOVO\.m2\repository\com\sun\xml\fastinfoset\FastInfoset\1.2.15\FastInfoset-1.2.15.jar;C:\Users\LENOVO\.m2\repository\jakarta\servlet\jakarta.servlet-api\6.0.0\jakarta.servlet-api-6.0.0.jar;C:\Users\LENOVO\.m2\repository\javax\activation\javax.activation-api\1.2.0\javax.activation-api-1.2.0.jar;C:\Users\LENOVO\.m2\repository\javax\persistence\javax.persistence-api\2.2\javax.persistence-api-2.2.jar;C:\Users\LENOVO\.m2\repository\javax\xml\bind\jaxb-api\2.3.1\jaxb-api-2.3.1.jar;C:\Users\LENOVO\.m2\repository\junit\junit\4.10\junit-4.10.jar;C:\Users\LENOVO\.m2\repository\net\bytebuddy\byte-buddy\1.12.18\byte-buddy-1.12.18.jar;C:\Users\LENOVO\.m2\repository\net\java\dev\jna\jna\5.13.0\jna-5.13.0.jar;C:\Users\LENOVO\.m2\repository\net\java\dev\jna\jna-platform\5.13.0\jna-platform-5.13.0.jar;C:\Users\LENOVO\.m2\repository\org\bouncycastle\bcpkix-jdk15on\1.70\bcpkix-jdk15on-1.70.jar;C:\Users\LENOVO\.m2\repository\org\bouncycastle\bcprov-jdk15on\1.70\bcprov-jdk15on-1.70.jar;C:\Users\LENOVO\.m2\repository\org\bouncycastle\bcutil-jdk15on\1.70\bcutil-jdk15on-1.70.jar;C:\Users\LENOVO\.m2\repository\org\checkerframework\checker-qual\3.32.0\checker-qual-3.32.0.jar;C:\Users\LENOVO\.m2\repository\org\controlsfx\controlsfx\11.2.1\controlsfx-11.2.1.jar;C:\Users\LENOVO\.m2\repository\org\glassfish\jaxb\jaxb-runtime\2.3.1\jaxb-runtime-2.3.1.jar;C:\Users\LENOVO\.m2\repository\org\glassfish\jaxb\txw2\2.3.1\txw2-2.3.1.jar;C:\Users\LENOVO\.m2\repository\org\hamcrest\hamcrest-core\1.1\hamcrest-core-1.1.jar;C:\Users\LENOVO\.m2\repository\org\hibernate\hibernate-core\5.6.15.Final\hibernate-core-5.6.15.Final.jar;C:\Users\LENOVO\.m2\repository\org\hibernate\common\hibernate-commons-annotations\5.1.2.Final\hibernate-commons-annotations-5.1.2.Final.jar;C:\Users\LENOVO\.m2\repository\org\java-websocket\Java-WebSocket\1.5.3\Java-WebSocket-1.5.3.jar;C:\Users\LENOVO\.m2\repository\org\jboss\jandex\2.4.2.Final\jandex-2.4.2.Final.jar;C:\Users\LENOVO\.m2\repository\org\jboss\logging\jboss-logging\3.4.3.Final\jboss-logging-3.4.3.Final.jar;C:\Users\LENOVO\.m2\repository\org\jboss\spec\javax\transaction\jboss-transaction-api_1.2_spec\1.1.1.Final\jboss-transaction-api_1.2_spec-1.1.1.Final.jar;C:\Users\LENOVO\.m2\repository\org\jetbrains\annotations\13.0\annotations-13.0.jar;C:\Users\LENOVO\.m2\repository\org\jetbrains\kotlin\kotlin-stdlib\1.8.21\kotlin-stdlib-1.8.21.jar;C:\Users\LENOVO\.m2\repository\org\jetbrains\kotlin\kotlin-stdlib-common\1.9.10\kotlin-stdlib-common-1.9.10.jar;C:\Users\LENOVO\.m2\repository\org\jetbrains\kotlin\kotlin-stdlib-jdk7\1.8.21\kotlin-stdlib-jdk7-1.8.21.jar;C:\Users\LENOVO\.m2\repository\org\jetbrains\kotlin\kotlin-stdlib-jdk8\1.8.21\kotlin-stdlib-jdk8-1.8.21.jar;C:\Users\LENOVO\.m2\repository\org\json\json\20231013\json-20231013.jar;C:\Users\LENOVO\.m2\repository\org\jvnet\staxex\stax-ex\1.8\stax-ex-1.8.jar;C:\Users\LENOVO\.m2\repository\org\mariadb\jdbc\mariadb-java-client\3.3.3\mariadb-java-client-3.3.3.jar;C:\Users\LENOVO\.m2\repository\org\slf4j\jcl-over-slf4j\2.0.7\jcl-over-slf4j-2.0.7.jar;C:\Users\LENOVO\.m2\repository\org\slf4j\slf4j-api\1.7.31\slf4j-api-1.7.31.jar;C:\Users\LENOVO\.m2\repository\org\slf4j\slf4j-simple\1.7.36\slf4j-simple-1.7.36.jar
Launcher Type: SUN_STANDARD

[Global flags]
     intx CICompilerCount                          = 4                                         {product} {ergonomic}
     uint ConcGCThreads                            = 3                                         {product} {ergonomic}
     uint G1ConcRefinementThreads                  = 10                                        {product} {ergonomic}
   size_t G1HeapRegionSize                         = 2097152                                   {product} {ergonomic}
    uintx GCDrainStackTargetSize                   = 64                                        {product} {ergonomic}
   size_t InitialHeapSize                          = 232783872                                 {product} {ergonomic}
   size_t MarkStackSize                            = 4194304                                   {product} {ergonomic}
   size_t MaxHeapSize                              = 3720347648                                {product} {ergonomic}
   size_t MaxNewSize                               = 2231369728                                {product} {ergonomic}
   size_t MinHeapDeltaBytes                        = 2097152                                   {product} {ergonomic}
   size_t MinHeapSize                              = 8388608                                   {product} {ergonomic}
    uintx NonNMethodCodeHeapSize                   = 5839372                                {pd product} {ergonomic}
    uintx NonProfiledCodeHeapSize                  = 122909434                              {pd product} {ergonomic}
    uintx ProfiledCodeHeapSize                     = 122909434                              {pd product} {ergonomic}
    uintx ReservedCodeCacheSize                    = 251658240                              {pd product} {ergonomic}
     bool SegmentedCodeCache                       = true                                      {product} {ergonomic}
   size_t SoftMaxHeapSize                          = 3720347648                             {manageable} {ergonomic}
     bool UseCompressedOops                        = true                           {product lp64_product} {ergonomic}
     bool UseG1GC                                  = true                                      {product} {ergonomic}
     bool UseLargePagesIndividualAllocation        = false                                  {pd product} {ergonomic}

Logging:
Log output configuration:
 #0: stdout all=warning uptime,level,tags foldmultilines=false
 #1: stderr all=off uptime,level,tags foldmultilines=false

Release file:
IMPLEMENTOR="Eclipse Adoptium" 
IMPLEMENTOR_VERSION="Temurin-21.0.11+10" 
JAVA_RUNTIME_VERSION="21.0.11+10-LTS" 
JAVA_VERSION="21.0.11" 
JAVA_VERSION_DATE="2026-04-21" 
LIBC="default" 
MODULES="java.base java.compiler java.datatransfer java.xml java.prefs java.desktop java.instrument java.logging java.management java.security.sasl java.naming java.rmi java.management.rmi java.net.http java.scripting java.security.jgss java.transaction.xa java.sql java.sql.rowset java.xml.crypto java.se java.smartcardio jdk.accessibility jdk.internal.jvmstat jdk.attach jdk.charsets jdk.internal.opt jdk.zipfs jdk.compiler jdk.crypto.ec jdk.crypto.cryptoki jdk.crypto.mscapi jdk.dynalink jdk.internal.ed jdk.editpad jdk.hotspot.agent jdk.httpserver jdk.incubator.vector jdk.internal.le jdk.internal.vm.ci jdk.internal.vm.compiler jdk.internal.vm.compiler.management jdk.jartool jdk.javadoc jdk.jcmd jdk.management jdk.management.agent jdk.jconsole jdk.jdeps jdk.jdwp.agent jdk.jdi jdk.jfr jdk.jlink jdk.jpackage jdk.jshell jdk.jsobject jdk.jstatd jdk.localedata jdk.management.jfr jdk.naming.dns jdk.naming.rmi jdk.net jdk.nio.mapmode jdk.random jdk.sctp jdk.security.auth jdk.security.jgss jdk.unsupported jdk.unsupported.desktop jdk.xml.dom" 
OS_ARCH="x86_64" 
OS_NAME="Windows" 
SOURCE=".:git:254494ad7d75" 
BUILD_SOURCE="git:a612825ee82a20ac872d60958c349854c1f29a8e"
BUILD_SOURCE_REPO="https://github.com/adoptium/temurin-build.git"
SOURCE_REPO="https://github.com/adoptium/jdk21u.git"
FULL_VERSION="21.0.11+10-LTS"
SEMANTIC_VERSION="21.0.11+10"
BUILD_INFO="OS: Windows Server 2022 Version: 10.0"
JVM_VARIANT="Hotspot"
JVM_VERSION="21.0.11+10-LTS"
IMAGE_TYPE="JDK"

Environment Variables:
JAVA_HOME=C:\Program Files\Eclipse Adoptium\jdk-21.0.11.10-hotspot
PATH=C:\oraclexe\app\oracle\product\11.2.0\server\bin;;C:\Program Files (x86)\VMware\VMware Workstation\bin\;C:\Program Files\Common Files\Oracle\Java\javapath;C:\ProgramData\Oracle\Java\javapath;C:\Windows\system32;C:\Windows;C:\Windows\System32\Wbem;C:\Windows\System32\WindowsPowerShell\v1.0\;C:\Windows\System32\OpenSSH\;C:\Program Files (x86)\NVIDIA Corporation\PhysX\Common;C:\Program Files\NVIDIA Corporation\NVIDIA NvDLISR;C:\Program Files (x86)\dotnet\;C:\WINDOWS\system32;C:\WINDOWS;C:\WINDOWS\System32\Wbem;C:\WINDOWS\System32\WindowsPowerShell\v1.0\;C:\WINDOWS\System32\OpenSSH\;C:\php-8.3.2-;C:\Program Files\Git\cmd;C:\Program Files\nodejs\;C:\sqlite;C:\Program Files (x86)\Git\cmd;C:\Users\LENOVO\AppData\Local\Android\Sdk\platform-tools;C:\Users\LENOVO\AppData\Local\Android\Sdk\emulator;C:\Users\LENOVO\AppData\Local\Android\Sdk\tools;C:\Users\LENOVO\AppData\Local\Android\Sdk\tools\bin;C:\ProgramData\ComposerSetup\bin;C:\Program Files (x86)\Microsoft SQL Server\150\Tools\Binn\;C:\Program Files\Microsoft SQL Server\150\Tools\Binn\;C:\Program Files (x86)\Microsoft SQL Server\150\DTS\Binn\;C:\Program Files\Microsoft SQL Server\150\DTS\Binn\;C:\Program Files\Microsoft SQL Server\Client SDK\ODBC\170\Tools\Binn\;C:\Program Files (x86)\Microsoft SQL Server\160\DTS\Binn\;C:\Program Files\Docker\Docker\resources\bin;C:\Users\LENOVO\scoop\shims;C:\Users\LENOVO\AppData\Local\Programs\Python\Python312\Scripts\;C:\Users\LENOVO\AppData\Local\Programs\Python\Python312\;C:\Users\LENOVO\AppData\Local\Programs\Python\Launcher\;C:\Users\LENOVO\AppData\Local\Microsoft\WindowsApps;C:\Users\LENOVO\AppData\Local\Programs\Microsoft VS Code\bin;C:\Users\LENOVO\AppData\Roaming\npm;C:\Users\LENOVO\AppData\Roaming\Composer\vendor\bin;C:\Users\LENOVO\AppData\Local\Google\Cloud SDK\google-cloud-sdk\bin;C:\xampp\php;C:\Users\LENOVO\AppData\Local\Programs\cursor\resources\app\bin;
USERNAME=LENOVO
OS=Windows_NT
PROCESSOR_IDENTIFIER=AMD64 Family 25 Model 80 Stepping 0, AuthenticAMD
TMP=C:\Users\LENOVO\AppData\Local\Temp
TEMP=C:\Users\LENOVO\AppData\Local\Temp




Periodic native trim disabled

---------------  S Y S T E M  ---------------

OS:
 Windows 11 , 64 bit Build 26100 (10.0.26100.8246)
OS uptime: 1 days 6:56 hours
Hyper-V role detected

CPU: total 12 (initial active 12) (12 cores per cpu, 2 threads per core) family 25 model 80 stepping 0 microcode 0xa50000c, cx8, cmov, fxsr, ht, mmx, 3dnowpref, sse, sse2, sse3, ssse3, sse4a, sse4.1, sse4.2, popcnt, lzcnt, tsc, tscinvbit, avx, avx2, aes, erms, clmul, bmi1, bmi2, adx, sha, fma, vzeroupper, clflush, clflushopt, hv, rdtscp, rdpid, fsrm, f16c, cet_ss
Processor Information for processor 0
  Max Mhz: 3301, Current Mhz: 3301, Mhz Limit: 3301
Processor Information for processor 1
  Max Mhz: 3301, Current Mhz: 3301, Mhz Limit: 3301
Processor Information for processor 2
  Max Mhz: 3301, Current Mhz: 3301, Mhz Limit: 3301
Processor Information for processor 3
  Max Mhz: 3301, Current Mhz: 3301, Mhz Limit: 3301
Processor Information for processor 4
  Max Mhz: 3301, Current Mhz: 3301, Mhz Limit: 3301
Processor Information for processor 5
  Max Mhz: 3301, Current Mhz: 1805, Mhz Limit: 3301
Processor Information for processor 6
  Max Mhz: 3301, Current Mhz: 3301, Mhz Limit: 3301
Processor Information for processor 7
  Max Mhz: 3301, Current Mhz: 3301, Mhz Limit: 3301
Processor Information for processor 8
  Max Mhz: 3301, Current Mhz: 3301, Mhz Limit: 3301
Processor Information for processor 9
  Max Mhz: 3301, Current Mhz: 1805, Mhz Limit: 3301
Processor Information for processor 10
  Max Mhz: 3301, Current Mhz: 3301, Mhz Limit: 3301
Processor Information for processor 11
  Max Mhz: 3301, Current Mhz: 1805, Mhz Limit: 3301

Memory: 4k page, system-wide physical 14188M (327M free)
TotalPageFile size 46876M (AvailPageFile size 12M)
current process WorkingSet (physical memory assigned to process): 882M, peak: 1003M
current process commit charge ("private bytes"): 1831M, peak: 1831M

vm_info: OpenJDK 64-Bit Server VM (21.0.11+10-LTS) for windows-amd64 JRE (21.0.11+10-LTS), built on 2026-04-21T00:00:00Z by "admin" with MS VC++ 17.12 (VS2022)

END.
